Date,DGS3MO,3MO-MonthlyR,3MO-CumR,DGS1,1-MonthlyR,1-CumR,DGS3,3-MonthlyR,3-CumR,DGS5,5-MonthlyR,5-CumR,DGS7,7-MonthlyR,7-CumR,DGS10,10-MonthlyR,10-CumR,DGS20,20-MonthlyR,20-CumR,DGS30,30-MonthlyR,30-CumR
1961-12-31,,,,3.22,,100.000,3.7,,100.000,3.88,,100.000,,,,4.06,,100.000,,,,,,
1962-01-31,,,,3.29,-0.0032,99.680,3.81,-0.0059,99.407,3.99,-0.0057,99.430,,,,4.1,0.0002,100.015,,,,,,
1962-02-28,,,,3.21,0.0095,100.626,3.53,0.0264,102.034,3.77,0.0214,101.556,,,,4,0.0115,101.169,,,,,,
1962-03-31,,,,2.97,0.0232,102.957,3.39,0.0146,103.529,3.61,0.0164,103.220,,,,3.86,0.0148,102.664,,,,,,
1962-04-30,,,,3.07,-0.0060,102.337,3.47,-0.0038,103.132,3.64,0.0005,103.274,,,,3.86,0.0032,102.994,,,,,,
1962-05-31,,,,2.99,0.0094,103.297,3.36,0.0121,104.380,3.66,0.0014,103.417,,,,3.9,0.0000,102.989,,,,,,
1962-06-30,,,,3.2,-0.0152,101.723,3.56,-0.0138,102.941,3.76,-0.0052,102.883,,,,4,-0.0049,102.488,,,,,,
1962-07-31,,,,3.33,-0.0082,100.886,3.62,-0.0020,102.735,3.82,-0.0018,102.700,,,,4.04,0.0001,102.497,,,,,,
1962-08-31,,,,3.14,0.0189,102.788,3.42,0.0197,104.761,3.66,0.0164,104.383,,,,3.96,0.0099,103.509,,,,,,
1962-09-30,,,,3.02,0.0128,104.107,3.35,0.0087,105.674,3.66,0.0031,104.701,,,,3.94,0.0049,104.020,,,,,,
1962-10-31,,,,2.97,0.0068,104.814,3.36,0.0020,105.881,3.64,0.0047,105.194,,,,3.92,0.0049,104.531,,,,,,
1962-11-30,,,,3.02,-0.0018,104.627,3.41,-0.0014,105.735,3.59,0.0072,105.948,,,,3.92,0.0033,104.872,,,,,,
1962-12-31,,,,3.05,0.0000,104.623,3.4,0.0037,106.124,3.56,0.0055,106.529,,,,3.85,0.0090,105.815,,,,,,
1963-01-31,,,,3.03,0.0042,105.067,3.41,0.0020,106.336,3.65,-0.0045,106.053,,,,3.87,0.0016,105.982,,,,,,
1963-02-28,,,,3.02,0.0034,105.422,3.42,0.0020,106.549,3.68,0.0006,106.114,,,,3.94,-0.0025,105.719,,,,,,
1963-03-31,,,,3.09,-0.0034,105.061,3.44,0.0012,106.675,3.71,0.0006,106.177,,,,3.95,0.0025,105.980,,,,,,
1963-04-30,,,,3.11,0.0009,105.153,3.54,-0.0054,106.095,3.73,0.0014,106.330,,,,3.95,0.0033,106.329,,,,,,
1963-05-31,,,,3.2,-0.0050,104.627,3.59,-0.0012,105.969,3.78,-0.0010,106.225,,,,3.96,0.0025,106.593,,,,,,
1963-06-30,,,,3.19,0.0035,104.995,3.61,0.0013,106.110,3.82,-0.0001,106.211,,,,4,0.0001,106.598,,,,,,
1963-07-31,,,,3.5,-0.0231,102.566,3.77,-0.0101,105.036,3.88,-0.0017,106.029,,,,4,0.0033,106.954,,,,,,
1963-08-31,,,,3.59,-0.0045,102.101,3.81,-0.0001,105.021,3.93,-0.0008,105.940,,,,4.02,0.0017,107.137,,,,,,
1963-09-30,,,,3.59,0.0030,102.406,3.82,0.0024,105.269,3.94,0.0025,106.201,,,,4.07,-0.0007,107.062,,,,,,
1963-10-31,,,,3.68,-0.0044,101.953,3.92,-0.0050,104.746,4.01,-0.0024,105.946,,,,4.15,-0.0031,106.735,,,,,,
1963-11-30,,,,3.74,-0.0019,101.763,3.94,0.0016,104.917,3.99,0.0050,106.472,,,,4.08,0.0091,107.708,,,,,,
1963-12-31,,,,3.83,-0.0043,101.330,4.05,-0.0056,104.327,4.06,-0.0023,106.223,,,,4.14,-0.0014,107.553,,,,,,
1964-01-31,,,,3.76,0.0089,102.236,4,0.0074,105.103,4.03,0.0058,106.840,,,,4.15,0.0026,107.837,,,,,,
1964-02-29,,,,3.91,-0.0091,101.306,4.07,-0.0023,104.858,4.10,-0.0023,106.595,,,,4.18,0.0010,107.950,,,,,,
1964-03-31,,,,3.94,0.0008,101.388,4.16,-0.0039,104.453,4.16,-0.0014,106.444,,,,4.23,-0.0005,107.892,,,,,,
1964-04-30,,,,3.84,0.0115,102.551,4.1,0.0083,105.321,4.13,0.0059,107.070,,,,4.22,0.0043,108.359,,,,,,
1964-05-31,,,,3.84,0.0032,102.879,4.03,0.0091,106.279,4.03,0.0116,108.307,,,,4.19,0.0059,109.002,,,,,,
1964-06-30,,,,3.78,0.0081,103.715,3.95,0.0099,107.328,4.01,0.0050,108.847,,,,4.15,0.0067,109.734,,,,,,
1964-07-31,,,,3.69,0.0106,104.811,3.92,0.0057,107.944,4.04,0.0009,108.946,,,,4.19,0.0002,109.760,,,,,,
1964-08-31,,,,3.81,-0.0068,104.102,3.96,0.0000,107.945,4.07,0.0009,109.048,,,,4.21,0.0019,109.967,,,,,,
1964-09-30,,,,3.84,0.0007,104.177,4.01,-0.0008,107.863,4.05,0.0050,109.594,,,,4.18,0.0059,110.619,,,,,,
1964-10-31,,,,3.86,0.0016,104.340,4.01,0.0033,108.224,4.05,0.0034,109.964,,,,4.16,0.0051,111.182,,,,,,
1964-11-30,,,,4.1,-0.0162,102.652,4.16,-0.0087,107.277,4.13,-0.0031,109.625,,,,4.2,0.0002,111.210,,,,,,
1964-12-31,,,,3.99,0.0124,103.920,4.06,0.0116,108.518,4.12,0.0042,110.091,,,,4.21,0.0027,111.510,,,,,,
1965-01-31,,,,3.96,0.0058,104.520,4.04,0.0050,109.061,4.11,0.0042,110.558,,,,4.19,0.0051,112.080,,,,,,
1965-02-28,,,,4.09,-0.0072,103.766,4.12,-0.0031,108.723,4.16,-0.0006,110.491,,,,4.22,0.0011,112.202,,,,,,
1965-03-31,,,,4.03,0.0083,104.624,4.11,0.0042,109.185,4.14,0.0051,111.053,,,,4.2,0.0051,112.777,,,,,,
1965-04-30,,,,4.04,0.0025,104.891,4.12,0.0026,109.470,4.16,0.0018,111.257,,,,4.21,0.0027,113.081,,,,,,
1965-05-31,,,,4.04,0.0034,105.244,4.1,0.0050,110.023,4.15,0.0043,111.732,,,,4.23,0.0019,113.296,,,,,,
1965-06-30,,,,3.96,0.0099,106.283,4.06,0.0067,110.755,4.14,0.0043,112.209,,,,4.2,0.0059,113.969,,,,,,
1965-07-31,,,,4.02,-0.0016,106.117,4.11,-0.0007,110.683,4.18,0.0002,112.235,,,,4.22,0.0019,114.184,,,,,,
1965-08-31,,,,4.13,-0.0055,105.530,4.21,-0.0046,110.172,4.22,0.0003,112.265,,,,4.27,-0.0005,114.128,,,,,,
1965-09-30,,,,4.36,-0.0149,103.956,4.33,-0.0061,109.502,4.33,-0.0053,111.672,,,,4.35,-0.0028,113.805,,,,,,
1965-10-31,,,,4.33,0.0060,104.583,4.38,-0.0004,109.460,4.40,-0.0020,111.453,,,,4.41,-0.0012,113.674,,,,,,
1965-11-30,,,,4.4,-0.0020,104.377,4.49,-0.0051,108.905,4.47,-0.0019,111.242,,,,4.48,-0.0019,113.460,,,,,,
1965-12-31,,,,4.96,-0.0398,100.225,5,-0.0358,105.011,4.88,-0.0282,108.104,,,,4.65,-0.0097,112.365,,,,,,
1966-01-31,,,,4.89,0.0096,101.185,4.98,0.0057,105.611,4.98,-0.0037,107.706,,,,4.69,0.0007,112.448,,,,,,
1966-02-28,,,,5.01,-0.0052,100.658,5.06,-0.0020,105.397,5.03,0.0003,107.736,,,,5.02,-0.0216,110.016,,,,,,
1966-03-31,,,,4.9,0.0127,101.940,4.89,0.0175,107.236,4.84,0.0190,109.785,,,,4.71,0.0285,113.154,,,,,,
1966-04-30,,,,4.91,0.0033,102.277,4.97,-0.0021,107.008,4.85,0.0033,110.142,,,,4.79,-0.0023,112.890,,,,,,
1966-05-31,,,,5.04,-0.0060,101.667,5.1,-0.0059,106.379,5.00,-0.0076,109.308,,,,4.8,0.0032,113.252,,,,,,
1966-06-30,,,,5.05,0.0034,102.016,5.22,-0.0049,105.853,5.09,-0.0028,109.005,,,,4.97,-0.0092,112.212,,,,,,
1966-07-31,,,,5.24,-0.0103,100.961,5.32,-0.0033,105.506,5.26,-0.0088,108.049,,,,5.05,-0.0020,111.983,,,,,,
1966-08-31,,,,5.84,-0.0403,96.890,5.87,-0.0365,101.657,5.68,-0.0271,105.118,,,,5.36,-0.0194,109.811,,,,,,
1966-09-30,,,,5.62,0.0214,98.965,5.54,0.0298,104.688,5.34,0.0306,108.340,,,,5.02,0.0308,113.190,,,,,,
1966-10-31,,,,5.5,0.0138,100.327,5.38,0.0168,106.446,5.22,0.0136,109.819,,,,4.97,0.0081,114.103,,,,,,
1966-11-30,,,,5.45,0.0084,101.168,5.48,-0.0031,106.117,5.28,-0.0002,109.793,,,,5.12,-0.0074,113.257,,,,,,
1966-12-31,,,,5,0.0394,105.153,4.94,0.0465,111.052,4.80,0.0419,114.396,,,,4.64,0.0421,118.022,,,,,,
1967-01-31,,,,4.62,0.0341,108.741,4.63,0.0285,114.222,4.67,0.0142,116.023,,,,4.52,0.0134,119.601,,,,,,
1967-02-28,,,,4.76,-0.0071,107.967,4.79,-0.0087,113.233,4.78,-0.0047,115.476,,,,4.72,-0.0119,118.174,,,,,,
1967-03-31,,,,4.13,0.0548,113.885,4.3,0.0432,118.126,4.42,0.0326,119.244,,,,4.5,0.0214,120.700,,,,,,
1967-04-30,,,,4.14,0.0026,114.185,4.57,-0.0178,116.029,4.72,-0.0199,116.876,,,,4.78,-0.0182,118.508,,,,,,
1967-05-31,,,,4.18,0.0002,114.211,4.58,0.0030,116.379,4.72,0.0039,117.336,,,,4.81,0.0016,118.703,,,,,,
1967-06-30,,,,4.97,-0.0578,107.612,5.1,-0.0363,112.159,5.35,-0.0441,112.166,,,,5.22,-0.0274,115.448,,,,,,
1967-07-31,,,,5.05,-0.0020,107.392,5.02,0.0104,113.330,5.12,0.0222,114.653,,,,5.16,0.0090,116.483,,,,,,
1967-08-31,,,,5.2,-0.0073,106.608,5.36,-0.0217,110.870,5.34,-0.0125,113.219,,,,5.27,-0.0041,116.004,,,,,,
1967-09-30,,,,5.27,-0.0010,106.499,5.39,0.0022,111.112,5.38,0.0014,113.378,,,,5.31,0.0013,116.159,,,,,,
1967-10-31,,,,5.47,-0.0108,105.353,5.63,-0.0136,109.606,5.72,-0.0210,111.000,,,,5.64,-0.0204,113.792,,,,,,
1967-11-30,,,,5.65,-0.0090,104.409,5.69,0.0002,109.627,5.77,0.0010,111.114,,,,5.74,-0.0028,113.475,,,,,,
1967-12-31,,,,5.76,-0.0035,104.042,5.8,-0.0035,109.247,5.78,0.0041,111.566,,,,5.7,0.0078,114.358,,,,,,
1968-01-31,,,,5.36,0.0353,107.710,5.52,0.0260,112.087,5.55,0.0222,114.040,,,,5.54,0.0168,116.283,,,,,,
1968-02-29,,,,5.43,-0.0008,107.619,5.65,-0.0052,111.508,5.57,0.0031,114.395,,,,5.56,0.0031,116.644,,,,,,
1968-03-31,,,,5.59,-0.0075,106.809,5.79,-0.0057,110.867,5.76,-0.0096,113.301,,,,5.76,-0.0103,115.441,,,,,,
1968-04-30,,,,6,-0.0257,104.069,6,-0.0107,109.681,5.96,-0.0100,112.167,,,,5.74,0.0063,116.168,,,,,,
1968-05-31,,,,6.06,0.0006,104.129,5.94,0.0094,110.717,5.97,0.0042,112.641,,,,5.86,-0.0041,115.686,,,,,,
1968-06-30,,,,5.91,0.0162,105.814,5.78,0.0169,112.588,5.79,0.0184,114.715,,,,5.64,0.0214,118.164,,,,,,
1968-07-31,,,,5.5,0.0359,109.618,5.48,0.0275,115.688,5.50,0.0268,117.785,,,,5.39,0.0237,120.966,,,,,,
1968-08-31,,,,5.43,0.0099,110.703,5.36,0.0137,117.274,5.48,0.0061,118.504,,,,5.42,0.0022,121.234,,,,,,
1968-09-30,,,,5.44,0.0038,111.120,5.43,-0.0008,117.175,5.48,0.0046,119.045,,,,5.49,-0.0008,121.139,,,,,,
1968-10-31,,,,5.66,-0.0120,109.787,5.55,-0.0045,116.643,5.57,-0.0022,118.780,,,,5.61,-0.0045,120.599,,,,,,
1968-11-30,,,,5.78,-0.0042,109.321,5.62,-0.0006,116.569,5.72,-0.0066,117.997,,,,5.78,-0.0080,119.632,,,,,,
1968-12-31,,,,6.46,-0.0444,104.466,6.37,-0.0498,110.759,6.33,-0.0397,113.318,,,,6.16,-0.0231,116.872,,,,,,
1969-01-31,,,,6.41,0.0090,105.408,6.26,0.0133,112.237,6.30,0.0075,114.164,,,,6.19,0.0029,117.215,,,,,,
1969-02-28,,,,6.47,0.0010,105.513,6.5,-0.0121,110.876,6.44,-0.0049,113.605,,,,6.26,0.0000,117.220,,,,,,
1969-03-31,,,,6.27,0.0200,107.623,6.28,0.0215,113.257,6.36,0.0112,114.876,,,,6.3,0.0023,117.489,,,,,,
1969-04-30,,,,6.26,0.0060,108.264,6.32,0.0023,113.520,6.37,0.0046,115.401,,,,6.2,0.0126,118.967,,,,,,
1969-05-31,,,,6.64,-0.0221,105.874,6.7,-0.0219,111.029,6.69,-0.0176,113.368,,,,6.56,-0.0208,116.495,,,,,,
1969-06-30,,,,7.58,-0.0592,99.609,7.21,-0.0301,107.686,6.98,-0.0149,111.675,,,,6.73,-0.0067,115.716,,,,,,
1969-07-31,,,,7.57,0.0070,100.307,7.3,-0.0003,107.657,6.98,0.0058,112.325,6.71,,100.000,6.66,0.0106,116.946,,,,,,
1969-08-31,,,,7.64,0.0015,100.457,7.37,0.0012,107.788,7.13,-0.0047,111.795,6.97,-0.0128,98.720,6.83,-0.0066,116.179,,,,,,
1969-09-30,,,,8.01,-0.0186,98.586,8.13,-0.0449,102.946,8.02,-0.0541,105.741,7.73,-0.0462,94.162,7.51,-0.0413,111.385,,,,,,
1969-10-31,,,,7.58,0.0363,102.163,7.41,0.0567,108.785,7.33,0.0547,111.527,6.99,0.0587,99.694,6.94,0.0466,116.580,,,,,,
1969-11-30,,,,8.04,-0.0247,99.638,7.67,-0.0117,107.517,7.61,-0.0131,110.061,7.22,-0.0103,98.671,7.29,-0.0186,114.408,,,,,,
1969-12-31,,,,8.32,-0.0120,98.446,8.41,-0.0427,102.923,8.22,-0.0345,106.266,7.66,-0.0242,96.286,7.88,-0.0340,110.518,,,,,,
1970-01-31,,,,8.15,0.0183,100.252,8.27,0.0164,104.607,8.27,0.0035,106.639,7.9,-0.0099,95.332,7.75,0.0154,112.225,,,,,,
1970-02-28,,,,7.11,0.0799,108.263,7.27,0.0767,112.629,7.31,0.0738,114.507,7.1,0.0628,101.324,6.9,0.0668,119.720,,,,,,
1970-03-31,,,,6.9,0.0208,110.518,7.13,0.0159,114.419,7.24,0.0110,115.764,7.16,0.0017,101.497,7.08,-0.0069,118.891,,,,,,
1970-04-30,,,,7.72,-0.0504,104.953,7.89,-0.0457,109.194,7.95,-0.0421,110.896,7.93,-0.0462,96.805,7.82,-0.0445,113.600,,,,,,
1970-05-31,,,,7.65,0.0112,106.133,7.84,0.0100,110.284,7.83,0.0148,112.537,7.82,0.0141,98.170,7.95,-0.0023,113.340,,,,,,
1970-06-30,,,,7.4,0.0237,108.651,7.77,0.0113,111.531,7.77,0.0106,113.732,7.76,0.0106,99.212,7.68,0.0251,116.188,,,,,,
1970-07-31,,,,7,0.0344,112.391,7.51,0.0244,114.256,7.58,0.0196,115.956,7.57,0.0196,101.152,7.38,0.0272,119.353,,,,,,
1970-08-31,,,,6.84,0.0172,114.326,7.36,0.0167,116.162,7.45,0.0153,117.732,7.51,0.0105,102.209,7.49,-0.0015,119.179,,,,,,
1970-09-30,,,,6.58,0.0244,117.118,6.97,0.0337,120.080,7.18,0.0251,120.691,7.32,0.0195,104.201,7.29,0.0202,121.585,,,,,,
1970-10-31,,,,6.29,0.0266,120.238,6.85,0.0143,121.802,7.04,0.0159,122.605,7.22,0.0131,105.566,7.33,0.0033,121.986,,,,,,
1970-11-30,,,,5.06,0.1002,132.289,5.72,0.0903,132.805,5.99,0.0835,132.846,6.38,0.0670,112.644,6.49,0.0668,130.139,,,,,,
1970-12-31,,,,4.94,0.0135,134.080,5.84,-0.0042,132.251,5.98,0.0057,133.607,6.25,0.0148,114.313,6.5,0.0047,130.748,,,,,,
1971-01-31,,,,4.23,0.0611,142.278,5.34,0.0430,137.935,5.78,0.0199,136.269,6.07,0.0185,116.425,6.09,0.0356,135.404,,,,,,
1971-02-28,,,,3.69,0.0480,149.112,4.84,0.0435,143.930,5.36,0.0368,141.284,5.78,0.0267,119.535,6.14,0.0014,135.593,,,,,,
1971-03-31,,,,3.92,-0.0157,146.775,4.56,0.0262,147.697,5.06,0.0276,145.188,5.36,0.0368,123.934,5.53,0.0512,142.536,,,,,,
1971-04-30,,,,4.77,-0.0633,137.487,5.76,-0.0859,135.010,6.08,-0.0709,134.892,6.17,-0.0550,117.123,6.08,-0.0359,137.418,,,,,,
1971-05-31,,,,5.13,-0.0237,134.224,5.91,-0.0063,134.154,6.24,-0.0066,133.997,6.4,-0.0116,115.770,6.38,-0.0167,135.119,,,,,,
1971-06-30,,,,6.24,-0.0769,123.903,6.77,-0.0565,126.579,6.86,-0.0389,128.787,6.93,-0.0322,112.039,6.7,-0.0176,132.741,,,,,,
1971-07-31,,,,6.18,0.0096,125.093,6.83,0.0014,126.752,6.96,-0.0014,128.612,6.99,0.0015,112.211,6.85,-0.0051,132.066,,,,,,
1971-08-31,,,,5.28,0.0739,134.342,5.81,0.0818,137.116,6.07,0.0714,137.793,6.22,0.0622,119.188,6.28,0.0473,138.315,,,,,,
1971-09-30,,,,5.27,0.0052,135.036,5.77,0.0078,138.190,6.06,0.0058,138.592,6.1,0.0140,120.859,6,0.0259,141.902,,,,,,
1971-10-31,,,,4.64,0.0540,142.330,5.3,0.0407,143.814,5.78,0.0260,142.190,5.88,0.0214,123.450,5.87,0.0147,143.983,,,,,,
1971-11-30,,,,4.76,-0.0055,141.543,5.39,-0.0024,143.465,5.84,0.0003,142.239,6.05,-0.0076,122.507,5.93,0.0004,144.047,,,,,,
1971-12-31,,,,4.46,0.0278,145.477,5.15,0.0229,146.757,5.50,0.0306,146.590,5.85,0.0199,124.948,5.89,0.0079,145.187,,,,,,
1972-01-31,,,,4.36,0.0117,147.179,5.32,-0.0087,145.484,5.75,-0.0141,144.522,6.05,-0.0099,123.714,6.09,-0.0098,143.762,,,,,,
1972-02-29,,,,4.34,0.0052,147.949,5.27,0.0083,146.685,5.68,0.0100,145.973,5.95,0.0125,125.255,6.04,0.0088,145.022,,,,,,
1972-03-31,,,,5.11,-0.0557,139.707,5.86,-0.0395,140.889,6.10,-0.0262,142.152,6.16,-0.0105,123.945,6.12,-0.0008,144.899,,,,,,
1972-04-30,,,,4.61,0.0437,145.812,5.58,0.0260,144.551,5.89,0.0207,145.093,6.08,0.0110,125.312,6.14,0.0036,145.425,,,,,,
1972-05-31,,,,4.64,0.0015,146.028,5.46,0.0137,146.538,5.79,0.0124,146.888,6,0.0110,126.688,6.05,0.0118,147.134,,,,,,
1972-06-30,,,,5.15,-0.0354,140.865,5.8,-0.0208,143.487,6.00,-0.0107,145.316,6.13,-0.0046,126.111,6.15,-0.0023,146.796,,,,,,
1972-07-31,,,,4.82,0.0301,145.100,5.75,0.0086,144.717,5.98,0.0065,146.258,6.11,0.0066,126.941,6.12,0.0073,147.872,,,,,,
1972-08-31,,,,5.4,-0.0401,139.286,6,-0.0137,142.736,6.21,-0.0119,144.524,6.36,-0.0131,125.279,6.42,-0.0167,145.408,,,,,,
1972-09-30,,,,5.61,-0.0113,137.711,6.04,0.0020,143.028,6.18,0.0074,145.589,6.34,0.0068,126.125,6.54,-0.0033,144.928,,,,,,
1972-10-31,,,,5.44,0.0176,140.131,6.05,0.0043,143.643,6.20,0.0037,146.126,6.32,0.0067,126.976,6.41,0.0149,147.085,,,,,,
1972-11-30,,,,5.35,0.0114,141.727,5.96,0.0117,145.324,6.12,0.0110,147.740,6.17,0.0163,129.042,6.28,0.0148,149.266,,,,,,
1972-12-31,,,,5.68,-0.0203,138.850,6.14,-0.0083,144.125,6.26,-0.0051,146.983,6.29,-0.0036,128.575,6.41,-0.0042,148.639,,,,,,
1973-01-31,,,,6.09,-0.0255,135.316,6.44,-0.0166,141.729,6.45,-0.0085,145.727,6.43,-0.0049,127.944,6.54,-0.0040,148.039,,,,,,
1973-02-28,,,,6.43,-0.0196,132.667,6.74,-0.0161,139.450,6.73,-0.0146,143.592,6.68,-0.0126,126.337,6.64,-0.0017,147.783,,,,,,
1973-03-31,,,,7.09,-0.0411,127.217,6.89,-0.0050,138.749,6.81,-0.0001,143.579,6.76,-0.0001,126.319,6.73,-0.0009,147.650,,,,,,
1973-04-30,,,,6.8,0.0266,130.599,6.81,0.0114,140.336,6.73,0.0114,145.215,6.75,0.0063,127.121,6.7,0.0078,148.795,,,,,,
1973-05-31,,,,7.16,-0.0196,128.041,6.85,0.0028,140.733,6.78,0.0020,145.512,6.86,-0.0022,126.841,6.93,-0.0107,147.200,,,,,,
1973-06-30,,,,7.74,-0.0337,123.729,7.07,-0.0098,139.356,6.90,-0.0029,145.094,6.92,0.0015,127.027,6.94,0.0051,147.946,,,,,,
1973-07-31,,,,8.87,-0.0671,115.430,8.02,-0.0583,131.238,7.87,-0.0602,136.363,7.65,-0.0443,121.395,7.43,-0.0282,143.778,,,,,,
1973-08-31,,,,8.47,0.0339,119.340,7.46,0.0454,137.202,7.28,0.0477,142.871,7.22,0.0365,125.821,7.25,0.0188,146.476,,,,,,
1973-09-30,,,,7.5,0.0741,128.180,6.79,0.0540,144.611,6.72,0.0461,149.462,6.79,0.0367,130.437,6.9,0.0309,150.999,,,,,,
1973-10-31,,,,7.21,0.0265,131.582,6.82,0.0035,145.121,6.80,-0.0001,149.446,6.83,0.0028,130.803,6.71,0.0193,153.921,,,,,,
1973-11-30,,,,7.28,0.0011,131.730,6.79,0.0078,146.256,6.77,0.0078,150.613,6.77,0.0100,132.108,6.69,0.0070,155.002,,,,,,
1973-12-31,,,,7.3,0.0047,132.346,6.83,0.0028,146.667,6.83,0.0014,150.820,6.76,0.0064,132.948,6.9,-0.0093,153.556,,,,,,
1974-01-31,,,,7.12,0.0187,134.825,6.88,0.0021,146.981,6.91,0.0000,150.822,6.96,-0.0085,131.815,7,-0.0013,153.354,,,,,,
1974-02-28,,,,7.16,0.0031,135.247,6.94,0.0015,147.199,6.98,0.0008,150.944,7.03,0.0009,131.928,7.01,0.0051,154.141,,,,,,
1974-03-31,,,,8.36,-0.0739,125.258,7.81,-0.0535,139.323,7.65,-0.0402,144.881,7.59,-0.0327,127.617,7.41,-0.0219,150.764,,,,,,
1974-04-30,,,,8.99,-0.0338,121.022,8.31,-0.0268,135.586,8.21,-0.0311,140.372,7.97,-0.0194,125.143,7.66,-0.0110,149.110,,,,,,
1974-05-31,,,,8.71,0.0258,124.149,8.12,0.0197,138.256,8.06,0.0170,142.752,7.92,0.0100,126.399,7.52,0.0160,151.503,,,,,,
1974-06-30,,,,8.87,-0.0032,123.758,8.34,-0.0079,137.167,8.33,-0.0113,141.144,8.09,-0.0048,125.786,7.64,-0.0020,151.204,,,,,,
1974-07-31,,,,9,-0.0010,123.632,8.57,-0.0082,136.041,8.46,-0.0017,140.908,8.26,-0.0046,125.206,7.89,-0.0106,149.599,,,,,,
1974-08-31,,,,9.73,-0.0383,118.899,8.67,0.0006,136.119,8.63,-0.0041,140.327,8.44,-0.0050,124.574,8.11,-0.0082,148.370,,,,,,
1974-09-30,,,,8.21,0.1099,131.964,8.07,0.0476,142.605,8.05,0.0463,146.824,8.02,0.0354,128.982,7.94,0.0183,151.081,,,,,,
1974-10-31,,,,7.93,0.0258,135.371,7.96,0.0142,144.626,7.94,0.0142,148.903,7.84,0.0189,131.424,7.79,0.0168,153.627,,,,,,
1974-11-30,,,,7.66,0.0251,138.773,7.49,0.0391,150.284,7.56,0.0328,153.787,7.6,0.0230,134.453,7.64,0.0168,156.206,,,,,,
1974-12-31,,,,7.35,0.0279,142.651,7.34,0.0167,152.790,7.36,0.0202,156.894,7.34,0.0244,137.737,7.4,0.0230,159.802,,,,,,
1975-01-31,,,,6.36,0.0781,153.795,6.98,0.0316,157.614,7.34,0.0075,158.075,7.44,-0.0008,137.625,7.53,-0.0028,159.355,,,,,,
1975-02-28,,,,6.01,0.0312,158.588,6.64,0.0302,162.379,7.13,0.0209,161.373,7.38,0.0104,139.052,7.46,0.0111,161.126,,,,,,
1975-03-31,,,,6.36,-0.0204,155.346,7.09,-0.0261,158.136,7.50,-0.0196,158.207,7.77,-0.0205,136.205,8.01,-0.0309,156.142,,,,,,
1975-04-30,,,,6.88,-0.0316,150.431,7.88,-0.0478,150.583,8.12,-0.0354,152.602,8.22,-0.0236,132.985,8.31,-0.0133,154.062,,,,,,
1975-05-31,,,,6.08,0.0647,160.159,7.22,0.0527,158.525,7.61,0.0418,158.986,7.84,0.0327,137.335,8.04,0.0251,157.935,,,,,,
1975-06-30,,,,6.85,-0.0497,152.198,7.49,-0.0126,156.520,7.82,-0.0080,157.720,7.88,0.0038,137.859,7.96,0.0121,159.848,,,,,,
1975-07-31,,,,7.38,-0.0311,147.464,7.94,-0.0242,152.725,8.07,-0.0103,156.091,8.14,-0.0109,136.357,8.2,-0.0094,158.338,,,,,,
1975-08-31,,,,7.56,-0.0063,146.542,8.01,0.0019,153.013,8.16,0.0007,156.198,8.17,0.0048,137.007,8.22,0.0055,159.208,,,,,,
1975-09-30,,,,7.83,-0.0121,144.772,8.36,-0.0166,150.472,8.42,-0.0105,154.566,8.45,-0.0117,135.398,8.48,-0.0104,157.560,,,,,,
1975-10-31,,,,6.27,0.1204,162.208,7.34,0.0779,162.200,7.66,0.0592,163.709,7.82,0.0500,142.162,7.91,0.0457,164.766,,,,,,
1975-11-30,,,,6.68,-0.0242,158.289,7.58,-0.0104,160.512,7.90,-0.0099,162.087,8.08,-0.0110,140.599,8.14,-0.0089,163.307,,,,,,
1975-12-31,,,,6.16,0.0437,165.211,7.1,0.0401,166.945,7.50,0.0342,167.633,7.68,0.0341,145.401,7.76,0.0327,168.653,,,,,,
1976-01-31,,,,5.65,0.0435,172.390,6.94,0.0173,169.825,7.43,0.0111,169.494,7.75,0.0016,145.636,7.8,0.0037,169.284,,,,,,
1976-02-29,,,,6.21,-0.0363,166.132,7.15,-0.0090,168.304,7.46,0.0041,170.192,7.68,0.0113,147.275,7.77,0.0085,170.731,,,,,,
1976-03-31,,,,6.11,0.0125,168.214,7.02,0.0151,170.852,7.39,0.0111,172.077,7.57,0.0140,149.333,7.66,0.0140,173.125,,,,,,
1976-04-30,,,,6.14,0.0029,168.700,6.96,0.0101,172.577,7.34,0.0096,173.735,7.53,0.0091,150.687,7.67,0.0057,174.111,,,,,,
1976-05-31,,,,6.75,-0.0385,162.210,7.54,-0.0342,166.675,7.78,-0.0239,169.582,7.9,-0.0188,147.849,7.96,-0.0132,171.806,,,,,,
1976-06-30,,,,6.46,0.0266,166.528,7.28,0.0244,170.745,7.58,0.0203,173.016,7.74,0.0175,150.439,7.86,0.0134,174.114,,,,,,
1976-07-31,,,,6.12,0.0304,171.588,7.05,0.0223,174.549,7.47,0.0139,175.425,7.7,0.0092,151.821,7.86,0.0066,175.254,,,,,,
1976-08-31,,,,5.9,0.0214,175.267,6.73,0.0288,179.569,7.16,0.0280,180.332,7.45,0.0237,155.424,7.66,0.0203,178.807,,,,,,
1976-09-30,,,,5.78,0.0139,177.699,6.59,0.0157,182.386,7.05,0.0137,182.806,7.36,0.0125,157.361,7.55,0.0140,181.304,,,,,,
1976-10-31,,,,5.5,0.0260,182.320,6.32,0.0252,186.975,6.78,0.0251,187.402,7.19,0.0180,160.200,7.42,0.0153,184.079,,,,,,
1976-11-30,,,,4.95,0.0473,190.939,5.69,0.0525,196.794,6.05,0.0595,198.552,6.4,0.0633,170.347,7.01,0.0351,190.547,,,,,,
1976-12-31,,,,4.86,0.0111,193.066,5.7,0.0040,197.579,6.13,-0.0008,198.386,6.42,0.0039,171.009,6.81,0.0201,194.375,,,,,,
1977-01-31,,,,5.56,-0.0488,183.652,6.5,-0.0531,187.096,6.83,-0.0447,189.513,7.16,-0.0466,163.047,7.4,-0.0353,187.520,,,,,,
1977-02-28,,,,5.56,0.0046,184.503,6.5,0.0054,188.109,6.98,-0.0049,188.581,7.23,0.0011,163.222,7.45,0.0027,188.027,,,,,,
1977-03-31,,,,5.4,0.0168,187.601,6.42,0.0112,190.219,6.94,0.0087,190.212,7.21,0.0074,164.434,7.42,0.0083,189.586,,,,7.79,,100.000
1977-04-30,,,,5.6,-0.0106,185.620,6.46,0.0025,190.686,6.90,0.0086,191.852,7.25,0.0032,164.962,7.45,0.0041,190.364,,,,7.8,0.0058,100.581
1977-05-31,,,,5.86,-0.0147,182.895,6.49,0.0032,191.299,6.87,0.0079,193.365,7.16,0.0124,167.000,7.38,0.0111,192.471,,,,7.74,0.0106,101.647
1977-06-30,,,,5.72,0.0154,185.706,6.33,0.0171,194.563,6.70,0.0179,196.826,7,0.0173,169.884,7.2,0.0188,196.081,,,,7.58,0.0175,103.423
1977-07-31,,,,6.22,-0.0318,179.795,6.71,-0.0219,190.297,7.03,-0.0177,193.342,7.28,-0.0137,167.557,7.42,-0.0093,194.266,,,,7.72,-0.0033,103.085
1977-08-31,,,,6.36,-0.0050,178.896,6.73,0.0042,191.089,6.94,0.0122,195.707,7.11,0.0180,170.576,7.28,0.0160,197.365,,,,7.6,0.0147,104.599
1977-09-30,,,,6.66,-0.0162,175.994,6.94,-0.0093,189.318,7.11,-0.0062,194.500,7.26,-0.0045,169.800,7.41,-0.0030,196.783,,,,7.68,0.0009,104.688
1977-10-31,,,,7.05,-0.0219,172.133,7.34,-0.0220,185.144,7.44,-0.0169,191.206,7.54,-0.0133,167.548,7.62,-0.0083,195.158,,,,7.83,-0.0038,104.289
1977-11-30,,,,6.92,0.0151,174.731,7.22,0.0145,187.830,7.36,0.0118,193.455,7.45,0.0125,169.645,7.55,0.0112,197.339,,,,7.83,0.0065,104.970
1977-12-31,,,,6.98,0.0015,174.997,7.36,-0.0037,187.132,7.54,-0.0063,192.240,7.66,-0.0082,168.254,7.78,-0.0094,195.484,,,,8.03,-0.0070,104.238
1978-01-31,,,,7.26,-0.0137,172.593,7.57,-0.0083,185.573,7.72,-0.0060,191.081,7.83,-0.0052,167.381,7.94,-0.0044,194.632,,,,8.18,-0.0034,103.887
1978-02-28,,,,7.32,0.0019,172.916,7.7,-0.0026,185.092,7.86,-0.0031,190.491,7.95,-0.0016,167.113,8.04,-0.0001,194.607,,,,8.25,0.0021,104.109
1978-03-31,,,,7.48,-0.0050,172.058,7.83,-0.0024,184.642,7.97,-0.0009,190.321,8.05,-0.0001,167.093,8.15,-0.0007,194.473,,,,8.33,0.0015,104.270
1978-04-30,,,,7.7,-0.0088,170.538,7.98,-0.0036,183.973,8.09,-0.0014,190.047,8.16,-0.0007,166.980,8.24,0.0008,194.624,,,,8.39,0.0030,104.578
1978-05-31,,,,7.94,-0.0098,168.859,8.2,-0.0081,182.485,8.28,-0.0059,188.918,8.35,-0.0058,166.005,8.42,-0.0051,193.636,,,,8.5,-0.0003,104.549
1978-06-30,,,,8.38,-0.0226,165.039,8.53,-0.0150,179.756,8.50,-0.0076,187.474,8.51,-0.0036,165.404,8.62,-0.0061,192.447,,,,8.62,-0.0008,104.464
1978-07-31,,,,8.33,0.0103,166.741,8.47,0.0111,181.748,8.46,0.0097,189.299,8.46,0.0104,167.125,8.56,0.0111,194.591,,,,8.56,0.0111,105.628
1978-08-31,,,,8.48,-0.0030,166.243,8.38,0.0130,184.118,8.42,0.0097,191.135,8.42,0.0097,168.747,8.39,0.0184,198.177,,,,8.46,0.0138,107.081
1978-09-30,,,,8.81,-0.0145,163.839,8.49,-0.0003,184.064,8.50,0.0017,191.466,8.54,-0.0009,168.594,8.56,-0.0042,197.341,,,,8.61,-0.0028,106.779
1978-10-31,,,,9.92,-0.0617,153.728,9.32,-0.0459,175.616,9.16,-0.0353,184.702,9,-0.0226,164.776,8.96,-0.0188,193.633,,,,8.87,-0.0097,105.739
1978-11-30,,,,10.09,-0.0022,153.385,9.16,0.0180,178.786,8.94,0.0219,188.748,8.9,0.0140,167.083,8.86,0.0140,196.339,,,,8.8,0.0120,107.003
1978-12-31,,,,10.57,-0.0207,150.217,9.59,-0.0195,175.300,9.32,-0.0168,185.576,9.23,-0.0137,164.790,9.15,-0.0113,194.128,,,,8.96,-0.0030,106.678
1979-01-31,,,,10.13,0.0359,155.616,9.16,0.0356,181.545,8.95,0.0318,191.470,8.93,0.0272,169.266,8.95,0.0206,198.126,,,,8.85,0.0146,108.239
1979-02-28,,,,10.33,-0.0038,155.026,9.45,-0.0108,179.590,9.29,-0.0143,188.738,9.22,-0.0111,167.379,9.17,-0.0067,196.804,,,,9.08,-0.0075,107.432
1979-03-31,,,,10.17,0.0185,157.888,9.34,0.0149,182.263,9.19,0.0142,191.410,9.14,0.0128,169.526,9.11,0.0115,199.068,,,,9.02,0.0114,108.662
1979-04-30,,,,10.29,0.0011,158.065,9.53,-0.0042,181.492,9.35,-0.0025,190.924,9.33,-0.0045,168.763,9.35,-0.0077,197.534,,,,9.22,-0.0053,108.086
1979-05-31,,,,9.91,0.0322,163.159,9.2,0.0291,186.775,9.04,0.0278,196.235,9.02,0.0278,173.457,9.06,0.0265,202.770,,,,9.08,0.0167,109.892
1979-06-30,,,,9.4,0.0407,169.799,8.78,0.0351,193.331,8.74,0.0272,201.565,8.74,0.0258,177.939,8.81,0.0239,207.608,,,,8.83,0.0239,112.514
1979-07-31,,,,9.75,-0.0141,167.405,9.05,-0.0101,191.375,8.99,-0.0089,199.771,9.02,-0.0108,176.014,9.01,-0.0056,206.447,,,,8.99,-0.0030,112.177
1979-08-31,,,,10.4,-0.0315,162.131,9.54,-0.0234,186.890,9.36,-0.0161,196.559,9.3,-0.0104,174.189,9.24,-0.0072,204.956,,,,9.09,0.0010,112.294
1979-09-30,,,,10.8,-0.0153,159.647,9.76,-0.0058,185.800,9.48,0.0002,196.597,9.46,-0.0024,173.771,9.44,-0.0050,203.932,,,,9.25,-0.0027,111.995
1979-10-31,,,,12.89,-0.1062,142.699,11.63,-0.1002,167.174,11.20,-0.0936,178.204,10.95,-0.0809,159.710,10.72,-0.0691,189.831,,,,10.19,-0.0501,106.382
1979-11-30,,,,11.88,0.0687,152.500,10.68,0.0669,178.365,10.44,0.0556,188.112,10.45,0.0395,166.027,10.38,0.0297,195.465,,,,10.09,0.0147,107.943
1979-12-31,,,,11.7,0.0203,155.597,10.62,0.0125,180.599,10.38,0.0124,190.437,10.36,0.0142,168.385,10.33,0.0117,197.754,,,,10.11,0.0072,108.717
1980-01-31,,,,12.4,-0.0296,150.994,11.19,-0.0248,176.123,11.11,-0.0346,183.854,11.12,-0.0363,162.265,11.13,-0.0387,190.098,,,,11.09,-0.0496,103.320
1980-02-29,,,,15.45,-0.1420,129.560,14,-0.1389,151.654,13.48,-0.1183,162.097,13.1,-0.0989,146.212,12.72,-0.0789,175.093,,,,12.25,-0.0563,97.501
1980-03-31,,,,15.8,-0.0044,128.994,13.69,0.0282,155.934,13.31,0.0204,165.411,12.76,0.0297,150.561,12.64,0.0151,177.729,,,,12.31,0.0068,98.166
1980-04-30,,,,11.12,0.2901,166.418,10.67,0.1935,186.104,10.82,0.1603,191.924,10.75,0.1314,170.347,10.76,0.1235,199.671,,,,10.89,0.0951,107.501
1980-05-31,,,,8.83,0.1585,192.799,9.28,0.0978,204.296,9.87,0.0682,205.022,10.09,0.0497,178.818,10.25,0.0403,207.709,,,,10.37,0.0408,111.889
1980-06-30,,,,8.49,0.0298,198.553,9.19,0.0135,207.056,9.48,0.0329,211.776,9.73,0.0310,184.359,10.09,0.0184,211.536,,,,9.99,0.0322,115.493
1980-07-31,,,,9.36,-0.0484,188.953,9.95,-0.0396,198.864,10.09,-0.0298,205.470,10.38,-0.0316,178.541,10.76,-0.0318,204.802,,,,10.8,-0.0402,110.845
1980-08-31,,,,11.15,-0.0980,170.435,11.48,-0.0809,182.771,11.66,-0.0825,188.524,11.63,-0.0638,167.151,11.55,-0.0370,197.230,,,,11.27,-0.0186,108.779
1980-09-30,,,,12.29,-0.0550,161.054,12.06,-0.0235,178.481,11.88,-0.0029,187.976,11.86,-0.0035,166.563,11.86,-0.0082,195.618,,,,11.7,-0.0155,107.097
1980-10-31,,,,13.78,-0.0690,149.934,12.97,-0.0399,171.354,12.74,-0.0378,180.876,12.56,-0.0292,161.700,12.46,-0.0237,190.972,,,,12.23,-0.0202,104.930
1980-11-30,,,,15.13,-0.0567,141.427,13.69,-0.0276,166.618,13.14,-0.0112,178.849,12.86,-0.0061,160.716,12.72,-0.0040,190.201,,,,12.32,0.0051,105.467
1980-12-31,,,,13.86,0.0800,152.738,12.85,0.0578,176.243,12.59,0.0416,186.292,12.49,0.0314,165.768,12.43,0.0269,195.312,,,,11.98,0.0297,108.599
1981-01-31,,,,14,0.0042,153.374,13.05,-0.0002,176.200,12.80,-0.0011,186.083,12.73,-0.0029,165.287,12.68,-0.0035,194.623,,,,12.28,-0.0070,107.844
1981-02-28,,,,14.59,-0.0188,150.496,13.95,-0.0367,169.733,13.76,-0.0405,178.555,13.58,-0.0350,159.506,13.43,-0.0299,188.805,,,,12.97,-0.0277,104.860
1981-03-31,,,,13.05,0.0965,165.016,13.27,0.0485,177.972,13.39,0.0315,184.172,13.3,0.0265,163.733,13.13,0.0276,194.010,,,,12.65,0.0286,107.860
1981-04-30,,,,15.33,-0.1035,147.941,14.68,-0.0614,167.041,14.45,-0.0438,176.104,14.26,-0.0391,157.337,14.11,-0.0405,186.144,,,,13.65,-0.0429,103.229
1981-05-31,,,,14.81,0.0394,153.765,14.31,0.0315,172.306,13.99,0.0363,182.500,13.65,0.0445,164.340,13.5,0.0446,194.441,,,,13.06,0.0437,107.736
1981-06-30,,,,14.87,0.0093,155.192,14.57,-0.0015,172.049,14.25,-0.0019,182.148,14.15,-0.0149,161.899,13.86,-0.0078,192.915,,,,13.3,-0.0021,107.507
1981-07-31,,,,16.12,-0.0485,147.668,15.63,-0.0404,165.093,15.24,-0.0379,175.236,14.87,-0.0250,157.859,14.67,-0.0301,187.108,,,,13.96,-0.0238,104.949
1981-08-31,,,,16.97,-0.0267,143.726,16.33,-0.0208,161.658,16.11,-0.0297,170.034,15.71,-0.0291,153.258,15.41,-0.0248,182.472,,,,14.78,-0.0304,101.763
1981-09-30,15.05,,100.000,16.64,0.0299,148.024,16.45,0.0078,162.925,16.27,0.0057,170.999,16.05,-0.0035,152.720,15.84,-0.0083,180.954,,,,15.19,-0.0084,100.913
1981-10-31,13.33,0.1057,110.569,14.31,0.1353,168.058,14.65,0.1063,180.250,14.78,0.0899,186.365,14.73,0.0811,165.106,14.63,0.0755,194.619,,,,14.36,0.0558,106.549
1981-11-30,10.78,0.1641,128.718,11.82,0.1551,194.129,12.81,0.1139,200.784,12.79,0.1224,209.176,12.86,0.1154,184.165,13.13,0.0941,212.926,,,,12.91,0.0918,116.330
1981-12-31,11.54,-0.0352,124.184,13.35,-0.0729,179.969,13.99,-0.0516,190.422,13.97,-0.0517,198.368,13.97,-0.0479,175.341,13.98,-0.0339,205.699,,,,13.65,-0.0288,112.977
1982-01-31,13.08,-0.0746,114.919,14.04,-0.0252,175.430,14.26,-0.0024,189.956,14.24,-0.0025,197.877,14.23,-0.0020,174.998,14.14,0.0033,206.368,,,,13.91,-0.0024,112.707
1982-02-28,13,0.0153,116.676,14.27,-0.0003,175.376,14.44,0.0025,190.440,14.12,0.0182,201.473,14.08,0.0197,178.454,14.03,0.0176,209.996,,,,13.83,0.0158,114.493
1982-03-31,13.99,-0.0414,111.844,14.3,0.0103,177.187,14.52,0.0079,191.944,14.39,-0.0023,201.016,14.37,-0.0034,177.856,14.18,0.0038,210.801,,,,13.68,0.0195,116.730
1982-04-30,13.15,0.0575,118.271,13.67,0.0456,185.264,14,0.0395,199.532,13.90,0.0379,208.643,13.88,0.0379,184.605,13.87,0.0283,216.757,,,,13.39,0.0271,119.889
1982-05-31,11.97,0.0784,127.545,12.93,0.0521,194.916,13.73,0.0261,204.732,13.76,0.0190,212.616,13.86,0.0126,186.936,13.71,0.0201,221.113,,,,13.39,0.0112,121.227
1982-06-30,13.36,-0.0652,119.228,14.34,-0.0627,182.705,14.78,-0.0423,196.067,14.65,-0.0343,205.316,14.66,-0.0296,181.402,14.44,-0.0264,215.266,,,,13.91,-0.0164,119.242
1982-07-31,10.57,0.1800,140.694,12.56,0.1113,203.044,13.53,0.0795,211.651,13.73,0.0613,217.893,13.75,0.0607,192.412,13.68,0.0526,226.596,,,,13.42,0.0380,123.777
1982-08-31,8.72,0.1300,158.979,11.13,0.0951,222.345,12.36,0.0771,227.973,12.65,0.0715,233.477,12.89,0.0588,203.735,12.81,0.0595,240.076,,,,12.5,0.0627,131.534
1982-09-30,7.88,0.0643,169.206,10.26,0.0626,236.271,11.52,0.0592,241.469,11.69,0.0660,248.897,11.72,0.0783,219.689,11.73,0.0730,257.605,,,,11.79,0.0513,138.282
1982-10-31,8.17,-0.0129,167.026,9.21,0.0759,254.198,10.35,0.0811,261.049,10.58,0.0769,268.041,10.68,0.0724,235.603,10.71,0.0712,275.939,,,,11.01,0.0562,146.053
1982-11-30,8.56,-0.0189,163.868,9.38,-0.0031,253.398,10.08,0.0253,267.656,10.37,0.0216,273.841,10.67,0.0095,237.842,10.79,0.0041,277.077,,,,10.7,0.0278,150.119
1982-12-31,8.2,0.0312,168.988,8.68,0.0537,267.015,9.74,0.0297,275.609,10.09,0.0259,280.943,10.32,0.0303,245.050,10.36,0.0353,286.845,,,,10.43,0.0254,153.926
1983-01-31,8.36,-0.0038,168.345,8.91,-0.0077,264.958,9.93,-0.0037,274.590,10.31,-0.0051,279.523,10.69,-0.0137,241.695,10.8,-0.0178,281.753,,,,10.99,-0.0246,150.135
1983-02-28,8.21,0.0170,171.208,8.61,0.0272,272.155,9.55,0.0323,283.456,9.83,0.0386,290.303,10.01,0.0511,254.034,10.27,0.0415,293.443,,,,10.51,0.0383,155.884
1983-03-31,8.96,-0.0418,164.057,9.34,-0.0394,261.440,10.04,-0.0224,277.115,10.27,-0.0188,284.851,10.52,-0.0226,248.294,10.62,-0.0126,289.750,,,,10.69,-0.0021,155.559
1983-04-30,8.38,0.0460,171.606,8.75,0.0464,273.563,9.58,0.0374,287.479,9.88,0.0329,294.212,10.15,0.0316,256.131,10.27,0.0303,298.531,,,,10.38,0.0278,159.888
1983-05-31,8.97,-0.0312,166.245,9.48,-0.0390,262.900,10.21,-0.0307,278.643,10.55,-0.0324,284.690,10.77,-0.0288,248.763,10.81,-0.0238,291.423,,,,10.97,-0.0265,155.653
1983-06-30,9.15,-0.0041,165.564,9.7,-0.0059,261.345,10.41,-0.0037,277.617,10.76,-0.0038,283.602,10.92,0.0000,248.769,10.96,0.0001,291.444,,,,11.01,0.0068,156.706
1983-07-31,9.59,-0.0201,162.231,10.48,-0.0393,251.070,11.22,-0.0391,266.773,11.59,-0.0392,272.480,11.74,-0.0382,239.262,11.76,-0.0370,280.664,,,,11.8,-0.0363,151.018
1983-08-31,9.64,0.0048,163.017,10.59,0.0021,251.592,11.45,-0.0041,265.684,11.79,-0.0019,271.974,11.94,-0.0017,238.864,11.98,-0.0028,279.886,,,,11.96,0.0007,151.121
1983-09-30,9.04,0.0468,170.644,9.89,0.0524,264.783,10.79,0.0491,278.739,11.20,0.0446,284.111,11.39,0.0421,248.930,11.44,0.0415,291.508,,,,11.44,0.0403,157.217
1983-10-31,8.83,0.0212,174.265,9.82,0.0126,268.123,10.98,-0.0023,278.093,11.39,-0.0018,283.603,11.62,-0.0038,247.973,11.74,-0.0078,289.241,,,,11.78,-0.0101,155.637
1983-11-30,9.24,-0.0189,170.972,9.98,-0.0017,267.655,10.96,0.0103,280.969,11.36,0.0112,286.794,11.57,0.0126,251.095,11.63,0.0162,293.915,,,,11.67,0.0162,158.155
1983-12-31,9.33,0.0020,171.307,10.08,0.0021,268.227,11.13,-0.0009,280.710,11.57,-0.0027,286.009,11.77,-0.0019,250.622,11.82,-0.0012,293.552,,,,11.87,-0.0018,157.878
1984-01-31,9.26,0.0123,173.406,9.85,0.0228,274.329,10.89,0.0236,287.338,11.34,0.0231,292.625,11.56,0.0220,256.139,11.67,0.0185,298.991,,,,11.78,0.0151,160.258
1984-02-29,9.49,-0.0069,172.217,10.21,-0.0139,270.512,11.22,-0.0104,284.357,11.74,-0.0136,288.637,11.97,-0.0138,252.603,12.04,-0.0114,295.593,,,,12.14,-0.0106,158.556
1984-03-31,10.09,-0.0292,167.197,10.8,-0.0269,263.243,11.86,-0.0274,276.566,12.28,-0.0207,282.661,12.45,-0.0169,248.324,12.53,-0.0174,290.463,,,,12.52,-0.0111,156.791
1984-04-30,10.1,0.0078,168.499,11.11,-0.0094,260.780,12.2,-0.0094,273.974,12.57,-0.0060,280.979,12.75,-0.0062,246.773,12.82,-0.0056,288.841,,,,12.86,-0.0083,155.486
1984-05-31,10.13,0.0066,169.606,12.15,-0.0498,247.803,13.33,-0.0510,259.993,13.76,-0.0529,266.116,13.87,-0.0488,234.739,13.91,-0.0470,275.258,,,,13.84,-0.0413,149.063
1984-06-30,10.31,-0.0026,169.169,12.3,0.0017,248.215,13.48,0.0030,260.782,13.72,0.0136,269.735,13.82,0.0142,238.075,13.84,0.0153,279.472,,,,13.64,0.0222,152.377
1984-07-31,10.83,-0.0226,165.354,11.86,0.0355,257.030,12.7,0.0545,275.004,12.85,0.0594,285.770,12.91,0.0616,252.745,12.91,0.0627,297.005,,,,12.87,0.0538,160.579
1984-08-31,11.06,-0.0046,164.590,11.96,0.0042,258.101,12.61,0.0156,279.294,12.77,0.0151,290.096,12.85,0.0141,256.301,12.79,0.0174,302.172,,,,12.51,0.0309,165.535
1984-09-30,10.63,0.0352,170.381,11.43,0.0409,268.666,12.28,0.0291,287.432,12.48,0.0269,297.895,12.54,0.0280,263.485,12.47,0.0286,310.810,,,,12.28,0.0234,169.410
1984-10-31,9.35,0.0904,185.790,10.26,0.0813,290.504,11.36,0.0641,305.869,11.59,0.0621,316.384,11.7,0.0590,279.030,11.79,0.0495,326.210,,,,11.64,0.0473,177.425
1984-11-30,8.74,0.0477,194.653,9.71,0.0431,303.017,10.86,0.0394,317.913,11.25,0.0297,325.772,11.56,0.0179,284.021,11.58,0.0220,333.394,,,,11.58,0.0132,179.765
1984-12-31,8.12,0.0490,204.184,9.22,0.0395,314.985,10.52,0.0297,327.348,11.08,0.0195,332.109,11.52,0.0120,287.419,11.55,0.0114,337.193,,,,11.54,0.0120,181.918
1985-01-31,8.33,-0.0072,202.710,9.09,0.0161,320.044,10.36,0.0185,333.416,10.77,0.0278,341.357,11.07,0.0363,297.848,11.17,0.0321,348.005,,,,11.21,0.0291,187.207
1985-02-28,8.81,-0.0244,197.770,9.72,-0.0320,309.818,11.03,-0.0312,323.026,11.55,-0.0364,328.939,11.87,-0.0367,286.919,11.91,-0.0331,336.488,,,,11.9,-0.0302,181.550
1985-03-31,8.47,0.0299,203.673,9.49,0.0227,316.842,10.79,0.0236,330.646,11.29,0.0249,337.131,11.59,0.0261,294.421,11.65,0.0250,344.894,,,,11.64,0.0250,186.086
1985-04-30,8.12,0.0306,209.903,8.99,0.0403,329.602,10.39,0.0334,341.686,10.91,0.0321,347.950,11.31,0.0261,302.105,11.41,0.0237,353.083,,,,11.48,0.0190,189.627
1985-05-31,7.38,0.0582,222.112,7.98,0.0758,354.588,9.27,0.0803,369.120,9.68,0.0864,378.011,10.15,0.0809,326.545,10.28,0.0788,380.889,,,,10.58,0.0640,201.769
1985-06-30,7.05,0.0294,228.644,7.71,0.0251,363.499,9.08,0.0200,376.493,9.65,0.0100,381.774,10.08,0.0128,330.719,10.25,0.0104,384.853,,,,10.47,0.0155,204.897
1985-07-31,7.52,-0.0266,222.570,8.12,-0.0211,355.816,9.47,-0.0172,370.031,9.98,-0.0124,377.026,10.41,-0.0117,326.846,10.57,-0.0108,380.685,,,,10.7,-0.0051,203.847
1985-08-31,7.38,0.0160,226.129,8.03,0.0128,360.385,9.33,0.0168,376.256,9.74,0.0234,385.834,10.17,0.0234,334.510,10.28,0.0266,390.803,,,,10.48,0.0223,208.390
1985-09-30,7.27,0.0138,229.256,7.99,0.0094,363.771,9.27,0.0116,380.625,9.73,0.0087,389.207,10.15,0.0097,337.757,10.31,0.0067,393.433,,,,10.57,0.0033,209.074
1985-10-31,7.42,-0.0043,228.260,7.92,0.0114,367.920,9.06,0.0213,388.724,9.47,0.0246,398.780,9.82,0.0291,347.578,10.01,0.0272,404.129,,,,10.28,0.0266,214.631
1985-11-30,7.39,0.0083,230.147,7.85,0.0114,372.100,8.7,0.0311,400.831,9.07,0.0337,412.216,9.47,0.0304,358.136,9.59,0.0348,418.208,,,,9.86,0.0348,222.092
1985-12-31,7.28,0.0138,233.331,7.6,0.0237,380.933,8.22,0.0394,416.614,8.49,0.0459,431.146,8.87,0.0469,374.944,9,0.0462,437.515,,,,9.27,0.0460,232.298
1986-01-31,7.19,0.0124,236.217,7.57,0.0084,384.132,8.25,0.0048,418.632,8.53,0.0044,433.058,8.88,0.0067,377.471,9.08,0.0023,438.539,,,,9.34,0.0033,233.055
1986-02-28,7.24,0.0025,236.807,7.43,0.0160,390.283,7.79,0.0382,434.645,7.91,0.0492,454.353,8.05,0.0634,401.390,8.13,0.0714,469.851,,,,8.27,0.0792,251.523
1986-03-31,6.53,0.0573,250.369,6.72,0.0570,412.525,7.02,0.0608,461.090,7.19,0.0570,480.263,7.21,0.0655,427.680,7.39,0.0582,497.173,,,,7.44,0.0644,267.718
1986-04-30,6.28,0.0237,256.300,6.54,0.0186,420.191,7.02,0.0059,463.787,7.17,0.0074,483.814,7.26,0.0025,428.757,7.38,0.0069,500.580,,,,7.47,0.0041,268.822
1986-05-31,6.49,-0.0099,253.751,6.88,-0.0187,412.333,7.58,-0.0327,448.620,7.82,-0.0383,465.284,8.03,-0.0459,409.070,8.05,-0.0390,481.044,,,,7.74,-0.0122,265.534
1986-06-30,6.13,0.0319,261.836,6.41,0.0398,428.759,7,0.0473,469.837,7.23,0.0478,487.512,7.29,0.0583,432.917,7.35,0.0554,507.691,,,,7.24,0.0414,276.526
1986-07-31,5.96,0.0177,266.471,6.2,0.0207,437.645,6.81,0.0194,478.939,7.02,0.0208,497.675,7.22,0.0110,437.667,7.34,0.0068,511.153,,,,7.46,-0.0092,273.984
1986-08-31,5.31,0.0546,281.015,5.52,0.0566,462.401,6.13,0.0556,505.591,6.40,0.0509,522.986,6.75,0.0396,454.998,6.95,0.0337,528.396,,,,7.21,0.0237,280.481
1986-09-30,5.34,0.0021,281.616,5.82,-0.0178,454.187,6.68,-0.0343,488.243,6.98,-0.0357,504.326,7.31,-0.0334,439.804,7.45,-0.0288,513.162,,,,7.6,-0.0208,274.642
1986-10-31,5.34,0.0045,282.869,5.73,0.0116,459.450,6.51,0.0178,496.956,6.76,0.0215,515.183,7.1,0.0209,448.979,7.34,0.0139,520.276,,,,7.61,0.0056,276.193
1986-11-30,5.54,-0.0107,279.855,5.76,0.0025,460.613,6.38,0.0149,504.346,6.65,0.0135,522.152,7,0.0130,454.808,7.15,0.0194,530.395,,,,7.41,0.0202,281.776
1986-12-31,5.83,-0.0170,275.100,5.95,-0.0093,456.339,6.56,-0.0077,500.485,6.81,-0.0059,519.093,7.09,-0.0005,454.581,7.23,0.0004,530.589,,,,7.49,0.0006,281.958
1987-01-31,5.76,0.0101,277.876,5.93,0.0064,459.279,6.51,0.0091,505.029,6.71,0.0128,525.754,6.99,0.0130,460.479,7.18,0.0095,535.645,,,,7.48,0.0069,283.913
1987-02-28,5.6,0.0168,282.558,5.9,0.0072,462.572,6.51,0.0054,507.768,6.71,0.0056,528.694,7,0.0051,462.836,7.19,0.0053,538.474,,,,7.48,0.0062,285.683
1987-03-31,5.79,-0.0095,279.869,6.15,-0.0134,456.355,6.79,-0.0145,500.383,7.02,-0.0163,520.082,7.29,-0.0144,456.176,7.51,-0.0161,529.801,,,,7.81,-0.0163,281.039
1987-04-30,5.7,0.0116,283.108,6.62,-0.0287,443.278,7.63,-0.0520,474.342,7.82,-0.0486,494.784,8.07,-0.0465,434.976,8.21,-0.0406,508.285,,,,8.45,-0.0359,270.950
1987-05-31,5.87,-0.0079,280.873,6.88,-0.0130,437.537,7.94,-0.0146,467.395,8.15,-0.0156,487.047,8.35,-0.0119,429.796,8.49,-0.0117,502.349,,,,8.65,-0.0061,269.299
1987-06-30,5.91,0.0019,281.413,6.77,0.0136,443.481,7.76,0.0189,476.233,8.02,0.0156,494.630,8.24,0.0143,435.948,8.38,0.0144,509.576,,,,8.51,0.0165,273.731
1987-07-31,6.27,-0.0214,275.401,6.89,-0.0029,442.205,7.95,-0.0064,473.185,8.21,-0.0060,491.643,8.48,-0.0090,432.018,8.66,-0.0114,503.766,,,,8.89,-0.0176,268.911
1987-08-31,6.45,-0.0078,273.249,7.23,-0.0180,434.231,8.27,-0.0147,466.208,8.52,-0.0136,484.938,8.83,-0.0157,425.216,9,-0.0148,496.320,,,,9.17,-0.0106,266.067
1987-09-30,6.83,-0.0217,267.326,7.92,-0.0408,416.528,8.93,-0.0359,449.452,9.21,-0.0371,466.927,9.5,-0.0351,410.302,9.63,-0.0322,480.349,,,,9.79,-0.0311,257.781
1987-10-31,5.45,0.1103,296.823,6.75,0.0902,454.097,8,0.0703,481.044,8.37,0.0635,496.589,8.69,0.0610,435.343,8.88,0.0568,507.634,,,,9.03,0.0573,272.543
1987-11-30,5.42,0.0068,298.847,7,-0.0120,448.631,8.05,0.0033,482.629,8.43,0.0030,498.077,8.82,-0.0012,434.805,8.99,0.0003,507.776,,,,9.1,0.0030,273.365
1987-12-31,5.86,-0.0282,290.413,7.1,-0.0012,448.093,8.04,0.0074,486.192,8.33,0.0137,504.894,8.67,0.0172,442.282,8.83,0.0179,516.875,,,,8.95,0.0173,278.097
1988-01-31,5.82,0.0079,292.697,6.66,0.0375,464.888,7.48,0.0454,508.277,7.76,0.0459,528.053,8.06,0.0483,463.661,8.26,0.0454,540.362,,,,8.42,0.0426,289.950
1988-02-29,5.8,0.0063,294.553,6.63,0.0077,468.470,7.33,0.0167,516.752,7.64,0.0147,535.819,7.95,0.0142,470.229,8.16,0.0136,547.708,,,,8.39,0.0090,292.562
1988-03-31,5.87,-0.0004,294.444,6.76,-0.0038,466.709,7.66,-0.0165,508.211,8.04,-0.0206,524.772,8.4,-0.0233,459.293,8.57,-0.0202,536.630,,,,8.82,-0.0210,286.405
1988-04-30,6.16,-0.0164,289.617,7.14,-0.0210,456.887,7.98,-0.0153,500.455,8.33,-0.0126,518.151,8.65,-0.0094,454.966,8.87,-0.0124,529.988,,,,9.11,-0.0113,283.161
1988-05-31,6.67,-0.0314,280.512,7.66,-0.0297,443.308,8.44,-0.0238,488.523,8.73,-0.0192,508.181,9.03,-0.0173,447.074,9.2,-0.0138,522.687,,,,9.3,-0.0045,281.874
1988-06-30,6.77,-0.0016,280.069,7.5,0.0174,451.038,8.18,0.0245,500.475,8.41,0.0285,522.672,8.7,0.0292,460.108,8.82,0.0324,539.645,,,,8.87,0.0357,291.945
1988-07-31,7.18,-0.0231,273.602,7.9,-0.0209,441.611,8.57,-0.0189,491.021,8.75,-0.0152,514.712,8.98,-0.0109,455.102,9.12,-0.0120,533.191,,,,9.23,-0.0157,287.370
1988-08-31,7.54,-0.0188,268.446,8.28,-0.0188,433.317,8.83,-0.0098,486.207,8.95,-0.0057,511.791,9.13,-0.0022,454.115,9.25,-0.0007,532.806,,,,9.31,0.0026,288.112
1988-09-30,7.49,0.0097,271.060,8.13,0.0170,440.674,8.52,0.0278,499.741,8.61,0.0298,527.058,8.78,0.0305,467.952,8.87,0.0324,550.086,,,,8.98,0.0291,296.505
1988-10-31,7.62,-0.0027,270.331,8.06,0.0115,445.738,8.32,0.0204,509.949,8.37,0.0231,539.250,8.52,0.0245,479.413,8.65,0.0218,562.102,,,,8.74,0.0232,303.379
1988-11-30,8.1,-0.0259,263.317,8.62,-0.0301,432.315,8.87,-0.0289,495.236,8.91,-0.0281,524.098,9.02,-0.0252,467.321,9.06,-0.0193,551.281,,,,9.07,-0.0140,299.131
1988-12-31,8.37,-0.0112,260.367,9.02,-0.0187,424.241,9.18,-0.0125,489.041,9.14,-0.0074,520.237,9.18,-0.0028,466.033,9.14,0.0024,552.607,,,,9,0.0121,302.747
1989-01-31,8.69,-0.0140,256.720,9.04,0.0062,426.882,9.13,0.0109,494.355,9.08,0.0115,526.212,9.03,0.0173,474.115,9.01,0.0160,561.462,,,,8.84,0.0179,308.173
1989-02-28,9.03,-0.0147,252.939,9.4,-0.0154,420.324,9.43,-0.0114,488.696,9.42,-0.0140,518.824,9.39,-0.0154,466.823,9.32,-0.0123,554.570,,,,9.14,-0.0119,304.498
1989-03-31,9.23,-0.0053,251.601,9.64,-0.0073,417.266,9.66,-0.0066,485.466,9.53,0.0009,519.287,9.4,0.0072,470.179,9.3,0.0090,559.585,,,,9.11,0.0095,307.405
1989-04-30,8.71,0.0418,262.108,9.12,0.0415,434.584,9.15,0.0408,505.290,9.06,0.0383,539.162,9.04,0.0311,484.794,9.02,0.0259,574.051,,,,8.91,0.0206,313.732
1989-05-31,8.92,-0.0064,260.437,8.86,0.0245,445.242,8.78,0.0318,521.355,8.65,0.0345,557.753,8.64,0.0338,501.190,8.6,0.0352,594.237,,,,8.6,0.0278,322.464
1989-06-30,8.26,0.0515,273.857,8.12,0.0571,470.678,8.05,0.0565,550.832,8.03,0.0491,585.111,8.1,0.0435,523.008,8.1,0.0408,618.487,,,,8.05,0.0443,336.734
1989-07-31,8.04,0.0217,279.806,7.65,0.0390,489.045,7.58,0.0391,572.350,7.56,0.0391,607.975,7.68,0.0355,541.593,7.82,0.0258,634.457,,,,7.92,0.0155,341.961
1989-08-31,8.16,-0.0014,279.428,8.28,-0.0357,471.596,8.37,-0.0462,545.901,8.27,-0.0411,582.978,8.3,-0.0350,522.664,8.26,-0.0229,619.941,,,,8.21,-0.0128,337.578
1989-09-30,8.18,0.0055,280.953,8.48,-0.0063,468.609,8.46,0.0010,546.455,8.36,0.0009,583.506,8.4,0.0003,522.809,8.31,0.0036,622.142,,,,8.24,0.0048,339.211
1989-10-31,8.04,0.0163,285.522,7.88,0.0478,491.021,7.91,0.0444,570.698,7.86,0.0410,607.409,7.92,0.0396,543.487,7.92,0.0334,642.904,,,,7.92,0.0286,348.901
1989-11-30,7.84,0.0203,291.321,7.72,0.0175,499.621,7.75,0.0175,580.699,7.74,0.0148,616.370,7.83,0.0127,550.404,7.84,0.0120,650.648,,,,7.9,0.0080,351.677
1989-12-31,7.8,0.0093,294.019,7.76,0.0037,501.470,7.87,-0.0017,579.713,7.86,-0.0017,615.316,7.97,-0.0029,548.781,7.93,0.0004,650.929,,,,7.98,0.0012,352.090
1990-01-31,8,-0.0070,291.956,8.08,-0.0151,493.907,8.36,-0.0260,564.619,8.35,-0.0261,599.282,8.39,-0.0213,537.114,8.43,-0.0266,633.647,,,,8.46,-0.0251,343.238
1990-02-28,8.04,0.0040,293.115,8.12,0.0040,495.904,8.45,0.0010,565.186,8.44,0.0010,599.876,8.54,-0.0029,535.552,8.51,0.0017,634.748,,,,8.54,0.0018,343.845
1990-03-31,8.07,0.0047,294.486,8.35,-0.0085,491.670,8.69,-0.0087,560.271,8.65,-0.0068,595.821,8.7,-0.0034,533.747,8.65,-0.0021,633.412,,,,8.63,0.0012,344.258
1990-04-30,8.07,0.0067,296.467,8.58,-0.0082,487.640,9.05,-0.0160,551.307,9.04,-0.0180,585.107,9.06,-0.0160,525.216,9.04,-0.0180,622.023,,,,9,-0.0167,338.492
1990-05-31,8.01,0.0108,299.662,8.22,0.0312,502.876,8.53,0.0419,574.394,8.56,0.0392,608.035,8.64,0.0352,543.678,8.6,0.0365,644.725,,,,8.58,0.0352,350.398
1990-06-30,8,0.0074,301.865,8.05,0.0183,512.085,8.32,0.0211,586.515,8.35,0.0211,620.870,8.46,0.0191,554.074,8.43,0.0184,656.614,,,,8.41,0.0184,356.857
1990-07-31,7.74,0.0244,309.242,7.72,0.0293,527.082,8.04,0.0258,601.659,8.13,0.0217,634.368,8.28,0.0191,564.637,8.36,0.0117,664.285,,,,8.42,0.0063,359.121
1990-08-31,7.63,0.0140,313.573,7.76,0.0037,529.033,8.26,-0.0080,596.847,8.50,-0.0177,623.147,8.77,-0.0251,550.454,8.86,-0.0256,647.293,,,,8.99,-0.0299,348.391
1990-09-30,7.37,0.0244,321.232,7.69,0.0113,534.991,8.19,0.0116,603.755,8.47,0.0091,628.799,8.73,0.0099,555.918,8.82,0.0100,653.760,,,,8.96,0.0094,351.679
1990-10-31,7.34,0.0082,323.876,7.43,0.0244,548.060,7.97,0.0217,616.864,8.24,0.0224,642.908,8.5,0.0225,568.416,8.65,0.0185,665.866,,,,8.78,0.0192,358.439
1990-11-30,7.24,0.0131,328.121,7.31,0.0146,556.035,7.67,0.0272,633.650,7.91,0.0293,661.717,8.18,0.0285,584.638,8.26,0.0333,688.015,,,,8.4,0.0326,370.107
1990-12-31,6.63,0.0499,344.479,6.82,0.0410,578.828,7.4,0.0251,649.573,7.68,0.0224,676.510,8,0.0190,595.734,8.08,0.0190,701.091,,,,8.26,0.0164,376.159
1991-01-31,6.37,0.0244,352.893,6.51,0.0281,595.078,7.3,0.0131,658.106,7.62,0.0105,683.629,7.89,0.0141,604.156,8.03,0.0101,708.177,,,,8.21,0.0102,380.008
1991-02-28,6.22,0.0163,358.640,6.41,0.0127,602.625,7.26,0.0089,663.948,7.66,0.0036,686.094,7.89,0.0066,608.128,8.02,0.0074,713.394,,,,8.19,0.0082,383.117
1991-03-31,5.92,0.0274,368.483,6.28,0.0148,611.562,7.3,0.0033,666.114,7.73,0.0016,687.189,7.96,0.0018,609.245,8.05,0.0047,716.719,,,,8.24,0.0035,384.451
1991-04-30,5.68,0.0229,376.936,6.06,0.0215,624.682,7.15,0.0166,677.178,7.63,0.0133,696.336,7.88,0.0121,616.597,8.02,0.0087,722.979,,,,8.2,0.0095,388.121
1991-05-31,5.71,0.0025,377.873,6.16,-0.0023,623.252,7.1,0.0095,683.594,7.69,0.0022,697.902,7.92,0.0039,618.974,8.06,0.0040,725.862,,,,8.26,0.0028,389.217
1991-06-30,5.71,0.0048,379.671,6.32,-0.0065,619.186,7.33,-0.0101,676.694,7.90,-0.0078,692.426,8.14,-0.0082,613.913,8.24,-0.0053,722.000,,,,8.42,-0.0037,387.765
1991-07-31,5.7,0.0055,381.762,6.19,0.0148,628.346,7.21,0.0145,686.510,7.77,0.0155,703.130,8.03,0.0142,622.635,8.2,0.0095,728.892,,,,8.36,0.0110,392.033
1991-08-31,5.49,0.0206,389.644,5.72,0.0404,653.705,6.68,0.0440,716.714,7.34,0.0364,728.720,7.67,0.0314,642.171,7.82,0.0327,752.740,,,,8.06,0.0272,402.691
1991-09-30,5.26,0.0222,398.283,5.42,0.0275,671.713,6.28,0.0348,741.629,6.92,0.0359,754.879,7.29,0.0329,663.293,7.47,0.0307,775.871,,,,7.82,0.0231,411.979
1991-10-31,4.96,0.0277,409.299,5.1,0.0292,691.315,6.06,0.0215,757.540,6.74,0.0186,768.945,7.15,0.0159,673.839,7.47,0.0062,780.701,,,,7.91,0.0004,412.148
1991-11-30,4.47,0.0430,426.916,4.69,0.0365,716.526,5.76,0.0275,778.354,6.48,0.0244,787.724,6.99,0.0173,685.475,7.38,0.0125,790.441,,,,7.94,0.0046,414.027
1991-12-31,3.96,0.0452,446.220,4.12,0.0499,752.301,5.11,0.0549,821.069,5.93,0.0462,824.112,6.38,0.0501,719.849,6.71,0.0541,833.210,,,,7.41,0.0434,431.988
1992-01-31,3.94,0.0049,448.419,4.23,-0.0054,748.238,5.65,-0.0363,791.253,6.44,-0.0320,797.729,6.92,-0.0330,696.114,7.31,-0.0362,803.037,,,,7.77,-0.0184,424.039
1992-02-29,4.03,-0.0040,446.619,4.35,-0.0061,743.705,5.75,-0.0028,789.061,6.58,-0.0047,793.969,6.95,0.0036,698.650,7.27,0.0089,810.171,,,,7.8,0.0044,425.917
1992-03-31,4.15,-0.0063,443.798,4.54,-0.0114,735.218,6.17,-0.0260,768.531,6.94,-0.0200,778.075,7.25,-0.0152,688.054,7.54,-0.0126,799.993,,,,7.96,-0.0043,424.072
1992-04-30,3.79,0.0330,458.437,4.4,0.0149,746.200,6.05,0.0140,779.285,6.91,0.0079,784.230,7.26,0.0053,691.730,7.61,0.0015,801.170,,,,8.06,-0.0001,424.027
1992-05-31,3.79,0.0032,459.885,4.24,0.0165,758.520,5.75,0.0275,800.698,6.61,0.0273,805.663,7,0.0244,708.621,7.33,0.0258,821.867,,,,7.84,0.0217,433.224
1992-06-30,3.65,0.0147,466.655,4.05,0.0189,772.875,5.39,0.0322,826.455,6.29,0.0289,828.910,6.76,0.0230,724.901,7.14,0.0194,837.850,,,,7.79,0.0099,437.531
1992-07-31,3.25,0.0367,483.790,3.62,0.0389,802.967,4.97,0.0371,857.086,5.84,0.0388,861.035,6.27,0.0414,754.922,6.72,0.0360,868.012,,,,7.46,0.0293,450.365
1992-08-31,3.23,0.0044,485.916,3.47,0.0155,815.422,4.69,0.0261,879.493,5.60,0.0229,880.788,6.17,0.0126,764.405,6.62,0.0128,879.111,,,,7.42,0.0090,454.414
1992-09-30,2.75,0.0441,507.347,3.06,0.0377,846.191,4.34,0.0319,907.524,5.33,0.0253,903.033,5.94,0.0222,781.369,6.37,0.0237,899.937,,,,7.38,0.0090,458.486
1992-10-31,3.03,-0.0215,496.421,3.54,-0.0373,814.629,4.98,-0.0460,865.784,5.90,-0.0379,868.814,6.36,-0.0256,761.371,6.8,-0.0253,877.128,,,,7.63,-0.0110,453.432
1992-11-30,3.38,-0.0268,483.138,3.83,-0.0208,797.692,5.36,-0.0248,844.324,6.23,-0.0192,852.111,6.61,-0.0127,751.720,6.95,-0.0050,872.782,,,,7.59,0.0091,457.563
1992-12-31,3.15,0.0223,493.900,3.61,0.0214,814.757,5.12,0.0229,863.700,6.04,0.0192,868.483,6.43,0.0186,765.669,6.7,0.0237,893.462,,,,7.4,0.0195,466.491
1993-01-31,2.96,0.0189,503.210,3.39,0.0214,832.198,4.72,0.0357,894.494,5.57,0.0405,903.636,6,0.0371,794.113,6.39,0.0281,918.566,,,,7.21,0.0195,475.570
1993-02-28,3.01,-0.0018,502.308,3.32,0.0087,839.437,4.37,0.0319,922.990,5.21,0.0322,932.777,5.67,0.0298,817.755,6.03,0.0319,947.871,,,,6.9,0.0280,488.890
1993-03-31,2.95,0.0076,506.143,3.32,0.0028,841.759,4.42,-0.0003,922.678,5.24,0.0020,934.684,5.72,0.0010,818.557,6.03,0.0050,952.635,,,,6.93,0.0036,490.662
1993-04-30,2.97,0.0008,506.523,3.26,0.0078,848.338,4.3,0.0133,934.939,5.14,0.0121,945.957,5.63,0.0115,827.999,6.05,0.0035,956.016,,,,6.95,0.0044,492.801
1993-05-31,3.13,-0.0111,500.913,3.62,-0.0271,825.387,4.63,-0.0224,913.976,5.37,-0.0132,933.448,5.8,-0.0080,821.381,6.16,-0.0030,953.118,,,,6.98,0.0037,494.609
1993-06-30,3.1,0.0052,503.494,3.45,0.0172,839.576,4.39,0.0230,934.986,5.05,0.0292,960.703,5.46,0.0306,846.519,5.8,0.0320,983.613,,,,6.68,0.0273,508.122
1993-07-31,3.1,0.0026,504.795,3.53,-0.0038,836.411,4.5,-0.0051,930.252,5.16,-0.0042,956.624,5.5,0.0015,847.808,5.83,0.0026,986.168,,,,6.57,0.0135,514.977
1993-08-31,3.08,0.0043,506.956,3.38,0.0155,849.369,4.2,0.0279,956.186,4.80,0.0324,987.659,5.11,0.0346,877.169,5.45,0.0337,1019.377,,,,6.09,0.0408,535.996
1993-09-30,2.98,0.0111,512.582,3.39,0.0020,851.051,4.24,0.0003,956.462,4.79,0.0048,992.382,5.11,0.0043,880.904,5.4,0.0083,1027.881,,,,6.04,0.0088,540.694
1993-10-31,3.1,-0.0077,508.638,3.47,-0.0038,847.784,4.3,-0.0013,955.248,4.83,0.0009,993.244,5.19,-0.0019,879.246,5.43,0.0022,1030.166,6.12,,100.000,5.96,0.0110,546.619
1993-11-30,3.21,-0.0067,505.232,3.65,-0.0120,837.633,4.55,-0.0162,939.781,5.15,-0.0206,972.800,5.53,-0.0214,860.463,5.83,-0.0253,1004.124,6.46,-0.0195,98.049,6.29,-0.0191,536.174
1993-12-31,3.07,0.0146,512.592,3.63,0.0047,841.566,4.58,0.0014,941.117,5.21,-0.0003,972.499,5.53,0.0046,864.428,5.83,0.0049,1009.002,6.48,0.0039,98.435,6.35,0.0009,536.644
1994-01-31,3.05,0.0043,514.775,3.53,0.0113,851.102,4.44,0.0149,955.186,5.02,0.0190,991.018,5.34,0.0191,880.930,5.7,0.0146,1023.737,6.29,0.0193,100.331,6.23,0.0141,544.194
1994-02-28,3.47,-0.0324,498.073,4.03,-0.0376,819.100,5.04,-0.0427,914.420,5.60,-0.0395,951.877,5.94,-0.0400,845.666,6.15,-0.0283,994.774,6.75,-0.0276,97.559,6.67,-0.0264,529.849
1994-03-31,3.56,-0.0046,495.795,4.5,-0.0339,791.326,5.66,-0.0424,875.684,6.23,-0.0414,912.448,6.59,-0.0418,810.292,6.77,-0.0391,955.845,7.23,-0.0279,94.833,7.11,-0.0254,516.405
1994-04-30,3.97,-0.0304,480.736,5.07,-0.0402,759.477,6.16,-0.0320,847.680,6.64,-0.0242,890.323,6.88,-0.0151,798.050,7.06,-0.0148,941.706,7.44,-0.0085,94.025,7.31,-0.0080,512.269
1994-05-31,4.31,-0.0239,469.249,5.38,-0.0194,744.774,6.36,-0.0094,839.702,6.77,-0.0037,886.987,6.99,-0.0020,796.421,7.17,-0.0018,939.984,7.58,-0.0034,93.702,7.44,-0.0029,510.776
1994-06-30,4.26,0.0076,472.817,5.51,-0.0053,740.791,6.52,-0.0063,834.453,6.97,-0.0085,879.441,7.18,-0.0075,790.455,7.34,-0.0059,934.481,7.75,-0.0053,93.205,7.63,-0.0069,507.276
1994-07-31,4.39,-0.0068,469.596,5.37,0.0152,752.086,6.33,0.0193,850.533,6.73,0.0230,899.643,6.92,0.0244,809.757,7.12,0.0216,954.644,7.46,0.0265,95.678,7.39,0.0230,518.954
1994-08-31,4.68,-0.0191,460.608,5.56,-0.0099,744.671,6.44,-0.0027,848.240,6.81,-0.0001,899.560,7,0.0001,809.850,7.19,0.0010,955.627,7.60,-0.0034,95.351,7.46,0.0013,519.636
1994-09-30,4.8,-0.0055,458.083,5.96,-0.0250,726.059,6.92,-0.0287,823.923,7.28,-0.0271,875.168,7.46,-0.0260,788.791,7.62,-0.0236,933.114,7.98,-0.0194,93.505,7.82,-0.0183,510.124
1994-10-31,5.2,-0.0267,445.857,6.18,-0.0112,717.952,7.1,-0.0069,818.244,7.48,-0.0078,868.374,7.65,-0.0068,783.409,7.81,-0.0066,926.957,8.09,-0.0008,93.434,7.97,-0.0036,508.271
1994-11-30,5.72,-0.0346,430.426,6.91,-0.0466,684.472,7.62,-0.0298,793.845,7.79,-0.0149,855.426,7.84,-0.0066,778.273,7.91,-0.0003,926.701,8.10,0.0061,94.001,7.99,0.0053,510.959
1994-12-31,5.68,0.0078,433.770,7.2,-0.0145,674.515,7.8,-0.0059,789.144,7.83,0.0038,858.649,7.84,0.0065,783.358,7.84,0.0114,937.225,8.02,0.0122,95.143,7.89,0.0134,517.831
1995-01-31,6,-0.0189,425.561,6.84,0.0316,695.842,7.39,0.0350,816.737,7.54,0.0265,881.425,7.58,0.0244,802.497,7.6,0.0230,958.819,7.81,0.0210,97.141,7.71,0.0189,527.616
1995-02-28,5.94,0.0094,429.582,6.44,0.0347,719.976,6.9,0.0409,850.168,7.06,0.0401,916.773,7.15,0.0365,831.782,7.22,0.0329,990.380,7.58,0.0223,99.311,7.46,0.0237,540.135
1995-03-31,5.88,0.0094,433.624,6.49,0.0018,721.238,6.92,0.0043,853.851,7.08,0.0045,920.876,7.17,0.0046,835.572,7.2,0.0074,997.726,7.54,0.0091,100.212,7.44,0.0076,544.241
1995-04-30,5.87,0.0056,436.071,6.32,0.0178,734.071,6.72,0.0201,870.992,6.88,0.0201,939.392,6.95,0.0216,853.581,7.07,0.0152,1012.847,7.42,0.0146,101.676,7.34,0.0132,551.402
1995-05-31,5.81,0.0094,440.156,5.8,0.0441,766.419,5.95,0.0627,925.567,6.08,0.0647,1000.135,6.18,0.0623,906.717,6.3,0.0620,1075.687,6.72,0.0563,107.397,6.67,0.0542,581.267
1995-06-30,5.6,0.0207,449.248,5.65,0.0161,778.761,5.88,0.0102,934.973,5.98,0.0125,1012.603,6.12,0.0096,915.387,6.21,0.0118,1088.423,6.64,0.0113,108.615,6.63,0.0084,586.168
1995-07-31,5.6,0.0047,451.344,5.67,0.0032,781.259,6.02,-0.0054,929.886,6.16,-0.0082,1004.272,6.35,-0.0116,904.737,6.45,-0.0122,1075.136,6.88,-0.0115,107.365,6.86,-0.0108,579.822
1995-08-31,5.45,0.0160,458.585,5.65,0.0062,786.124,5.95,0.0102,939.374,6.07,0.0118,1016.088,6.21,0.0155,918.800,6.28,0.0178,1094.256,6.72,0.0172,109.209,6.65,0.0208,591.876
1995-09-30,5.4,0.0083,462.410,5.65,0.0047,789.825,5.91,0.0079,946.822,6.01,0.0095,1025.733,6.11,0.0125,930.313,6.17,0.0133,1108.812,6.60,0.0142,110.763,6.49,0.0171,602.002
1995-10-31,5.48,-0.0016,461.690,5.55,0.0123,799.506,5.7,0.0207,966.389,5.81,0.0199,1046.170,5.92,0.0192,948.166,6.03,0.0155,1125.974,6.40,0.0200,112.981,6.34,0.0163,611.831
1995-11-30,5.48,0.0046,463.798,5.36,0.0191,814.771,5.41,0.0268,992.271,5.53,0.0260,1073.367,5.68,0.0229,969.917,5.76,0.0252,1154.358,6.20,0.0200,115.239,6.14,0.0200,624.052
1995-12-31,5.1,0.0339,479.501,5.18,0.0183,829.673,5.25,0.0168,1008.897,5.38,0.0160,1090.562,5.49,0.0191,988.457,5.58,0.0184,1175.561,6.01,0.0192,117.452,5.96,0.0184,635.565
1996-01-31,5.05,0.0081,483.391,4.9,0.0261,851.330,5.06,0.0190,1028.114,5.25,0.0144,1106.303,5.46,0.0068,995.227,5.6,0.0031,1179.257,6.07,0.0006,117.521,6.03,-0.0002,635.437
1996-02-29,5.02,0.0065,486.548,5.23,-0.0212,833.282,5.56,-0.0335,993.665,5.73,-0.0316,1071.393,5.99,-0.0347,960.741,6.13,-0.0343,1138.827,6.57,-0.0310,113.883,6.48,-0.0275,617.948
1996-03-31,5.13,-0.0043,484.463,5.41,-0.0093,825.519,5.91,-0.0213,972.451,6.10,-0.0225,1047.335,6.3,-0.0176,943.818,6.34,-0.0102,1127.237,6.83,-0.0130,112.398,6.67,-0.0082,612.866
1996-04-30,5.14,0.0035,486.162,5.62,-0.0113,816.197,6.19,-0.0156,957.284,6.40,-0.0167,1029.851,6.58,-0.0149,929.745,6.66,-0.0177,1107.314,7.06,-0.0105,111.216,6.89,-0.0101,606.699
1996-05-31,5.18,0.0012,486.751,5.77,-0.0065,810.872,6.44,-0.0130,944.881,6.64,-0.0119,1017.595,6.78,-0.0088,921.575,6.85,-0.0080,1098.495,7.17,-0.0018,111.013,7,-0.0020,605.468
1996-06-30,5.18,0.0043,488.852,5.7,0.0101,819.026,6.3,0.0156,959.598,6.47,0.0178,1035.744,6.61,0.0179,938.047,6.73,0.0143,1114.193,7.03,0.0159,112.773,6.9,0.0129,613.297
1996-07-31,5.32,-0.0064,485.741,5.85,-0.0064,813.770,6.39,-0.0013,958.364,6.57,-0.0018,1033.868,6.68,0.0005,938.508,6.8,0.0006,1114.881,7.07,0.0030,113.116,6.98,0.0001,613.354
1996-08-31,5.29,0.0067,489.007,5.91,0.0004,814.113,6.54,-0.0055,953.098,6.73,-0.0060,1027.698,6.86,-0.0072,931.722,6.96,-0.0057,1108.574,7.28,-0.0088,112.125,7.13,-0.0047,610.459
1996-09-30,5.14,0.0159,496.806,5.71,0.0199,830.322,6.28,0.0244,976.380,6.46,0.0252,1053.550,6.6,0.0244,954.474,6.72,0.0230,1134.039,7.05,0.0223,114.623,6.93,0.0201,622.739
1996-10-31,5.17,0.0020,497.789,5.44,0.0252,851.281,5.92,0.0319,1007.572,6.10,0.0319,1087.134,6.24,0.0318,984.850,6.37,0.0310,1169.242,6.74,0.0280,117.836,6.66,0.0251,638.398
1996-11-30,5.13,0.0074,501.467,5.38,0.0091,859.027,5.7,0.0214,1029.158,5.84,0.0244,1113.711,5.97,0.0252,1009.657,6.06,0.0282,1202.173,6.45,0.0266,120.973,6.36,0.0274,655.869
1996-12-31,5.21,-0.0019,500.534,5.51,-0.0053,854.433,6.04,-0.0203,1008.225,6.21,-0.0222,1088.958,6.34,-0.0220,987.488,6.43,-0.0218,1175.998,6.73,-0.0146,119.201,6.65,-0.0155,645.694
1997-01-31,5.15,0.0090,505.017,5.58,-0.0007,853.848,6.08,0.0021,1010.329,6.26,0.0015,1090.615,6.4,0.0009,988.404,6.53,-0.0019,1173.813,6.86,-0.0036,118.768,6.8,-0.0052,642.368
1997-02-28,5.22,-0.0011,504.474,5.67,-0.0021,852.050,6.23,-0.0059,1004.361,6.39,-0.0042,1086.008,6.5,-0.0019,986.533,6.56,0.0033,1177.663,6.91,0.0022,119.026,6.8,0.0057,646.008
1997-03-31,5.35,-0.0056,501.672,6.02,-0.0211,834.048,6.6,-0.0214,982.843,6.77,-0.0218,1062.332,6.89,-0.0223,964.560,6.92,-0.0201,1154.040,7.22,-0.0159,117.130,7.1,-0.0154,636.038
1997-04-30,5.28,0.0098,506.593,5.9,0.0139,845.666,6.42,0.0186,1001.079,6.57,0.0200,1083.630,6.68,0.0208,984.616,6.72,0.0201,1177.209,7.05,0.0180,119.238,6.95,0.0165,646.557
1997-05-31,4.96,0.0292,521.400,5.78,0.0139,857.403,6.37,0.0090,1010.073,6.51,0.0098,1094.259,6.61,0.0106,995.053,6.67,0.0092,1188.022,6.99,0.0101,120.444,6.92,0.0079,651.676
1997-06-30,5.25,-0.0181,511.981,5.67,0.0131,868.612,6.25,0.0141,1024.294,6.40,0.0134,1108.933,6.49,0.0142,1009.167,6.51,0.0171,1208.355,6.86,0.0151,122.259,6.8,0.0143,661.009
1997-07-31,5.25,0.0044,514.221,5.45,0.0214,887.208,5.81,0.0380,1063.242,5.90,0.0425,1156.029,5.99,0.0424,1051.947,6.02,0.0416,1258.645,6.35,0.0428,127.495,6.3,0.0421,688.857
1997-08-31,5.24,0.0051,516.865,5.59,-0.0060,881.879,6.1,-0.0165,1045.698,6.22,-0.0185,1134.637,6.33,-0.0198,1031.151,6.34,-0.0183,1235.641,6.69,-0.0191,125.064,6.61,-0.0170,677.119
1997-09-30,5.06,0.0183,526.307,5.47,0.0137,894.005,5.88,0.0214,1068.116,6.00,0.0214,1158.973,6.11,0.0215,1053.278,6.12,0.0215,1262.157,6.47,0.0215,127.752,6.41,0.0200,690.675
1997-10-31,5.21,-0.0073,522.472,5.36,0.0129,905.568,5.7,0.0184,1087.762,5.72,0.0260,1189.071,5.87,0.0229,1077.442,5.84,0.0260,1294.915,6.21,0.0244,130.873,6.15,0.0244,707.549
1997-11-30,5.22,0.0036,524.340,5.52,-0.0076,898.661,5.8,-0.0027,1084.812,5.83,-0.0034,1184.993,5.89,0.0034,1081.111,5.86,0.0034,1299.290,6.12,0.0118,132.416,6.04,0.0132,716.919
1997-12-31,5.36,-0.0063,521.031,5.51,0.0054,903.475,5.68,0.0138,1099.822,5.71,0.0138,1201.405,5.77,0.0139,1096.111,5.75,0.0131,1316.323,6.02,0.0125,134.070,5.93,0.0132,726.377
1998-01-31,5.19,0.0175,530.157,5.24,0.0253,926.304,5.35,0.0299,1132.680,5.39,0.0291,1236.357,5.51,0.0245,1122.933,5.53,0.0214,1344.510,5.88,0.0154,136.138,5.82,0.0131,735.922
1998-02-28,5.32,-0.0056,527.191,5.41,-0.0085,918.385,5.55,-0.0106,1120.630,5.59,-0.0106,1223.280,5.67,-0.0074,1114.602,5.62,-0.0022,1341.602,5.99,-0.0032,135.697,5.92,-0.0026,734.031
1998-03-31,5.16,0.0167,536.012,5.41,0.0045,922.525,5.61,0.0001,1120.752,5.64,0.0009,1224.381,5.74,-0.0005,1114.031,5.67,0.0009,1342.849,6.02,0.0028,136.074,5.94,0.0035,736.564
1998-04-30,5,0.0167,544.959,5.4,0.0053,927.385,5.62,0.0039,1125.148,5.65,0.0039,1229.215,5.74,0.0048,1119.360,5.68,0.0040,1348.187,6.04,0.0035,136.556,5.95,0.0042,739.664
1998-05-31,5.03,0.0018,545.965,5.42,0.0030,930.150,5.54,0.0107,1137.215,5.56,0.0115,1243.350,5.63,0.0131,1133.974,5.56,0.0138,1366.774,5.90,0.0154,138.663,5.81,0.0154,751.054
1998-06-30,5.1,-0.0012,545.308,5.38,0.0076,937.182,5.49,0.0084,1146.769,5.47,0.0115,1257.588,5.52,0.0130,1148.722,5.44,0.0137,1385.550,5.73,0.0176,141.109,5.62,0.0191,765.427
1998-07-31,5.1,0.0043,547.625,5.38,0.0045,941.384,5.48,0.0053,1152.884,5.52,0.0008,1258.568,5.56,0.0016,1150.540,5.5,0.0000,1385.542,5.81,-0.0012,140.941,5.72,-0.0028,763.280
1998-08-31,4.96,0.0151,555.901,4.95,0.0379,977.026,4.85,0.0537,1214.794,4.91,0.0520,1324.064,5.03,0.0456,1203.028,5.05,0.0394,1440.064,5.45,0.0321,145.471,5.3,0.0368,791.399
1998-09-30,4.37,0.0512,584.365,4.41,0.0471,1023.068,4.26,0.0514,1277.185,4.23,0.0587,1401.793,4.38,0.0560,1270.426,4.44,0.0527,1515.974,5.17,0.0261,149.261,4.98,0.0292,814.524
1998-10-31,4.33,0.0068,588.362,4.18,0.0222,1045.771,4.24,0.0052,1283.769,4.24,0.0027,1405.609,4.47,-0.0035,1265.985,4.64,-0.0121,1497.702,5.38,-0.0117,147.519,5.15,-0.0089,807.256
1998-11-30,4.57,-0.0154,579.326,4.53,-0.0242,1020.434,4.54,-0.0202,1257.826,4.51,-0.0179,1380.498,4.7,-0.0143,1247.830,4.74,-0.0040,1491.752,5.33,0.0083,148.743,5.08,0.0097,815.081
1998-12-31,4.48,0.0110,585.670,4.53,0.0038,1024.286,4.55,0.0030,1261.590,4.56,-0.0002,1380.229,4.73,0.0016,1249.782,4.65,0.0110,1508.214,5.39,-0.0001,148.725,5.09,0.0035,817.903
1999-01-31,4.48,0.0037,587.856,4.51,0.0054,1029.776,4.57,0.0022,1264.380,4.55,0.0046,1386.566,4.72,0.0047,1255.689,4.66,0.0031,1512.871,5.35,0.0075,149.847,5.09,0.0042,821.372
1999-02-28,4.66,-0.0104,581.724,4.88,-0.0251,1003.973,5.16,-0.0415,1211.855,5.21,-0.0468,1321.646,5.39,-0.0470,1196.650,5.29,-0.0442,1445.929,5.85,-0.0328,144.937,5.57,-0.0320,795.124
1999-03-31,4.49,0.0174,591.828,4.72,0.0166,1020.660,5.07,0.0112,1225.485,5.12,0.0113,1336.544,5.38,0.0053,1202.936,5.25,0.0075,1456.730,5.92,-0.0003,144.891,5.63,0.0001,795.227
1999-04-30,4.55,-0.0010,591.234,4.78,-0.0008,1019.883,5.17,-0.0035,1221.247,5.24,-0.0049,1329.965,5.42,0.0014,1204.675,5.36,-0.0040,1450.901,5.94,0.0035,145.391,5.68,0.0009,795.975
1999-05-31,4.66,-0.0049,588.358,4.97,-0.0108,1008.918,5.51,-0.0214,1195.108,5.60,-0.0227,1299.716,5.83,-0.0260,1173.313,5.64,-0.0166,1426.844,6.15,-0.0105,143.869,5.84,-0.0072,790.257
1999-06-30,4.78,-0.0055,585.118,5.07,-0.0036,1005.309,5.59,-0.0014,1193.393,5.67,-0.0006,1298.952,5.93,-0.0026,1170.311,5.81,-0.0080,1415.460,6.29,-0.0051,143.136,5.98,-0.0055,785.916
1999-07-31,4.75,0.0063,588.824,5.13,-0.0004,1004.913,5.7,-0.0036,1189.112,5.82,-0.0065,1290.565,6.1,-0.0076,1161.453,5.92,-0.0033,1410.760,6.40,-0.0027,142.744,6.11,-0.0046,782.317
1999-08-31,4.98,-0.0139,580.657,5.3,-0.0087,996.164,5.82,-0.0042,1184.123,5.88,0.0004,1291.067,6.2,-0.0022,1158.848,5.98,0.0005,1411.456,6.49,-0.0012,142.576,6.07,0.0080,788.606
1999-09-30,4.88,0.0119,587.589,5.22,0.0105,1006.672,5.7,0.0138,1200.517,5.78,0.0124,1307.036,6.1,0.0125,1173.364,5.9,0.0109,1426.876,6.47,0.0069,143.554,6.06,0.0058,793.177
1999-10-31,5.12,-0.0144,579.119,5.43,-0.0116,995.005,5.9,-0.0101,1188.387,5.97,-0.0092,1294.946,6.19,-0.0015,1171.589,6.02,-0.0039,1421.244,6.52,0.0018,143.810,6.16,-0.0023,791.361
1999-11-30,5.3,-0.0095,573.629,5.7,-0.0157,979.369,6.05,-0.0061,1181.081,6.11,-0.0053,1288.053,6.28,-0.0014,1169.936,6.18,-0.0067,1411.700,6.62,-0.0018,143.557,6.29,-0.0044,787.918
1999-12-31,5.33,0.0021,574.851,5.98,-0.0160,963.728,6.29,-0.0125,1166.355,6.36,-0.0131,1271.193,6.55,-0.0142,1153.284,6.45,-0.0144,1391.364,6.83,-0.0094,142.203,6.48,-0.0085,781.220
2000-01-31,5.76,-0.0277,558.926,6.3,-0.0184,946.042,6.65,-0.0206,1142.332,6.71,-0.0198,1246.083,6.75,-0.0088,1143.099,6.68,-0.0111,1375.905,6.72,0.0136,144.132,6.49,0.0047,784.874
2000-02-29,5.78,0.0033,560.774,6.2,0.0126,957.939,6.58,0.0106,1154.420,6.61,0.0128,1262.011,6.67,0.0114,1156.086,6.42,0.0244,1409.510,6.46,0.0244,147.652,6.15,0.0304,808.712
2000-03-31,5.88,-0.0026,559.306,6.28,-0.0007,957.295,6.44,0.0156,1172.461,6.32,0.0266,1295.627,6.28,0.0340,1195.421,6.03,0.0341,1457.636,6.20,0.0244,151.259,5.84,0.0282,831.529
2000-04-30,5.82,0.0094,564.549,6.24,0.0082,965.105,6.64,-0.0090,1161.915,6.56,-0.0120,1280.041,6.49,-0.0099,1183.528,6.23,-0.0096,1443.633,6.31,-0.0029,150.828,5.97,-0.0048,827.573
2000-05-31,5.63,0.0191,575.353,6.37,-0.0042,961.003,6.66,0.0041,1166.677,6.54,0.0069,1288.886,6.52,0.0032,1187.366,6.29,0.0008,1444.808,6.42,-0.0027,150.417,6.02,0.0013,828.633
2000-06-30,5.88,-0.0139,567.360,6.08,0.0267,986.633,6.31,0.0311,1202.916,6.18,0.0318,1329.933,6.25,0.0252,1217.249,6.03,0.0244,1480.116,6.26,0.0170,152.980,5.9,0.0139,840.176
2000-07-31,6.27,-0.0236,553.982,6.07,0.0058,992.359,6.24,0.0104,1215.399,6.16,0.0066,1338.734,6.19,0.0096,1228.942,6.04,0.0043,1486.461,6.13,0.0148,155.240,5.79,0.0131,851.206
2000-08-31,6.31,0.0023,555.261,6.22,-0.0059,986.484,6.09,0.0162,1235.142,5.98,0.0185,1363.438,5.98,0.0207,1254.379,5.73,0.0282,1528.437,5.96,0.0177,157.988,5.67,0.0138,862.980
2000-09-30,6.23,0.0111,561.430,6.07,0.0162,1002.502,5.91,0.0184,1257.915,5.85,0.0147,1383.427,5.93,0.0087,1265.282,5.8,-0.0004,1527.752,6.13,-0.0075,156.798,5.88,-0.0109,853.585
2000-10-31,6.38,-0.0057,558.226,6.12,0.0014,1003.888,5.87,0.0079,1267.853,5.83,0.0064,1392.233,5.87,0.0094,1277.180,5.77,0.0071,1538.561,6.02,0.0132,158.873,5.79,0.0116,863.503
2000-11-30,6.21,0.0178,568.143,5.92,0.0199,1023.906,5.52,0.0313,1307.596,5.42,0.0360,1442.344,5.5,0.0329,1319.180,5.48,0.0268,1579.747,5.78,0.0229,162.518,5.6,0.0191,880.024
2000-12-31,5.89,0.0290,584.593,5.32,0.0507,1075.827,5.06,0.0401,1360.062,4.99,0.0378,1496.911,5.16,0.0307,1359.702,5.12,0.0323,1630.757,5.59,0.0191,165.627,5.46,0.0153,893.470
2001-01-31,4.99,0.0746,628.226,4.6,0.0613,1141.724,4.67,0.0349,1407.517,4.85,0.0151,1519.480,5.08,0.0105,1373.941,5.19,-0.0011,1628.952,5.65,0.0002,165.652,5.54,-0.0015,892.137
2001-02-28,4.85,0.0151,637.698,4.47,0.0142,1157.886,4.48,0.0190,1434.219,4.70,0.0158,1543.523,4.93,0.0159,1395.770,4.92,0.0253,1670.186,5.51,0.0153,168.186,5.34,0.0199,909.856
2001-03-31,4.3,0.0481,668.350,4.09,0.0344,1197.774,4.33,0.0157,1456.769,4.62,0.0102,1559.304,4.86,0.0096,1409.121,4.93,0.0033,1675.736,5.60,-0.0022,167.818,5.46,-0.0046,905.629
2001-04-30,3.95,0.0321,689.785,3.94,0.0156,1216.487,4.55,-0.0138,1436.674,4.97,-0.0233,1522.983,5.22,-0.0235,1375.945,5.35,-0.0279,1629.000,5.92,-0.0191,164.617,5.78,-0.0193,888.106
2001-05-31,3.63,0.0297,710.301,3.63,0.0289,1251.653,4.49,0.0086,1448.960,4.94,0.0065,1532.839,5.27,0.0005,1376.669,5.43,-0.0016,1626.371,5.95,0.0027,165.063,5.78,0.0048,892.384
2001-06-30,3.65,0.0014,711.277,3.72,-0.0044,1246.168,4.52,0.0014,1450.938,4.97,0.0018,1535.583,5.28,0.0036,1381.663,5.42,0.0053,1634.965,5.91,0.0079,166.371,5.75,0.0071,898.684
2001-07-31,3.54,0.0122,719.936,3.53,0.0189,1269.697,4.06,0.0410,1510.444,4.57,0.0358,1590.484,4.86,0.0371,1432.978,5.07,0.0315,1686.520,5.61,0.0275,170.948,5.51,0.0229,919.301
2001-08-31,3.37,0.0172,732.304,3.41,0.0130,1286.161,3.91,0.0156,1534.031,4.46,0.0125,1610.439,4.72,0.0150,1454.524,4.85,0.0214,1722.583,5.47,0.0153,173.560,5.39,0.0137,931.911
2001-09-30,2.4,0.0880,796.716,2.49,0.0832,1393.225,3.22,0.0614,1628.279,3.93,0.0469,1685.966,4.37,0.0319,1500.860,4.6,0.0238,1763.529,5.45,0.0061,174.614,5.42,0.0022,933.974
2001-10-31,2.05,0.0333,823.218,2.07,0.0396,1448.333,2.87,0.0327,1681.530,3.66,0.0256,1729.060,4.03,0.0312,1547.702,4.3,0.0278,1812.639,5.05,0.0354,180.804,4.89,0.0458,976.725
2001-11-30,1.78,0.0262,844.748,2.06,0.0026,1452.124,3.3,-0.0337,1624.821,4.08,-0.0309,1675.590,4.55,-0.0378,1489.238,4.78,-0.0340,1751.054,5.54,-0.0328,174.874,5.27,-0.0250,952.323
2001-12-31,1.74,0.0051,849.067,2.17,-0.0081,1440.434,3.59,-0.0213,1590.266,4.38,-0.0205,1641.202,4.84,-0.0188,1461.187,5.07,-0.0184,1718.832,5.74,-0.0103,173.065,5.48,-0.0115,941.361
2002-01-31,1.76,-0.0004,848.759,2.29,-0.0088,1427.782,3.7,-0.0061,1580.613,4.42,0.0005,1641.968,4.82,0.0056,1469.363,5.07,0.0042,1726.094,5.68,0.0093,174.672,5.44,0.0076,948.516
2002-02-28,1.79,-0.0012,847.699,2.25,0.0054,1435.558,3.64,0.0080,1593.321,4.27,0.0157,1667.759,4.7,0.0134,1489.114,4.88,0.0190,1758.928,5.61,0.0100,176.419,5.54,-0.0030,945.653
2002-03-31,1.79,0.0015,848.964,2.7,-0.0370,1382.375,4.31,-0.0506,1512.744,4.91,-0.0462,1590.684,5.29,-0.0412,1427.823,5.42,-0.0369,1693.952,6.03,-0.0263,171.773,5.91,-0.0229,924.044
2002-04-30,1.77,0.0033,851.768,2.35,0.0331,1428.063,3.83,0.0429,1577.621,4.53,0.0342,1645.052,4.88,0.0363,1479.709,5.11,0.0284,1742.061,5.74,0.0267,176.364,5.72,0.0192,941.743
2002-05-31,1.74,0.0042,855.343,2.34,0.0028,1432.117,3.73,0.0114,1595.634,4.37,0.0165,1672.261,4.77,0.0127,1498.469,5.08,0.0066,1753.512,5.77,0.0025,176.812,5.75,0.0025,944.119
2002-06-30,1.7,0.0051,859.693,2.06,0.0269,1470.710,3.37,0.0332,1648.677,4.09,0.0263,1716.208,4.52,0.0238,1534.100,4.86,0.0214,1791.007,5.65,0.0138,179.256,5.7,0.0085,952.182
2002-07-31,1.71,0.0005,860.130,1.8,0.0252,1507.821,2.67,0.0634,1753.273,3.53,0.0499,1801.884,4.09,0.0385,1593.214,4.51,0.0318,1847.940,5.41,0.0229,183.369,5.51,0.0191,970.386
2002-08-31,1.69,0.0032,862.920,1.74,0.0069,1518.291,2.5,0.0171,1783.209,3.22,0.0291,1854.283,3.78,0.0288,1639.174,4.14,0.0336,1910.035,5.06,0.0315,189.152,5.11,0.0354,1004.747
2002-09-30,1.57,0.0124,873.611,1.53,0.0207,1549.725,2.02,0.0450,1863.495,2.63,0.0539,1954.210,3.25,0.0478,1717.483,3.63,0.0456,1997.144,4.75,0.0285,194.544,4.88,0.0222,1027.022
2002-10-31,1.44,0.0133,885.214,1.46,0.0077,1561.683,2.05,-0.0010,1861.638,2.81,-0.0133,1928.233,3.45,-0.0140,1693.494,3.93,-0.0214,1954.371,5.03,-0.0177,191.101,5.28,-0.0265,999.799
2002-11-30,1.22,0.0217,904.414,1.56,-0.0079,1549.286,2.51,-0.0385,1790.053,3.28,-0.0372,1856.556,3.88,-0.0322,1638.890,4.22,-0.0200,1915.230,5.18,-0.0073,189.701,5.23,0.0082,1008.028
2002-12-31,1.22,0.0010,905.333,1.32,0.0235,1585.755,1.99,0.0487,1877.192,2.78,0.0458,1941.604,3.36,0.0468,1715.560,3.83,0.0354,1983.115,4.83,0.0316,195.703,5.03,0.0198,1028.012
2003-01-31,1.18,0.0047,909.633,1.31,0.0020,1588.970,2.16,-0.0134,1851.956,3.02,-0.0181,1906.426,3.55,-0.0130,1693.316,4,-0.0106,1962.069,4.93,-0.0037,194.970,5.03,0.0042,1032.321
2003-02-28,1.2,-0.0009,908.832,1.24,0.0076,1601.053,1.91,0.0243,1896.936,2.69,0.0311,1965.665,3.24,0.0291,1742.543,3.71,0.0272,2015.461,4.70,0.0222,199.293,4.9,0.0143,1047.090
2003-03-31,1.14,0.0066,914.840,1.19,0.0057,1610.175,1.93,-0.0002,1896.546,2.78,-0.0055,1954.830,3.35,-0.0065,1731.188,3.83,-0.0067,2001.892,4.84,-0.0070,197.897,5.07,-0.0090,1037.626
2003-04-30,1.13,0.0019,916.565,1.22,-0.0018,1607.273,1.95,-0.0002,1896.191,2.85,-0.0037,1947.610,3.39,-0.0006,1730.230,3.89,-0.0017,1998.477,4.79,0.0079,199.469,5,0.0096,1047.635
2003-05-31,1.11,0.0028,919.145,1.13,0.0094,1622.441,1.58,0.0355,1963.436,2.30,0.0509,2046.735,2.87,0.0474,1812.289,3.37,0.0468,2091.942,4.36,0.0383,207.111,4.59,0.0365,1085.912
2003-06-30,0.9,0.0208,938.268,1.09,0.0047,1630.053,1.66,-0.0060,1951.714,2.46,-0.0121,2021.997,3.03,-0.0112,1791.947,3.54,-0.0113,2068.293,4.52,-0.0090,205.239,4.81,-0.0134,1071.399
2003-07-31,0.96,-0.0049,933.658,1.28,-0.0167,1602.776,2.33,-0.0576,1839.225,3.38,-0.0749,1870.505,3.98,-0.0747,1658.106,4.49,-0.0724,1918.527,5.43,-0.0653,191.836,5.56,-0.0526,1015.068
2003-08-31,0.98,-0.0011,932.645,1.35,-0.0054,1594.105,2.51,-0.0138,1813.893,3.46,-0.0039,1863.303,4,0.0017,1660.913,4.45,0.0069,1931.804,5.33,0.0122,194.166,5.3,0.0245,1039.925
2003-09-30,0.95,0.0036,936.048,1.15,0.0198,1625.698,1.95,0.0524,1908.875,2.85,0.0553,1966.262,3.41,0.0526,1748.317,3.96,0.0436,2015.979,4.91,0.0371,201.371,5.07,0.0222,1062.980
2003-10-31,0.96,-0.0002,935.906,1.31,-0.0139,1603.141,2.36,-0.0344,1843.138,3.27,-0.0330,1901.468,3.8,-0.0291,1697.384,4.33,-0.0263,1963.010,5.20,-0.0182,197.715,5.28,-0.0118,1050.409
2003-11-30,0.93,0.0036,939.309,1.39,-0.0063,1593.049,2.56,-0.0155,1814.658,3.38,-0.0065,1889.150,3.89,-0.0042,1690.289,4.34,0.0028,1968.524,5.20,0.0043,198.571,5.23,0.0082,1059.054
2003-12-31,0.95,-0.0011,938.263,1.26,0.0132,1614.143,2.37,0.0188,1848.841,3.25,0.0138,1915.149,3.77,0.0131,1712.422,4.27,0.0092,1986.690,5.10,0.0120,200.962,5.23,0.0044,1063.670
2004-01-31,0.92,0.0036,941.668,1.28,-0.0008,1612.840,2.35,0.0037,1855.747,3.17,0.0095,1933.286,3.68,0.0106,1730.510,4.16,0.0124,2011.369,5.00,0.0120,203.373,5.11,0.0136,1078.140
2004-02-29,0.96,-0.0030,938.835,1.21,0.0076,1625.081,2.13,0.0215,1895.704,3.01,0.0163,1964.743,3.48,0.0197,1764.633,3.99,0.0173,2046.120,4.85,0.0159,206.599,5.01,0.0120,1091.076
2004-03-31,0.95,0.0017,940.472,1.2,0.0019,1628.234,1.99,0.0143,1922.846,2.80,0.0206,2005.183,3.33,0.0155,1791.950,3.86,0.0140,2074.668,4.77,0.0103,208.728,4.93,0.0104,1102.414
2004-04-30,0.98,-0.0020,938.557,1.55,-0.0311,1577.665,2.86,-0.0730,1782.477,3.63,-0.0663,1872.293,4.11,-0.0602,1684.022,4.53,-0.0498,1971.284,5.31,-0.0372,200.955,5.39,-0.0309,1068.379
2004-05-31,1.08,-0.0086,930.519,1.83,-0.0240,1539.808,3.1,-0.0180,1750.443,3.81,-0.0117,1850.340,4.26,-0.0086,1669.532,4.66,-0.0065,1958.559,5.39,-0.0017,200.621,5.42,0.0022,1070.744
2004-06-30,1.33,-0.0223,909.811,2.09,-0.0217,1506.466,3.16,-0.0025,1746.083,3.81,0.0032,1856.215,4.24,0.0052,1678.139,4.62,0.0070,1972.342,5.33,0.0091,202.441,5.41,0.0053,1076.394
2004-07-31,1.45,-0.0099,900.769,2.13,-0.0018,1503.729,3.09,0.0086,1761.053,3.71,0.0114,1877.392,4.13,0.0124,1698.965,4.5,0.0134,1998.702,5.24,0.0113,204.735,5.31,0.0121,1089.463
2004-08-31,1.59,-0.0116,890.330,1.99,0.0143,1525.259,2.75,0.0319,1817.248,3.33,0.0350,1943.029,3.76,0.0338,1756.448,4.13,0.0336,2065.874,4.93,0.0285,210.560,5.01,0.0276,1119.583
2004-09-30,1.71,-0.0096,881.803,2.21,-0.0178,1498.053,2.89,-0.0097,1799.612,3.38,-0.0014,1940.293,3.79,0.0007,1757.629,4.14,0.0026,2071.318,4.89,0.0072,212.081,4.97,0.0073,1127.730
2004-10-31,1.91,-0.0166,867.195,2.28,-0.0043,1491.552,2.82,0.0084,1814.778,3.30,0.0095,1958.795,3.7,0.0106,1776.212,4.05,0.0107,2093.565,4.79,0.0119,214.604,4.87,0.0119,1141.188
2004-11-30,2.23,-0.0267,844.009,2.63,-0.0285,1449.077,3.29,-0.0371,1747.368,3.72,-0.0318,1896.474,4.07,-0.0269,1728.502,4.36,-0.0214,2048.829,5.03,-0.0146,211.477,5.07,-0.0114,1128.202
2004-12-31,2.22,0.0027,846.325,2.75,-0.0082,1437.250,3.25,0.0061,1758.044,3.63,0.0105,1916.461,3.94,0.0140,1752.663,4.24,0.0133,2076.009,4.85,0.0182,215.333,4.86,0.0206,1151.437
2005-01-31,2.51,-0.0235,826.463,2.96,-0.0156,1414.769,3.43,-0.0123,1736.394,3.71,-0.0036,1909.634,3.92,0.0049,1761.275,4.14,0.0116,2100.089,4.64,0.0206,219.765,4.62,0.0230,1177.888
2005-02-28,2.76,-0.0195,810.373,3.2,-0.0178,1389.601,3.75,-0.0234,1695.693,4.00,-0.0205,1870.570,4.18,-0.0177,1730.163,4.36,-0.0141,2070.457,4.79,-0.0079,218.036,4.71,-0.0032,1174.100
2005-03-31,2.79,-0.0003,810.144,3.35,-0.0099,1375.842,3.96,-0.0140,1672.021,4.18,-0.0112,1849.699,4.33,-0.0085,1715.445,4.5,-0.0075,2054.997,4.88,-0.0030,217.378,4.76,0.0000,1174.111
2005-04-30,2.9,-0.0071,804.395,3.33,0.0045,1381.991,3.73,0.0222,1709.174,3.90,0.0263,1898.399,4.03,0.0279,1763.364,4.21,0.0271,2110.611,4.61,0.0254,222.892,4.53,0.0222,1200.149
2005-05-31,2.99,-0.0053,800.166,3.32,0.0036,1386.986,3.65,0.0097,1725.778,3.76,0.0147,1926.400,3.86,0.0173,1793.792,4,0.0206,2154.006,4.40,0.0206,227.477,4.36,0.0173,1220.965
2005-06-30,3.13,-0.0094,792.672,3.45,-0.0081,1375.789,3.67,0.0014,1728.179,3.72,0.0064,1938.778,3.8,0.0081,1808.385,3.94,0.0082,2171.711,4.28,0.0133,230.498,4.19,0.0173,1242.103
2005-07-31,3.42,-0.0216,775.545,3.8,-0.0258,1340.267,4.06,-0.0285,1678.893,4.12,-0.0292,1882.177,4.19,-0.0282,1757.361,4.28,-0.0240,2119.681,4.56,-0.0186,226.218,4.42,-0.0148,1223.702
2005-08-31,3.52,-0.0055,771.310,3.77,0.0056,1347.812,3.83,0.0222,1716.186,3.87,0.0239,1927.086,3.93,0.0247,1800.724,4.02,0.0247,2171.949,4.30,0.0246,231.785,4.23,0.0189,1246.883
2005-09-30,3.55,0.0004,771.653,4.01,-0.0163,1325.792,4.18,-0.0250,1673.306,4.18,-0.0217,1885.208,4.23,-0.0208,1763.234,4.34,-0.0222,2123.697,4.62,-0.0216,226.768,4.53,-0.0202,1221.661
2005-10-31,3.98,-0.0320,746.966,4.31,-0.0207,1298.401,4.41,-0.0148,1648.489,4.45,-0.0180,1851.320,4.49,-0.0171,1733.083,4.57,-0.0146,2092.777,4.84,-0.0133,223.749,4.73,-0.0119,1207.109
2005-11-30,3.95,0.0058,751.268,4.34,0.0012,1299.952,4.41,0.0037,1654.547,4.42,0.0061,1862.605,4.45,0.0069,1745.077,4.49,0.0102,2114.028,4.81,0.0064,225.175,4.66,0.0095,1218.516
2005-12-31,4.08,-0.0072,745.841,4.38,0.0004,1300.507,4.37,0.0069,1665.908,4.35,0.0093,1879.878,4.36,0.0109,1764.085,4.39,0.0117,2138.788,4.61,0.0198,229.630,4.51,0.0158,1237.734
2006-01-31,4.47,-0.0276,725.280,4.58,-0.0121,1284.709,4.49,-0.0059,1656.116,4.47,-0.0059,1868.780,4.49,-0.0067,1752.302,4.53,-0.0074,2122.904,4.74,-0.0063,228.172,4.69,-0.0104,1224.878
2006-02-28,4.62,-0.0081,719.405,4.73,-0.0079,1274.497,4.67,-0.0104,1638.866,4.61,-0.0073,1855.105,4.57,-0.0026,1747.780,4.55,0.0022,2127.560,4.70,0.0071,229.790,4.51,0.0182,1247.139
2006-03-31,4.63,0.0031,721.607,4.82,-0.0031,1270.563,4.83,-0.0086,1624.774,4.82,-0.0126,1831.806,4.83,-0.0165,1718.963,4.86,-0.0204,2084.213,5.07,-0.0246,224.128,4.9,-0.0266,1213.982
2006-04-30,4.77,-0.0071,716.483,4.9,-0.0022,1267.757,4.87,0.0009,1626.250,4.92,-0.0038,1824.924,4.98,-0.0076,1705.894,5.07,-0.0122,2058.870,5.31,-0.0141,220.969,5.17,-0.0167,1193.757
2006-05-31,4.86,-0.0030,714.304,5.07,-0.0090,1256.298,5.03,-0.0083,1612.728,5.04,-0.0052,1815.479,5.06,-0.0020,1702.435,5.12,0.0004,2059.641,5.35,0.0014,221.273,5.21,0.0012,1195.238
2006-06-30,5.01,-0.0076,708.903,5.21,-0.0065,1248.119,5.13,-0.0035,1607.074,5.10,-0.0004,1814.708,5.11,0.0004,1703.055,5.15,0.0020,2063.677,5.31,0.0075,222.935,5.19,0.0059,1202.262
2006-07-31,5.1,-0.0028,706.945,5.11,0.0120,1263.154,4.93,0.0198,1638.917,4.91,0.0190,1849.235,4.93,0.0182,1734.126,4.99,0.0167,2098.116,5.17,0.0152,226.320,5.07,0.0136,1218.598
2006-08-31,5.05,0.0081,712.681,5.01,0.0120,1278.310,4.71,0.0214,1673.957,4.70,0.0206,1887.303,4.7,0.0222,1772.577,4.74,0.0238,2147.961,4.95,0.0214,231.160,4.88,0.0190,1241.778
2006-09-30,4.89,0.0167,724.556,4.91,0.0120,1293.589,4.62,0.0110,1692.405,4.59,0.0126,1911.086,4.6,0.0118,1793.508,4.64,0.0118,2173.365,4.84,0.0127,234.097,4.77,0.0127,1257.522
2006-10-31,5.08,-0.0106,716.888,4.99,-0.0021,1290.864,4.62,0.0039,1698.921,4.57,0.0054,1921.416,4.57,0.0062,1804.635,4.61,0.0062,2186.911,4.81,0.0064,235.590,4.72,0.0079,1267.454
2006-11-30,5.03,0.0081,722.694,4.94,0.0080,1301.244,4.52,0.0118,1718.919,4.45,0.0133,1947.059,4.45,0.0133,1828.719,4.46,0.0158,2221.372,4.66,0.0158,239.315,4.56,0.0166,1288.473
2006-12-31,5.02,0.0050,726.283,5,-0.0005,1300.554,4.74,-0.0135,1695.748,4.70,-0.0159,1916.047,4.7,-0.0159,1799.592,4.71,-0.0159,2186.030,4.91,-0.0156,235.592,4.81,-0.0157,1268.200
2007-01-31,5.12,-0.0035,723.728,5.09,-0.0028,1296.947,4.85,-0.0046,1687.899,4.82,-0.0055,1905.594,4.82,-0.0055,1789.775,4.83,-0.0054,2174.132,5.02,-0.0044,234.551,4.93,-0.0053,1261.459
2007-02-28,5.16,0.0012,724.591,4.96,0.0143,1315.530,4.55,0.0278,1734.775,4.52,0.0278,1958.534,4.53,0.0270,1838.059,4.56,0.0254,2229.295,4.78,0.0230,239.937,4.68,0.0238,1291.435
2007-03-31,5.04,0.0136,734.428,4.9,0.0088,1327.109,4.54,0.0046,1742.726,4.54,0.0022,1962.811,4.58,-0.0002,1837.738,4.65,-0.0033,2221.971,4.92,-0.0069,238.281,4.84,-0.0086,1280.349
2007-04-30,4.91,0.0143,744.937,4.89,0.0049,1333.561,4.54,0.0038,1749.319,4.51,0.0062,1974.904,4.55,0.0062,1849.114,4.63,0.0055,2234.083,4.88,0.0072,240.000,4.81,0.0064,1288.514
2007-05-31,4.73,0.0182,758.502,4.95,-0.0006,1332.784,4.88,-0.0227,1709.617,4.86,-0.0235,1928.443,4.87,-0.0211,1810.020,4.9,-0.0171,2195.769,5.10,-0.0129,236.907,5.01,-0.0115,1273.731
2007-06-30,4.82,-0.0031,756.161,4.91,0.0072,1342.428,4.89,0.0033,1715.239,4.92,-0.0006,1927.259,4.96,-0.0029,1804.727,5.03,-0.0060,2182.661,5.21,-0.0042,235.915,5.12,-0.0043,1268.259
2007-07-31,4.96,-0.0068,750.984,4.85,0.0088,1354.202,4.55,0.0310,1768.359,4.60,0.0294,1983.830,4.67,0.0269,1853.352,4.78,0.0238,2234.506,5.00,0.0206,240.776,4.92,0.0198,1293.388
2007-08-31,4.01,0.0812,811.992,4.19,0.0571,1431.595,4.16,0.0352,1830.638,4.25,0.0319,2047.146,4.36,0.0286,1906.423,4.54,0.0230,2285.848,4.87,0.0143,244.218,4.83,0.0111,1307.778
2007-09-30,3.82,0.0189,827.342,4.05,0.0148,1452.829,4.03,0.0140,1856.281,4.23,0.0051,2057.685,4.38,0.0020,1910.309,4.59,-0.0002,2285.473,4.89,0.0025,244.829,4.83,0.0040,1313.041
2007-10-31,3.94,-0.0066,821.890,4.04,0.0042,1458.910,3.94,0.0107,1876.120,4.16,0.0092,2076.545,4.29,0.0109,1931.050,4.48,0.0126,2314.167,4.79,0.0119,247.741,4.74,0.0111,1327.591
2007-11-30,3.15,0.0701,879.523,3.26,0.0690,1559.584,3.09,0.0754,2017.597,3.41,0.0661,2213.854,3.64,0.0573,2041.656,3.97,0.0452,2418.780,4.44,0.0318,255.625,4.4,0.0310,1368.795
2007-12-31,3.36,-0.0150,866.364,3.34,-0.0040,1553.362,3.07,0.0043,2026.220,3.45,-0.0005,2212.762,3.7,-0.0019,2037.757,4.04,-0.0024,2413.060,4.50,-0.0011,255.355,4.45,-0.0003,1368.374
2008-01-31,1.96,0.1284,977.621,2.11,0.1123,1727.842,2.27,0.0732,2174.619,2.82,0.0570,2338.988,3.19,0.0461,2131.796,3.67,0.0339,2494.842,4.35,0.0157,259.371,4.35,0.0117,1384.376
2008-02-29,1.85,0.0116,988.920,1.77,0.0326,1784.096,1.87,0.0379,2257.133,2.50,0.0303,2409.864,2.96,0.0223,2179.334,3.53,0.0147,2531.482,4.37,0.0020,259.897,4.41,-0.0012,1382.780
2008-03-31,1.38,0.0450,1033.383,1.55,0.0216,1822.678,1.79,0.0088,2276.991,2.46,0.0056,2423.321,2.88,0.0093,2199.656,3.45,0.0096,2555.816,4.30,0.0092,262.300,4.3,0.0125,1400.037
2008-04-30,1.43,-0.0035,1029.810,1.85,-0.0258,1775.698,2.49,-0.0597,2141.093,3.03,-0.0465,2310.736,3.34,-0.0362,2120.115,3.77,-0.0234,2496.015,4.49,-0.0115,259.287,4.49,-0.0115,1383.952
2008-05-31,1.89,-0.0402,988.384,2.22,-0.0312,1720.244,2.93,-0.0356,2064.968,3.41,-0.0292,2243.213,3.68,-0.0253,2066.576,4.06,-0.0203,2445.248,4.74,-0.0159,255.175,4.72,-0.0143,1364.153
2008-06-30,1.9,0.0007,989.051,2.36,-0.0105,1702.243,2.91,0.0042,2073.545,3.34,0.0087,2262.751,3.61,0.0089,2084.883,3.99,0.0091,2467.427,4.59,0.0158,259.205,4.53,0.0190,1390.041
2008-07-31,1.68,0.0216,1010.417,2.27,0.0099,1719.127,2.81,0.0110,2096.411,3.25,0.0104,2286.195,3.56,0.0072,2099.801,3.99,0.0033,2475.631,4.63,0.0007,259.379,4.59,-0.0010,1388.703
2008-08-31,1.72,-0.0022,1008.161,2.17,0.0108,1737.643,2.6,0.0206,2139.586,3.10,0.0154,2321.471,3.45,0.0121,2125.289,3.83,0.0164,2516.290,4.47,0.0166,263.676,4.43,0.0166,1411.691
2008-09-30,0.92,0.0771,1085.879,1.78,0.0371,1802.142,2.28,0.0304,2204.683,2.98,0.0128,2351.234,3.38,0.0087,2143.846,3.85,0.0016,2520.205,4.43,0.0069,265.497,4.31,0.0133,1430.456
2008-10-31,0.46,0.0453,1135.079,1.34,0.0422,1878.219,1.8,0.0453,2304.590,2.80,0.0180,2393.499,3.29,0.0104,2166.099,4.01,-0.0098,2495.563,4.74,-0.0206,260.025,4.35,0.0004,1431.025
2008-11-30,0.01,0.0450,1186.140,0.9,0.0428,1958.550,1.27,0.0507,2421.517,1.93,0.0805,2586.207,2.35,0.0855,2351.219,2.93,0.0957,2734.399,3.71,0.0888,283.105,3.45,0.0787,1543.601
2008-12-31,0.11,-0.0099,1174.455,0.37,0.0523,2061.000,1,0.0265,2485.659,1.55,0.0364,2680.380,1.87,0.0452,2457.545,2.25,0.0626,2905.519,3.05,0.0592,299.866,2.69,0.0686,1649.556
2009-01-31,0.24,-0.0126,1159.610,0.51,-0.0132,2033.768,1.32,-0.0288,2414.024,1.85,-0.0258,2611.294,2.27,-0.0338,2374.524,2.87,-0.0513,2756.454,3.86,-0.0637,280.772,3.58,-0.0715,1531.609
2009-02-28,0.26,-0.0018,1157.572,0.72,-0.0196,1993.826,1.4,-0.0063,2398.856,1.99,-0.0110,2582.566,2.69,-0.0345,2292.715,3.02,-0.0104,2727.841,3.98,-0.0065,278.937,3.71,-0.0077,1519.784
2009-03-31,0.21,0.0051,1163.501,0.57,0.0150,2023.818,1.15,0.0245,2457.708,1.67,0.0308,2662.087,2.28,0.0384,2380.864,2.71,0.0293,2807.811,3.61,0.0339,288.401,3.56,0.0155,1543.390
2009-04-30,0.14,0.0071,1171.722,0.49,0.0082,2040.433,1.38,-0.0203,2407.842,2.02,-0.0299,2582.441,2.7,-0.0344,2298.899,3.16,-0.0358,2707.303,4.10,-0.0366,277.848,4.05,-0.0367,1486.706
2009-05-31,0.14,0.0001,1171.859,0.47,0.0023,2045.215,1.42,-0.0025,2401.731,2.34,-0.0265,2514.030,3.06,-0.0283,2233.742,3.47,-0.0232,2644.521,4.34,-0.0158,273.470,4.34,-0.0198,1457.278
2009-06-30,0.19,-0.0048,1166.242,0.56,-0.0083,2028.285,1.64,-0.0189,2356.396,2.54,-0.0155,2475.099,3.19,-0.0084,2214.918,3.53,-0.0021,2638.989,4.30,0.0068,275.335,4.32,0.0052,1464.879
2009-07-31,0.18,0.0011,1167.573,0.48,0.0082,2044.927,1.62,0.0032,2363.918,2.53,0.0030,2482.496,3.14,0.0069,2230.180,3.52,0.0038,2648.945,4.29,0.0044,276.542,4.31,0.0044,1471.325
2009-08-31,0.15,0.0031,1171.194,0.43,0.0052,2055.661,1.49,0.0133,2395.342,2.39,0.0144,2518.254,3.03,0.0120,2256.893,3.4,0.0130,2683.284,4.14,0.0157,280.876,4.18,0.0141,1492.007
2009-09-30,0.14,0.0011,1172.494,0.4,0.0033,2062.387,1.45,0.0049,2407.136,2.31,0.0090,2541.034,2.93,0.0111,2281.893,3.31,0.0104,2711.161,4.02,0.0132,284.580,4.03,0.0156,1515.351
2009-10-31,0.05,0.0090,1183.068,0.37,0.0033,2069.094,1.43,0.0031,2414.481,2.31,0.0019,2545.925,2.98,-0.0018,2277.731,3.41,-0.0056,2695.989,4.19,-0.0103,281.640,4.23,-0.0127,1496.100
2009-11-30,0.06,-0.0009,1181.948,0.27,0.0101,2089.965,1.12,0.0302,2487.425,2.01,0.0288,2619.187,2.69,0.0276,2340.548,3.21,0.0197,2749.136,4.07,0.0132,285.359,4.2,0.0059,1504.983
2009-12-31,0.06,0.0001,1182.007,0.47,-0.0191,2049.981,1.7,-0.0518,2358.599,2.69,-0.0572,2469.451,3.39,-0.0563,2208.786,3.85,-0.0497,2612.590,4.58,-0.0369,274.831,4.63,-0.0304,1459.254
2010-01-31,0.08,-0.0019,1179.731,0.3,0.0170,2084.809,1.38,0.0310,2431.666,2.34,0.0331,2551.085,3.08,0.0291,2273.156,3.63,0.0214,2668.481,4.38,0.0198,280.263,4.51,0.0134,1478.762
2010-02-28,0.13,-0.0049,1174.000,0.32,-0.0017,2081.264,1.36,0.0030,2438.960,2.30,0.0055,2565.061,3.05,0.0051,2284.788,3.61,0.0047,2680.969,4.40,0.0021,280.839,4.55,0.0006,1479.641
2010-03-31,0.16,-0.0028,1170.663,0.41,-0.0085,2063.634,1.6,-0.0208,2388.245,2.55,-0.0199,2514.101,3.28,-0.0168,2246.415,3.84,-0.0158,2638.578,4.55,-0.0082,278.537,4.72,-0.0095,1465.513
2010-04-30,0.16,0.0001,1170.819,0.41,0.0003,2064.339,1.51,0.0096,2411.157,2.43,0.0126,2545.888,3.12,0.0163,2283.010,3.69,0.0156,2679.642,4.36,0.0190,283.817,4.53,0.0190,1493.324
2010-05-31,0.16,0.0001,1170.975,0.34,0.0072,2079.124,1.26,0.0245,2470.218,2.10,0.0314,2625.902,2.75,0.0345,2361.827,3.31,0.0350,2773.365,4.05,0.0287,291.975,4.22,0.0287,1536.159
2010-06-30,0.18,-0.0018,1168.831,0.32,0.0022,2083.769,1,0.0255,2533.302,1.79,0.0298,2704.162,2.42,0.0312,2435.590,2.97,0.0318,2861.499,3.74,0.0289,300.403,3.91,0.0288,1580.397
2010-07-31,0.15,0.0031,1172.456,0.29,0.0032,2090.431,0.84,0.0160,2573.902,1.60,0.0189,2755.137,2.3,0.0126,2466.286,2.94,0.0050,2875.919,3.74,0.0031,301.339,3.98,-0.0024,1576.554
2010-08-31,0.14,0.0011,1173.757,0.25,0.0042,2099.121,0.72,0.0122,2605.214,1.33,0.0263,2827.708,1.92,0.0361,2555.273,2.47,0.0436,3001.209,3.23,0.0461,315.230,3.52,0.0415,1642.048
2010-09-30,0.16,-0.0019,1171.585,0.27,-0.0017,2095.453,0.64,0.0083,2626.772,1.27,0.0067,2846.603,1.91,0.0025,2561.660,2.53,-0.0032,2991.681,3.38,-0.0099,312.123,3.69,-0.0111,1623.858
2010-10-31,0.12,0.0041,1176.360,0.22,0.0051,2106.197,0.51,0.0131,2661.154,1.17,0.0104,2876.195,1.89,0.0034,2570.350,2.63,-0.0066,2972.023,3.64,-0.0187,306.297,3.99,-0.0213,1589.274
2010-11-30,0.17,-0.0048,1170.696,0.27,-0.0047,2096.285,0.72,-0.0196,2608.891,1.47,-0.0266,2799.648,2.16,-0.0224,2512.747,2.81,-0.0133,2932.516,3.80,-0.0101,303.209,4.12,-0.0072,1577.878
2010-12-31,0.12,0.0051,1176.631,0.29,-0.0017,2092.661,1.02,-0.0276,2536.817,2.01,-0.0471,2667.766,2.71,-0.0457,2397.795,3.3,-0.0388,2818.694,4.13,-0.0235,296.094,4.34,-0.0141,1555.562
2011-01-31,0.15,-0.0029,1173.275,0.26,0.0032,2099.309,0.98,0.0046,2548.540,1.95,0.0071,2686.604,2.71,0.0023,2403.210,3.42,-0.0073,2798.202,4.33,-0.0125,292.380,4.58,-0.0153,1531.698
2011-02-28,0.15,0.0001,1173.422,0.25,0.0012,2101.819,1.18,-0.0178,2503.052,2.13,-0.0144,2647.945,2.82,-0.0072,2385.907,3.42,0.0029,2806.176,4.25,0.0100,295.312,4.49,0.0110,1548.479
2011-03-31,0.09,0.0060,1180.518,0.3,-0.0047,2091.996,1.29,-0.0092,2479.961,2.24,-0.0080,2626.873,2.9,-0.0045,2375.167,3.47,-0.0013,2802.486,4.29,0.0003,295.411,4.51,0.0022,1551.819
2011-04-30,0.04,0.0050,1186.447,0.22,0.0081,2108.927,1.01,0.0274,2547.994,1.97,0.0261,2695.384,2.66,0.0232,2430.308,3.32,0.0155,2845.863,4.15,0.0149,299.802,4.4,0.0125,1571.250
2011-05-31,0.06,-0.0019,1184.141,0.18,0.0041,2117.601,0.79,0.0218,2603.505,1.68,0.0280,2770.936,2.37,0.0277,2497.656,3.05,0.0257,2919.065,3.91,0.0230,306.706,4.22,0.0181,1599.737
2011-06-30,0.03,0.0030,1187.718,0.19,-0.0008,2115.840,0.81,-0.0012,2600.267,1.76,-0.0059,2754.725,2.5,-0.0094,2474.227,3.18,-0.0084,2894.425,4.09,-0.0113,303.242,4.38,-0.0092,1584.952
2011-07-31,0.1,-0.0069,1179.545,0.2,-0.0008,2114.098,0.55,0.0257,2667.183,1.35,0.0394,2863.265,2.09,0.0386,2569.814,2.82,0.0336,2991.689,3.77,0.0297,312.243,4.12,0.0246,1624.008
2011-08-31,0.02,0.0080,1188.992,0.1,0.0100,2135.306,0.33,0.0219,2725.606,0.96,0.0379,2971.875,1.56,0.0503,2698.977,2.23,0.0546,3154.978,3.19,0.0521,328.516,3.6,0.0465,1699.488
2011-09-30,0.02,0.0000,1189.011,0.13,-0.0029,2129.175,0.42,-0.0085,2702.554,0.96,0.0008,2974.252,1.43,0.0133,2734.818,1.92,0.0297,3248.774,2.66,0.0486,344.479,2.9,0.0630,1806.476
2011-10-31,0.01,0.0010,1190.210,0.12,0.0011,2131.504,0.41,0.0013,2706.123,0.99,-0.0020,2968.223,1.58,-0.0125,2700.561,2.17,-0.0206,3181.856,2.89,-0.0175,338.453,3.16,-0.0196,1771.123
2011-11-30,0.01,0.0000,1190.220,0.12,0.0001,2131.717,0.41,0.0003,2707.048,0.96,0.0037,2979.076,1.53,0.0059,2716.496,2.08,0.0098,3213.151,2.77,0.0128,342.769,3.06,0.0111,1790.837
2011-12-31,0.02,-0.0010,1189.051,0.12,0.0001,2131.930,0.36,0.0052,2721.147,0.83,0.0132,3018.253,1.35,0.0179,2765.201,1.89,0.0188,3273.691,2.57,0.0197,349.528,2.89,0.0171,1821.491
2012-01-31,0.06,-0.0039,1184.369,0.13,-0.0009,2130.043,0.3,0.0062,2737.904,0.71,0.0122,3054.964,1.24,0.0114,2796.613,1.83,0.0070,3296.586,2.59,0.0004,349.668,2.94,-0.0019,1818.093
2012-02-29,0.08,-0.0019,1182.088,0.18,-0.0048,2119.811,0.43,-0.0124,2704.070,0.87,-0.0146,3010.428,1.39,-0.0128,2760.768,1.98,-0.0119,3257.289,2.73,-0.0099,346.195,3.08,-0.0094,1800.939
2012-03-31,0.07,0.0011,1183.335,0.19,-0.0008,2118.047,0.51,-0.0074,2684.146,1.04,-0.0153,2964.507,1.61,-0.0189,2708.503,2.23,-0.0205,3190.574,3.00,-0.0207,339.016,3.35,-0.0201,1764.819
2012-04-30,0.1,-0.0029,1179.902,0.2,-0.0008,2116.304,0.38,0.0131,2719.215,0.82,0.0218,3029.071,1.33,0.0273,2782.376,1.95,0.0270,3276.702,2.73,0.0258,347.769,3.12,0.0223,1804.139
2012-05-31,0.07,0.0030,1183.498,0.18,0.0021,2120.815,0.35,0.0032,2728.020,0.67,0.0151,3074.663,1.03,0.0293,2863.957,1.59,0.0345,3389.853,2.27,0.0429,362.694,2.67,0.0416,1879.153
2012-06-30,0.09,-0.0019,1181.231,0.21,-0.0028,2114.892,0.41,-0.0055,2712.925,0.72,-0.0042,3061.692,1.11,-0.0066,2844.956,1.67,-0.0060,3369.656,2.38,-0.0078,359.875,2.76,-0.0055,1868.750
2012-07-31,0.11,-0.0019,1178.990,0.16,0.0051,2125.662,0.3,0.0111,2742.988,0.60,0.0121,3098.849,0.98,0.0132,2882.457,1.51,0.0161,3423.827,2.21,0.0170,366.010,2.56,0.0197,1905.598
2012-08-31,0.09,0.0021,1181.425,0.16,0.0001,2125.945,0.3,0.0003,2743.674,0.59,0.0015,3103.379,1.01,-0.0020,2876.671,1.57,-0.0042,3409.338,2.29,-0.0052,364.099,2.68,-0.0083,1889.865
2012-09-30,0.1,-0.0009,1180.348,0.17,-0.0008,2124.139,0.31,-0.0007,2741.683,0.62,-0.0024,3095.963,1.04,-0.0020,2870.980,1.65,-0.0060,3388.942,2.42,-0.0095,360.643,2.82,-0.0098,1871.337
2012-10-31,0.11,-0.0009,1179.283,0.18,-0.0008,2122.353,0.38,-0.0065,2723.730,0.72,-0.0090,3067.983,1.14,-0.0085,2846.621,1.72,-0.0050,3372.059,2.46,-0.0015,360.108,2.85,-0.0002,1870.914
2012-11-30,0.08,0.0031,1182.885,0.18,0.0002,2122.671,0.34,0.0042,2735.208,0.61,0.0112,3102.250,1.04,0.0103,2876.081,1.62,0.0106,3407.669,2.37,0.0100,363.695,2.81,0.0058,1881.795
2012-12-31,0.05,0.0030,1186.474,0.16,0.0021,2127.165,0.36,-0.0017,2730.659,0.72,-0.0100,3071.224,1.18,-0.0122,2840.996,1.78,-0.0131,3362.905,2.54,-0.0128,359.024,2.95,-0.0096,1863.693
2013-01-31,0.07,-0.0019,1184.178,0.15,0.0011,2129.542,0.42,-0.0055,2715.581,0.88,-0.0146,3026.500,1.38,-0.0175,2791.298,2.02,-0.0200,3295.692,2.79,-0.0194,352.055,3.17,-0.0161,1833.619
2013-02-28,0.11,-0.0039,1179.577,0.17,-0.0018,2125.621,0.36,0.0062,2732.390,0.77,0.0112,3060.446,1.26,0.0123,2825.641,1.89,0.0134,3339.817,2.71,0.0092,355.308,3.1,0.0086,1849.349
2013-03-31,0.07,0.0040,1184.347,0.14,0.0031,2132.200,0.36,0.0003,2733.209,0.77,0.0006,3062.409,1.24,0.0029,2833.866,1.87,0.0034,3351.098,2.71,0.0023,356.110,3.1,0.0026,1854.127
2013-04-30,0.05,0.0020,1186.759,0.11,0.0031,2138.756,0.32,0.0042,2744.692,0.68,0.0093,3090.762,1.11,0.0132,2871.298,1.7,0.0170,3408.107,2.49,0.0215,363.761,2.88,0.0214,1893.887
2013-05-31,0.04,0.0010,1187.983,0.14,-0.0029,2132.636,0.52,-0.0190,2692.435,1.05,-0.0342,2985.080,1.55,-0.0394,2758.237,2.16,-0.0394,3273.664,2.95,-0.0372,350.220,3.3,-0.0329,1831.623
2013-06-30,0.04,0.0000,1188.023,0.15,-0.0009,2130.786,0.66,-0.0130,2657.476,1.41,-0.0323,2888.565,1.96,-0.0355,2660.330,2.52,-0.0296,3176.715,3.22,-0.0203,343.108,3.52,-0.0155,1803.175
2013-07-31,0.04,0.0000,1188.062,0.11,0.0041,2139.456,0.61,0.0054,2671.705,1.38,0.0039,2899.964,2,-0.0019,2655.146,2.6,-0.0049,3161.297,3.34,-0.0074,340.577,3.64,-0.0070,1790.587
2013-08-31,0.03,0.0010,1189.278,0.13,-0.0019,2135.438,0.79,-0.0166,2627.280,1.62,-0.0208,2839.776,2.24,-0.0196,2603.187,2.78,-0.0133,3119.122,3.46,-0.0072,338.119,3.7,-0.0019,1787.168
2013-09-30,0.02,0.0010,1190.486,0.1,0.0031,2141.989,0.63,0.0160,2669.359,1.39,0.0226,2903.919,2.02,0.0215,2659.279,2.64,0.0145,3164.229,3.41,0.0071,340.506,3.69,0.0039,1794.151
2013-10-31,0.04,-0.0020,1188.150,0.1,0.0001,2142.167,0.57,0.0063,2686.181,1.31,0.0086,2928.821,1.95,0.0080,2680.467,2.57,0.0083,3190.472,3.33,0.0096,343.759,3.63,0.0080,1808.566
2013-11-30,0.06,-0.0019,1185.840,0.13,-0.0029,2136.016,0.56,0.0014,2690.045,1.37,-0.0045,2915.775,2.1,-0.0117,2648.997,2.75,-0.0134,3147.755,3.54,-0.0147,338.719,3.82,-0.0125,1785.892
2013-12-31,0.07,-0.0009,1184.728,0.13,0.0001,2136.247,0.78,-0.0205,2634.930,1.75,-0.0333,2818.636,2.45,-0.0289,2572.446,3.04,-0.0224,3077.320,3.72,-0.0119,334.701,3.96,-0.0082,1771.236
2014-01-31,0.02,0.0050,1190.665,0.1,0.0031,2142.801,0.69,0.0093,2659.335,1.49,0.0253,2890.073,2.13,0.0305,2650.936,2.67,0.0346,3183.743,3.35,0.0341,346.114,3.61,0.0323,1828.374
2014-02-28,0.05,-0.0030,1187.152,0.12,-0.0019,2138.756,0.69,0.0006,2660.865,1.51,-0.0006,2888.357,2.13,0.0018,2655.641,2.66,0.0031,3193.586,3.31,0.0061,348.243,3.59,0.0047,1836.902
2014-03-31,0.05,0.0000,1187.201,0.13,-0.0009,2136.863,0.9,-0.0193,2609.497,1.73,-0.0187,2834.315,2.3,-0.0132,2620.527,2.73,-0.0038,3181.358,3.31,0.0028,349.204,3.56,0.0055,1846.968
2014-04-30,0.03,0.0020,1189.602,0.11,0.0021,2141.309,0.87,0.0036,2618.876,1.69,0.0051,2848.712,2.25,0.0063,2637.138,2.67,0.0075,3205.130,3.22,0.0103,352.817,3.47,0.0105,1866.294
2014-05-31,0.04,-0.0010,1188.454,0.1,0.0011,2143.618,0.79,0.0083,2640.720,1.54,0.0152,2891.882,2.06,0.0188,2686.816,2.48,0.0188,3265.508,3.05,0.0171,358.863,3.33,0.0146,1893.604
2014-06-30,0.04,0.0000,1188.494,0.11,-0.0009,2141.683,0.88,-0.0079,2619.937,1.62,-0.0060,2874.478,2.13,-0.0045,2674.696,2.53,-0.0023,3258.015,3.08,0.0000,358.861,3.34,0.0019,1897.272
2014-07-31,0.03,0.0010,1189.710,0.12,-0.0009,2139.768,1.02,-0.0124,2587.347,1.76,-0.0113,2841.886,2.24,-0.0080,2653.410,2.58,-0.0022,3250.711,3.07,0.0034,360.087,3.32,0.0045,1905.736
2014-08-31,0.03,0.0000,1189.740,0.09,0.0031,2146.318,0.94,0.0084,2609.101,1.63,0.0133,2879.757,2.05,0.0188,2703.396,2.35,0.0224,3323.495,2.83,0.0232,368.435,3.09,0.0223,1948.202
2014-09-30,0.02,0.0010,1190.948,0.13,-0.0039,2138.023,1.07,-0.0114,2579.313,1.78,-0.0122,2844.559,2.22,-0.0133,2667.309,2.52,-0.0129,3280.700,2.98,-0.0104,364.589,3.21,-0.0075,1933.497
2014-10-31,0.01,0.0010,1192.148,0.11,0.0021,2142.471,0.95,0.0122,2610.839,1.62,0.0161,2890.318,2.05,0.0170,2712.747,2.35,0.0171,3336.670,2.81,0.0171,370.827,3.07,0.0146,1961.661
2014-11-30,0.02,-0.0010,1190.977,0.13,-0.0019,2138.447,0.88,0.0074,2630.225,1.49,0.0133,2928.740,1.89,0.0161,2756.463,2.18,0.0170,3393.545,2.62,0.0188,377.813,2.89,0.0180,1996.936
2014-12-31,0.04,-0.0020,1188.640,0.25,-0.0116,2113.559,1.1,-0.0199,2577.931,1.65,-0.0133,2889.672,1.97,-0.0056,2741.028,2.17,0.0027,3402.723,2.47,0.0153,383.596,2.75,0.0145,2025.867
2015-01-31,0.02,0.0020,1191.035,0.18,0.0071,2128.534,0.77,0.0324,2661.367,1.18,0.0452,3020.394,1.49,0.0457,2866.402,1.68,0.0464,3560.596,2.04,0.0405,399.126,2.25,0.0465,2120.092
2015-02-28,0.02,0.0000,1191.055,0.22,-0.0038,2120.507,1.01,-0.0220,2602.947,1.50,-0.0284,2934.613,1.82,-0.0286,2784.490,2,-0.0273,3463.551,2.38,-0.0282,387.880,2.6,-0.0285,2059.570
2015-03-31,0.03,-0.0010,1189.895,0.26,-0.0037,2112.597,0.89,0.0122,2634.722,1.37,0.0133,2973.544,1.71,0.0115,2816.543,1.94,0.0071,3487.989,2.31,0.0082,391.044,2.54,0.0074,2074.805
2015-04-30,0.01,0.0020,1192.284,0.24,0.0022,2117.193,0.91,-0.0012,2631.690,1.43,-0.0044,2960.498,1.79,-0.0058,2800.166,2.05,-0.0082,3459.356,2.49,-0.0138,385.645,2.75,-0.0160,2041.604
2015-05-31,0.01,0.0000,1192.294,0.26,-0.0018,2113.473,0.94,-0.0021,2626.227,1.49,-0.0043,2947.706,1.86,-0.0048,2786.667,2.12,-0.0045,3443.711,2.63,-0.0101,381.760,2.88,-0.0089,2023.529
2015-06-30,0.01,0.0000,1192.303,0.28,-0.0017,2109.800,1.01,-0.0058,2610.979,1.63,-0.0115,2913.720,2.07,-0.0172,2738.766,2.35,-0.0185,3380.093,2.83,-0.0150,376.034,3.11,-0.0171,1988.932
2015-07-31,0.08,-0.0069,1184.071,0.33,-0.0046,2100.009,1,0.0018,2615.636,1.54,0.0096,2941.709,1.93,0.0143,2777.946,2.2,0.0153,3431.664,2.61,0.0215,384.108,2.92,0.0188,2026.421
2015-08-31,0.08,0.0001,1184.150,0.39,-0.0056,2088.341,1.07,-0.0057,2600.632,1.54,0.0013,2945.484,1.94,0.0007,2779.918,2.21,0.0009,3434.914,2.64,-0.0004,383.944,2.95,-0.0001,2026.158
2015-09-30,0.01,0.0070,1192.445,0.33,0.0062,2101.235,0.92,0.0151,2639.842,1.37,0.0170,2995.547,1.75,0.0188,2832.306,2.06,0.0152,3487.240,2.51,0.0135,389.147,2.87,0.0093,2045.042
2015-10-31,0.08,-0.0069,1184.212,0.34,-0.0007,2099.765,1.05,-0.0114,2609.626,1.52,-0.0126,2957.749,1.88,-0.0103,2803.267,2.16,-0.0072,3462.248,2.57,-0.0031,387.928,2.93,-0.0027,2039.439
2015-11-30,0.22,-0.0137,1168.037,0.51,-0.0161,2065.885,1.24,-0.0168,2565.777,1.65,-0.0106,2926.454,1.99,-0.0083,2780.032,2.21,-0.0026,3453.139,2.63,-0.0031,386.739,2.98,-0.0018,2035.719
2015-12-31,0.16,0.0061,1175.143,0.65,-0.0130,2039.030,1.31,-0.0055,2551.777,1.76,-0.0086,2901.303,2.09,-0.0073,2759.859,2.27,-0.0035,3441.194,2.67,-0.0013,386.246,3.01,-0.0001,2035.572
2016-01-31,0.33,-0.0164,1155.825,0.47,0.0180,2075.655,0.97,0.0332,2636.403,1.33,0.0413,3021.104,1.67,0.0400,2870.196,1.94,0.0315,3549.698,2.36,0.0295,397.638,2.75,0.0249,2086.342
2016-02-29,0.33,0.0003,1156.143,0.62,-0.0140,2046.568,0.91,0.0065,2653.501,1.22,0.0114,3055.403,1.52,0.0152,2913.683,1.74,0.0198,3619.844,2.19,0.0170,404.416,2.61,0.0145,2116.498
2016-03-31,0.21,0.0120,1170.070,0.59,0.0034,2053.530,0.87,0.0046,2665.576,1.21,0.0019,3061.357,1.54,-0.0006,2912.034,1.78,-0.0022,3611.983,2.20,0.0009,404.795,2.61,0.0022,2121.102
2016-04-30,0.22,-0.0008,1169.127,0.56,0.0034,2060.475,0.92,-0.0040,2654.905,1.28,-0.0055,3044.546,1.6,-0.0042,2899.808,1.83,-0.0030,3601.030,2.26,-0.0035,403.390,2.66,-0.0022,2116.524
2016-05-31,0.34,-0.0115,1155.672,0.68,-0.0110,2037.764,1.03,-0.0096,2629.477,1.37,-0.0073,3022.467,1.66,-0.0041,2887.826,1.84,0.0006,3603.271,2.23,0.0045,405.221,2.64,0.0040,2124.888
2016-06-30,0.26,0.0081,1165.045,0.45,0.0228,2084.325,0.71,0.0314,2712.168,1.01,0.0350,3128.346,1.29,0.0357,2990.983,1.49,0.0337,3724.659,1.86,0.0352,419.495,2.3,0.0322,2193.298
2016-07-31,0.28,-0.0017,1163.020,0.5,-0.0045,2075.036,0.76,-0.0042,2700.843,1.03,-0.0010,3125.095,1.29,0.0011,2994.199,1.46,0.0040,3739.565,1.78,0.0088,423.184,2.18,0.0126,2220.860
2016-08-31,0.33,-0.0046,1157.623,0.61,-0.0102,2053.969,0.92,-0.0145,2661.687,1.19,-0.0141,3081.137,1.45,-0.0137,2953.316,1.58,-0.0098,3703.075,1.90,-0.0093,419.241,2.23,-0.0026,2215.064
2016-09-30,0.29,0.0042,1162.465,0.59,0.0024,2058.964,0.88,0.0046,2673.816,1.14,0.0057,3098.599,1.42,0.0040,2965.053,1.6,-0.0005,3701.184,1.99,-0.0065,416.524,2.32,-0.0061,2201.611
2016-10-31,0.34,-0.0046,1157.082,0.66,-0.0062,2046.164,1,-0.0106,2645.557,1.31,-0.0148,3052.706,1.62,-0.0171,2914.437,1.84,-0.0203,3625.936,2.25,-0.0213,407.638,2.58,-0.0207,2156.064
2016-11-30,0.48,-0.0133,1141.741,0.8,-0.0128,2020.031,1.4,-0.0361,2550.099,1.83,-0.0459,2912.676,2.18,-0.0483,2773.528,2.37,-0.0451,3462.547,2.73,-0.0396,391.503,3.02,-0.0353,2079.925
2016-12-31,0.51,-0.0025,1138.889,0.85,-0.0041,2011.792,1.47,-0.0053,2536.658,1.93,-0.0075,2890.944,2.25,-0.0044,2761.396,2.45,-0.0050,3445.130,2.79,-0.0029,390.371,3.06,-0.0009,2078.089
2017-01-31,0.52,-0.0005,1138.274,0.84,0.0017,2015.128,1.46,0.0021,2542.099,1.90,0.0043,2903.399,2.24,0.0028,2769.017,2.45,0.0020,3452.164,2.78,0.0032,391.615,3.05,0.0034,2085.155
2017-02-28,0.53,-0.0005,1137.669,0.88,-0.0031,2008.900,1.49,-0.0015,2538.186,1.89,0.0025,2910.610,2.19,0.0063,2786.467,2.36,0.0100,3486.540,2.70,0.0092,395.232,2.97,0.0094,2104.693
2017-03-31,0.76,-0.0215,1113.223,1.03,-0.0134,1982.035,1.5,0.0003,2539.007,1.93,-0.0020,2904.732,2.22,-0.0008,2784.148,2.4,-0.0015,3481.154,2.76,-0.0029,394.076,3.02,-0.0018,2100.942
2017-04-30,0.8,-0.0032,1109.691,1.07,-0.0029,1976.296,1.45,0.0059,2553.867,1.81,0.0125,2940.915,2.1,0.0125,2819.068,2.29,0.0117,3521.915,2.67,0.0101,398.055,2.96,0.0076,2116.994
2017-05-31,0.98,-0.0163,1091.598,1.17,-0.0084,1959.605,1.44,0.0021,2559.305,1.75,0.0069,2961.352,2.02,0.0089,2844.176,2.21,0.0090,3553.604,2.60,0.0083,401.362,2.87,0.0102,2138.558
2017-06-30,1.03,-0.0039,1087.357,1.24,-0.0055,1948.753,1.55,-0.0089,2536.591,1.89,-0.0111,2928.340,2.14,-0.0090,2818.614,2.31,-0.0070,3528.814,2.61,0.0013,401.883,2.84,0.0050,2149.184
2017-07-31,1.07,-0.0029,1084.209,1.23,0.0020,1952.581,1.51,0.0050,2549.179,1.84,0.0061,2946.169,2.11,0.0045,2831.171,2.3,0.0028,3538.720,2.66,-0.0022,401.016,2.89,-0.0019,2145.062
2017-08-31,1.01,0.0065,1091.299,1.23,0.0010,1954.582,1.44,0.0077,2568.822,1.70,0.0143,2988.181,1.95,0.0161,2876.815,2.12,0.0179,3602.201,2.47,0.0188,408.570,2.73,0.0162,2179.869
2017-09-30,1.06,-0.0039,1087.094,1.31,-0.0064,1942.089,1.62,-0.0152,2529.702,1.92,-0.0184,2933.310,2.16,-0.0170,2827.821,2.33,-0.0167,3541.929,2.63,-0.0118,403.738,2.86,-0.0089,2160.510
2017-10-31,1.15,-0.0075,1078.910,1.43,-0.0100,1922.733,1.73,-0.0086,2507.860,2.01,-0.0065,2914.374,2.23,-0.0044,2815.387,2.38,-0.0025,3533.245,2.66,-0.0004,403.573,2.88,0.0007,2161.955
2017-11-30,1.27,-0.0102,1067.916,1.62,-0.0161,1891.681,1.9,-0.0139,2473.106,2.14,-0.0099,2885.565,2.31,-0.0052,2800.759,2.42,-0.0015,3527.859,2.65,0.0031,404.817,2.83,0.0067,2176.434
2017-12-31,1.39,-0.0100,1057.213,1.76,-0.0113,1870.233,1.98,-0.0056,2459.288,2.20,-0.0035,2875.361,2.33,0.0002,2801.217,2.4,0.0038,3541.167,2.58,0.0083,408.177,2.74,0.0101,2198.475
2018-01-31,1.46,-0.0053,1051.629,1.9,-0.0111,1849.412,2.29,-0.0257,2396.055,2.52,-0.0261,2800.340,2.66,-0.0267,2726.544,2.72,-0.0257,3450.335,2.83,-0.0193,400.285,2.95,-0.0157,2164.050
2018-02-28,1.65,-0.0161,1034.699,2.07,-0.0136,1824.285,2.42,-0.0095,2373.311,2.65,-0.0092,2774.656,2.8,-0.0098,2699.735,2.87,-0.0106,3413.764,3.02,-0.0138,394.753,3.13,-0.0128,2136.382
2018-03-31,1.73,-0.0059,1028.608,2.09,-0.0001,1824.179,2.39,0.0047,2384.351,2.56,0.0100,2802.532,2.68,0.0127,2734.082,2.74,0.0136,3460.237,2.85,0.0171,401.508,2.97,0.0163,2171.130
2018-04-30,1.87,-0.0112,1017.112,2.24,-0.0115,1803.145,2.62,-0.0180,2341.480,2.79,-0.0177,2753.005,2.91,-0.0175,2686.357,2.95,-0.0157,3406.055,3.01,-0.0113,396.989,3.11,-0.0094,2150.736
2018-05-31,1.93,-0.0038,1013.213,2.23,0.0028,1808.107,2.54,0.0092,2362.922,2.68,0.0118,2785.624,2.78,0.0136,2722.958,2.83,0.0128,3449.555,2.91,0.0111,401.383,3,0.0120,2176.474
2018-06-30,1.93,0.0016,1014.842,2.33,-0.0070,1795.540,2.63,-0.0057,2349.466,2.73,-0.0021,2779.817,2.81,-0.0003,2722.239,2.85,0.0006,3451.767,2.91,0.0024,402.357,2.98,0.0042,2185.628
2018-07-31,2.03,-0.0073,1007.400,2.44,-0.0077,1781.722,2.77,-0.0099,2326.264,2.85,-0.0080,2757.501,2.92,-0.0071,2702.992,2.96,-0.0070,3427.541,3.03,-0.0078,399.223,3.08,-0.0060,2172.501
2018-08-31,2.11,-0.0054,1001.927,2.46,0.0003,1782.226,2.7,0.0084,2345.718,2.74,0.0119,2790.234,2.81,0.0119,2735.147,2.86,0.0110,3465.409,2.95,0.0094,402.960,3.02,0.0077,2189.176
2018-09-30,2.19,-0.0053,996.579,2.59,-0.0093,1765.731,2.88,-0.0132,2314.798,2.94,-0.0148,2748.903,3.01,-0.0147,2694.952,3.05,-0.0138,3417.688,3.13,-0.0128,397.808,3.19,-0.0118,2163.260
2018-10-31,2.34,-0.0114,985.236,2.69,-0.0065,1754.263,2.93,-0.0019,2310.455,2.98,-0.0010,2746.258,3.07,-0.0026,2687.978,3.15,-0.0059,3397.459,3.30,-0.0117,393.166,3.39,-0.0141,2132.830
2018-11-30,2.37,-0.0007,984.559,2.7,0.0014,1756.678,2.83,0.0110,2335.953,2.84,0.0145,2786.104,2.92,0.0154,2729.354,3.01,0.0146,3446.896,3.19,0.0120,397.899,3.3,0.0104,2154.978
2018-12-31,2.45,-0.0050,979.606,2.63,0.0083,1771.303,2.46,0.0347,2417.108,2.51,0.0312,2872.968,2.59,0.0311,2814.321,2.69,0.0302,3550.991,2.87,0.0301,409.878,3.02,0.0266,2212.280
2019-01-31,2.41,0.0056,985.044,2.55,0.0092,1787.532,2.43,0.0047,2428.419,2.43,0.0091,2899.124,2.51,0.0091,2840.052,2.63,0.0074,3577.442,2.83,0.0058,412.267,2.99,0.0051,2223.507
2019-02-28,2.45,-0.0015,983.573,2.54,0.0030,1792.889,2.5,-0.0041,2418.488,2.52,-0.0058,2882.226,2.63,-0.0083,2816.413,2.73,-0.0064,3554.386,2.94,-0.0070,409.363,3.09,-0.0060,2210.179
2019-03-31,2.4,0.0064,989.898,2.4,0.0144,1818.718,2.21,0.0278,2485.678,2.23,0.0278,2962.273,2.31,0.0304,2902.055,2.41,0.0304,3662.268,2.63,0.0294,421.380,2.81,0.0267,2269.108
2019-04-30,2.43,-0.0006,989.274,2.39,0.0029,1823.953,2.24,-0.0008,2483.657,2.28,-0.0026,2954.698,2.39,-0.0051,2887.251,2.51,-0.0067,3637.649,2.75,-0.0082,417.941,2.93,-0.0079,2251.134
2019-05-31,2.35,0.0091,998.242,2.21,0.0179,1856.679,1.9,0.0325,2564.290,1.93,0.0334,3053.242,2.03,0.0342,2985.939,2.14,0.0350,3764.944,2.39,0.0339,432.113,2.58,0.0329,2325.182
2019-06-30,2.12,0.0224,1020.634,1.92,0.0279,1908.507,1.71,0.0188,2612.618,1.76,0.0170,3105.195,1.87,0.0161,3034.051,2,0.0143,3818.858,2.31,0.0090,436.021,2.52,0.0074,2342.356
2019-07-31,2.08,0.0053,1026.079,2,-0.0056,1897.889,1.84,-0.0103,2585.683,1.84,-0.0058,3087.325,1.92,-0.0029,3025.140,2.02,-0.0001,3818.390,2.31,0.0019,436.861,2.53,0.0012,2345.232
2019-08-31,1.99,0.0098,1036.131,1.76,0.0234,1942.334,1.42,0.0403,2689.772,1.39,0.0431,3220.342,1.45,0.0449,3160.868,1.5,0.0494,4007.142,1.78,0.0499,458.665,1.96,0.0533,2470.121
2019-09-30,1.88,0.0116,1048.117,1.75,0.0024,1946.944,1.56,-0.0116,2658.481,1.55,-0.0135,3176.878,1.62,-0.0143,3115.643,1.68,-0.0151,3946.517,1.94,-0.0129,452.754,2.12,-0.0126,2438.976
2019-10-31,1.54,0.0327,1082.415,1.53,0.0216,1989.054,1.52,0.0050,2671.692,1.51,0.0050,3192.645,1.6,0.0032,3125.542,1.69,0.0005,3948.452,2.00,-0.0038,451.053,2.17,-0.0027,2432.457
2019-11-30,1.59,-0.0033,1078.857,1.6,-0.0051,1978.870,1.61,-0.0070,2653.118,1.62,-0.0088,3164.608,1.73,-0.0105,3092.829,1.78,-0.0067,3921.839,2.07,-0.0046,448.988,2.21,-0.0017,2428.234
2019-12-31,1.55,0.0050,1084.239,1.59,0.0022,1983.317,1.62,0.0004,2654.257,1.69,-0.0050,3148.733,1.83,-0.0076,3069.356,1.92,-0.0111,3878.293,2.25,-0.0142,442.615,2.39,-0.0140,2394.318
2020-01-31,1.55,0.0013,1085.640,1.45,0.0142,2011.506,1.3,0.0310,2736.625,1.32,0.0357,3261.125,1.42,0.0393,3190.060,1.51,0.0392,4030.435,1.83,0.0398,460.233,1.99,0.0378,2484.892
2020-02-29,1.27,0.0273,1115.282,0.97,0.0465,2105.013,0.85,0.0438,2856.469,0.89,0.0418,3397.529,1.03,0.0379,3310.833,1.13,0.0368,4178.804,1.46,0.0356,476.603,1.65,0.0326,2566.008
2020-03-31,0.11,0.1154,1244.025,0.17,0.0794,2272.243,0.29,0.0554,3014.750,0.37,0.0513,3571.917,0.55,0.0471,3466.845,0.7,0.0421,4354.595,1.15,0.0302,490.993,1.35,0.0291,2640.761
2020-04-30,0.09,0.0021,1246.594,0.16,0.0011,2274.799,0.24,0.0051,3030.242,0.36,0.0013,3576.495,0.53,0.0024,3475.123,0.64,0.0063,4382.202,1.05,0.0104,496.076,1.28,0.0076,2660.896
2020-05-31,0.14,-0.0048,1240.552,0.17,-0.0008,2272.866,0.19,0.0051,3045.725,0.30,0.0062,3598.519,0.5,0.0033,3486.732,0.65,-0.0004,4380.337,1.18,-0.0113,490.492,1.41,-0.0109,2631.826
2020-06-30,0.16,-0.0019,1238.256,0.16,0.0011,2275.424,0.18,0.0011,3049.200,0.29,0.0012,3602.934,0.49,0.0014,3491.556,0.66,-0.0004,4378.511,1.18,0.0010,490.974,1.41,0.0012,2634.918
2020-07-31,0.09,0.0070,1246.977,0.11,0.0051,2286.945,0.11,0.0071,3070.703,0.21,0.0081,3632.078,0.39,0.0101,3526.913,0.55,0.0112,4427.341,0.98,0.0198,500.715,1.2,0.0208,2689.601
2020-08-31,0.11,-0.0019,1244.611,0.12,-0.0009,2284.901,0.15,-0.0038,3058.898,0.28,-0.0067,3607.865,0.5,-0.0103,3490.570,0.72,-0.0158,4357.459,1.26,-0.0252,488.092,1.49,-0.0256,2620.633
2020-09-30,0.1,0.0011,1245.953,0.12,0.0001,2285.129,0.16,-0.0009,3056.272,0.28,0.0002,3608.707,0.47,0.0033,3502.159,0.69,0.0035,4372.583,1.23,0.0038,489.968,1.46,0.0040,2631.121
2020-10-31,0.09,0.0011,1247.287,0.13,-0.0009,2283.107,0.19,-0.0028,3047.677,0.38,-0.0095,3574.461,0.64,-0.0159,3446.413,0.88,-0.0174,4296.368,1.43,-0.0174,481.440,1.65,-0.0161,2588.763
2020-11-30,0.08,0.0011,1248.612,0.11,0.0021,2287.857,0.19,0.0002,3048.159,0.36,0.0023,3582.551,0.62,0.0025,3454.871,0.84,0.0045,4315.838,1.37,0.0067,484.684,1.58,0.0078,2608.896
2020-12-31,0.09,-0.0009,1247.463,0.1,0.0011,2290.323,0.17,0.0021,3054.634,0.36,0.0003,3583.626,0.65,-0.0024,3446.718,0.93,-0.0078,4282.144,1.45,-0.0062,481.668,1.65,-0.0051,2595.688
2021-01-31,0.06,0.0030,1251.256,0.1,0.0001,2290.514,0.19,-0.0018,3049.068,0.45,-0.0084,3553.454,0.79,-0.0128,3402.646,1.11,-0.0161,4213.273,1.68,-0.0197,472.169,1.87,-0.0185,2547.787
2021-02-28,0.04,0.0020,1253.795,0.08,0.0021,2295.229,0.3,-0.0106,3016.805,0.75,-0.0282,3453.091,1.15,-0.0330,3290.393,1.44,-0.0295,4089.111,2.08,-0.0343,455.985,2.17,-0.0251,2483.891
2021-03-31,0.03,0.0010,1255.078,0.07,0.0011,2297.650,0.35,-0.0046,3002.870,0.92,-0.0155,3399.734,1.4,-0.0221,3217.629,1.74,-0.0260,3982.727,2.31,-0.0185,447.527,2.41,-0.0192,2436.078
2021-04-30,0.01,0.0020,1257.598,0.05,0.0020,2302.329,0.35,0.0003,3003.746,0.86,0.0065,3421.691,1.32,0.0086,3245.236,1.65,0.0097,4021.168,2.19,0.0126,453.153,2.3,0.0117,2464.610
2021-05-31,0.01,0.0000,1257.608,0.05,0.0000,2302.425,0.3,0.0052,3019.285,0.79,0.0074,3446.945,1.24,0.0085,3272.961,1.58,0.0078,4052.440,2.18,0.0027,454.382,2.26,0.0055,2478.048
2021-06-30,0.05,-0.0039,1252.643,0.07,-0.0019,2297.971,0.46,-0.0152,2973.263,0.87,-0.0069,3423.070,1.21,0.0038,3285.492,1.45,0.0133,4106.273,2.00,0.0179,462.531,2.06,0.0197,2526.963
2021-07-31,0.06,-0.0009,1251.457,0.07,0.0001,2298.105,0.35,0.0111,3006.252,0.69,0.0179,3484.511,1,0.0208,3353.788,1.24,0.0207,4191.466,1.81,0.0188,471.247,1.89,0.0170,2569.982
2021-08-31,0.04,0.0020,1253.997,0.07,0.0001,2298.239,0.4,-0.0046,2992.529,0.77,-0.0070,3459.949,1.08,-0.0067,3331.416,1.3,-0.0045,4172.469,1.85,-0.0021,470.257,1.92,-0.0011,2567.098
2021-09-30,0.04,0.0000,1254.038,0.09,-0.0019,2293.837,0.53,-0.0122,2955.993,0.98,-0.0192,3393.666,1.32,-0.0213,3260.325,1.52,-0.0191,4092.785,2.02,-0.0137,463.830,2.08,-0.0127,2534.571
2021-10-31,0.05,-0.0010,1252.840,0.15,-0.0058,2280.466,0.75,-0.0205,2895.260,1.18,-0.0178,3333.095,1.44,-0.0100,3227.877,1.55,-0.0015,4086.723,1.98,0.0053,466.274,1.93,0.0152,2573.129
2021-11-30,0.05,0.0000,1252.892,0.24,-0.0087,2260.650,0.81,-0.0051,2880.549,1.14,0.0047,3348.840,1.36,0.0086,3255.631,1.43,0.0123,4137.193,1.85,0.0134,472.512,1.78,0.0152,2612.213
2021-12-31,0.06,-0.0009,1251.706,0.39,-0.0144,2228.149,0.97,-0.0144,2839.018,1.26,-0.0102,3314.670,1.44,-0.0062,3235.332,1.52,-0.0071,4107.967,1.94,-0.0065,469.421,1.9,-0.0093,2587.877
2022-01-31,0.22,-0.0156,1232.134,0.78,-0.0368,2146.103,1.39,-0.0380,2731.212,1.62,-0.0318,3209.239,1.75,-0.0269,3148.271,1.79,-0.0232,4012.798,2.17,-0.0188,460.594,2.11,-0.0171,2543.575
2022-02-28,0.35,-0.0125,1216.761,1.01,-0.0210,2101.032,1.62,-0.0198,2677.041,1.71,-0.0068,3187.328,1.81,-0.0040,3135.785,1.83,-0.0021,4004.288,2.25,-0.0053,458.168,2.17,-0.0036,2534.497
2022-03-31,0.52,-0.0161,1197.149,1.63,-0.0557,1983.967,2.45,-0.0713,2486.088,2.42,-0.0608,2993.413,2.4,-0.0503,2978.106,2.32,-0.0417,3837.470,2.59,-0.0277,445.480,2.44,-0.0218,2479.128
2022-04-30,0.85,-0.0309,1160.173,2.1,-0.0405,1903.578,2.87,-0.0340,2401.604,2.92,-0.0408,2871.387,2.94,-0.0442,2846.597,2.89,-0.0469,3657.457,3.14,-0.0444,425.702,2.96,-0.0424,2374.081
2022-05-31,1.16,-0.0283,1127.396,2.08,0.0035,1910.305,2.71,0.0162,2440.566,2.81,0.0119,2905.546,2.87,0.0085,2870.662,2.85,0.0058,3678.826,3.28,-0.0092,421.805,3.07,-0.0069,2357.756
2022-06-30,1.72,-0.0499,1071.152,2.8,-0.0602,1795.236,2.99,-0.0216,2387.808,3.01,-0.0147,2862.847,3.04,-0.0121,2836.016,2.98,-0.0087,3646.764,3.38,-0.0056,419.429,3.14,-0.0034,2349.818
2022-07-31,2.41,-0.0591,1007.839,2.98,-0.0130,1771.857,2.83,0.0162,2426.591,2.70,0.0293,2946.788,2.7,0.0319,2926.601,2.67,0.0293,3753.744,3.20,0.0180,426.982,3,0.0145,2384.004
2022-08-31,2.96,-0.0450,962.527,3.5,-0.0408,1699.618,3.46,-0.0501,2304.906,3.30,-0.0481,2804.917,3.25,-0.0441,2797.663,3.15,-0.0384,3609.652,3.53,-0.0247,416.418,3.27,-0.0202,2335.822
2022-09-30,3.33,-0.0286,935.033,4.05,-0.0416,1628.851,4.25,-0.0605,2165.451,4.06,-0.0588,2640.028,3.97,-0.0558,2641.440,3.83,-0.0530,3418.182,4.08,-0.0415,399.116,3.79,-0.0399,2242.559
2022-10-31,4.22,-0.0687,870.761,4.66,-0.0446,1556.161,4.45,-0.0124,2138.699,4.27,-0.0135,2604.519,4.18,-0.0136,2605.522,4.1,-0.0186,3354.509,4.44,-0.0252,389.048,4.22,-0.0314,2172.159
2022-11-30,4.37,-0.0085,863.402,4.74,-0.0024,1552.444,4.13,0.0295,2201.858,3.82,0.0404,2709.782,3.76,0.0380,2704.488,3.68,0.0380,3482.146,4.00,0.0394,404.388,3.8,0.0380,2254.592
2022-12-31,4.42,-0.0003,863.111,4.73,0.0047,1559.794,4.22,-0.0038,2193.513,3.99,-0.0106,2680.984,3.96,-0.0131,2668.956,3.88,-0.0133,3435.948,4.14,-0.0080,401.169,3.97,-0.0107,2230.564
2023-01-31,4.7,-0.0183,847.308,4.68,0.0079,1572.073,3.9,0.0296,2258.498,3.63,0.0331,2769.677,3.59,0.0339,2759.548,3.52,0.0331,3549.846,3.78,0.0330,414.405,3.65,0.0297,2296.887
2023-02-28,4.88,-0.0101,838.749,5.02,-0.0224,1536.850,4.51,-0.0451,2156.654,4.18,-0.0413,2655.420,4.07,-0.0359,2660.606,3.92,-0.0297,3444.516,4.10,-0.0227,404.994,3.93,-0.0198,2251.475
2023-03-31,4.85,0.0064,844.122,4.64,0.0341,1589.279,3.81,0.0611,2288.468,3.60,0.0515,2792.160,3.55,0.0465,2784.432,3.48,0.0399,3581.956,3.81,0.0272,416.002,3.67,0.0247,2307.142
2023-04-30,5.1,-0.0152,831.268,4.8,-0.0086,1575.546,3.75,0.0081,2307.018,3.51,0.0105,2821.429,3.49,0.0080,2806.573,3.44,0.0062,3604.296,3.80,0.0040,417.664,3.67,0.0031,2314.198
2023-05-31,5.52,-0.0275,808.411,5.18,-0.0252,1535.871,4.04,-0.0204,2260.005,3.74,-0.0160,2776.326,3.69,-0.0136,2768.472,3.64,-0.0137,3555.072,4.01,-0.0139,411.868,3.85,-0.0117,2287.207
2023-06-30,5.43,0.0114,817.652,5.4,-0.0124,1516.818,4.49,-0.0323,2186.938,4.13,-0.0284,2697.602,3.97,-0.0197,2713.950,3.81,-0.0109,3516.331,4.06,-0.0007,411.576,3.85,0.0032,2294.545
2023-07-31,5.55,-0.0045,813.946,5.37,0.0068,1527.107,4.51,0.0022,2191.654,4.18,-0.0006,2696.028,4.08,-0.0056,2698.780,3.97,-0.0098,3481.745,4.22,-0.0095,407.678,4.02,-0.0106,2270.263
2023-08-31,5.56,0.0039,817.096,5.37,0.0045,1533.941,4.54,0.0014,2194.688,4.23,-0.0005,2694.592,4.19,-0.0055,2684.068,4.09,-0.0064,3459.483,4.39,-0.0100,403.587,4.2,-0.0111,2245.001
2023-09-30,5.55,0.0054,821.499,5.46,-0.0023,1530.341,4.8,-0.0165,2158.384,4.60,-0.0257,2625.413,4.61,-0.0296,2604.520,4.59,-0.0361,3334.707,4.92,-0.0375,388.436,4.73,-0.0381,2159.536
2023-10-31,5.59,0.0016,822.822,5.44,0.0061,1539.626,4.9,-0.0038,2150.223,4.82,-0.0133,2590.367,4.89,-0.0180,2557.757,4.88,-0.0188,3272.147,5.21,-0.0181,381.391,5.04,-0.0200,2116.301
2023-11-30,5.45,0.0153,835.391,5.16,0.0261,1579.742,4.48,0.0374,2230.677,4.31,0.0448,2706.469,4.38,0.0447,2672.200,4.37,0.0448,3418.591,4.72,0.0428,397.711,4.54,0.0438,2208.931
2023-12-31,5.4,0.0083,842.360,4.79,0.0332,1632.249,4.01,0.0419,2324.097,3.84,0.0421,2820.277,3.88,0.0445,2791.073,3.88,0.0437,3567.846,4.20,0.0458,415.909,4.03,0.0451,2308.634
2024-01-31,5.42,0.0030,844.871,4.73,0.0087,1646.446,4.05,0.0001,2324.333,3.91,-0.0025,2813.202,3.95,-0.0025,2784.195,3.99,-0.0057,3547.498,4.34,-0.0077,412.712,4.22,-0.0119,2281.142
2024-02-29,5.45,0.0022,846.765,5.01,-0.0177,1617.251,4.43,-0.0269,2261.912,4.26,-0.0248,2743.403,4.28,-0.0231,2719.744,4.25,-0.0175,3485.287,4.51,-0.0099,408.645,4.38,-0.0092,2260.059
2024-03-31,5.46,0.0038,849.969,5.03,0.0026,1621.502,4.4,0.0061,2275.668,4.21,0.0076,2764.169,4.2,0.0100,2746.944,4.2,0.0076,3511.647,4.45,0.0085,412.129,4.34,0.0068,2275.531
2024-04-30,5.46,0.0046,853.836,5.25,-0.0126,1600.994,4.87,-0.0330,2200.676,4.72,-0.0365,2663.247,4.71,-0.0365,2646.576,4.69,-0.0350,3388.724,4.90,-0.0313,399.227,4.79,-0.0316,2203.674
2024-05-31,5.46,0.0046,857.721,5.18,0.0098,1616.604,4.69,0.0182,2240.734,4.52,0.0198,2715.916,4.52,0.0190,2696.797,4.51,0.0182,3450.310,4.73,0.0174,406.181,4.65,0.0150,2236.760
2024-06-30,5.48,0.0030,860.325,5.09,0.0113,1634.803,4.52,0.0174,2279.666,4.33,0.0190,2767.392,4.33,0.0190,2747.911,4.36,0.0157,3504.587,4.61,0.0134,411.626,4.51,0.0150,2270.244
2024-07-31,5.41,0.0099,868.829,4.73,0.0325,1687.896,4.1,0.0377,2365.629,3.97,0.0329,2858.392,4,0.0304,2831.460,4.09,0.0255,3593.825,4.44,0.0174,418.772,4.35,0.0165,2307.784
2024-08-31,5.21,0.0198,886.071,4.38,0.0319,1741.658,3.79,0.0288,2433.863,3.71,0.0247,2929.042,3.8,0.0197,2887.325,3.91,0.0181,3658.829,4.28,0.0165,425.690,4.2,0.0157,2343.991
2024-09-30,4.73,0.0420,923.276,3.98,0.0362,1804.639,3.58,0.0206,2483.900,3.58,0.0139,2969.648,3.67,0.0139,2927.435,3.81,0.0115,3700.733,4.19,0.0108,430.291,4.14,0.0083,2363.539
2024-10-31,4.64,0.0110,933.461,4.27,-0.0199,1768.673,4.12,-0.0406,2383.018,4.15,-0.0430,2842.041,4.21,-0.0404,2809.306,4.28,-0.0345,3573.122,4.58,-0.0273,418.538,4.47,-0.0228,2309.762
2024-11-30,4.58,0.0086,941.494,4.3,0.0012,1770.719,4.1,0.0050,2395.051,4.05,0.0116,2874.892,4.1,0.0124,2844.135,4.18,0.0116,3614.632,4.45,0.0141,424.460,4.36,0.0125,2338.645
2024-12-31,4.37,0.0206,960.861,4.16,0.0149,1797.041,4.27,-0.0102,2370.596,4.38,-0.0229,2808.942,4.48,-0.0267,2768.078,4.58,-0.0281,3513.016,4.86,-0.0283,412.468,4.78,-0.0292,2270.285
2025-01-31,4.31,0.0084,968.973,4.17,0.0027,1801.823,4.27,0.0036,2379.032,4.36,0.0052,2823.679,4.47,0.0045,2780.610,4.58,0.0038,3526.424,4.88,0.0025,413.496,4.83,0.0001,2270.467
2025-02-28,4.32,0.0028,971.678,4.08,0.0108,1821.202,3.99,0.0263,2441.613,4.03,0.0304,2909.494,4.14,0.0303,2864.980,4.24,0.0311,3636.131,4.55,0.0302,425.971,4.51,0.0294,2337.187
2025-03-31,4.32,0.0036,975.176,4.03,0.0075,1834.778,3.89,0.0115,2469.663,3.96,0.0091,2935.835,4.09,0.0075,2886.447,4.23,0.0043,3651.899,4.62,-0.0017,425.235,4.59,-0.0026,2331.208
