observation_date,US_Yield_10Y,US_Return_M,US_Cum_Ret,DE_Yield_10Y,DE_Return_M,DE_Cum_Ret,JP_Yield_10Y,JP_Return_M,JP_Cum_Ret,FR_Yield_10Y,FR_Return_M,FR_Cum_Ret,UK_Yield_10Y,UK_Return_M,UK_Cum_Ret,AU_Yield_10Y,AU_Return_M,AU_Cum_Ret,CA_Yield_10Y,CA_Return_M,CA_Cum_Ret,NO_Yield_10Y,NO_Return_M,NO_Cum_Ret,SE_Yield_10Y,SE_Return_M,SE_Cum_Ret
1919-12-31,,,,,,,,,,,,,,,,,,,,,,,,,5.46,,100.0
1920-01-31,,,,,,,,,,,,,,,,,,,,,,,,,5.43,0.006827108869451317,100.68271088694513
1920-02-29,,,,,,,,,,,,,,,,,,,,,,,,,5.56,-0.005283132024342387,100.1507908327607
1920-03-31,,,,,,,,,,,,,,,,,,,,,,,,,5.92,-0.022080055959953705,97.93945576673974
1920-04-30,,,,,,,,,,,,,,,,,,,,,,,,,5.97,0.0012316557537769158,98.06008346095662
1920-05-31,,,,,,,,,,,,,,,,,,,,,,,,,6.08,-0.003127697361007661,97.75338119669559
1920-06-30,,,,,,,,,,,,,,,,,,,,,,,,,6.06,0.006541235423367933,98.39280907653341
1920-07-31,,,,,,,,,,,,,,,,,,,,,,,,,6.1,0.0021062630770600785,98.60005021733953
1920-08-31,,,,,,,,,,,,,,,,,,,,,,,,,6.02,0.010992438614629178,99.68390521675299
1920-09-30,,,,,,,,,,,,,,,,,,,,,,,,,6.25,-0.011794110267459915,98.50822224673558
1920-10-31,,,,,,,,,,,,,,,,,,,,,,,,,6.67,-0.024909140044131844,96.0544671432932
1920-11-30,,,,,,,,,,,,,,,,,,,,,,,,,6.54,0.01493548224447916,97.48908693181475
1920-12-31,,,,,,,,,,,,,,,,,,,,,,,,,6.49,0.009064791814533946,98.37280520904065
1921-01-31,,,,,,,,,,,,,,,,,,,,,,6.35,,100.0,5.9,0.04922889761110115,103.2155899643933
1921-02-28,,,,,,,,,,,,,,,,,,,,,,6.61,-0.013403202207418446,98.65967977925816,6.02,-0.00394699125527699,102.80819893339559
1921-03-31,,,,,,,,,,,,,,,,,,,,,,6.92,-0.016471847291905987,97.03457260006587,6.21,-0.008895892729600122,101.89362822396072
1921-04-30,,,,,,,,,,,,,,,,,,,,,,7.17,-0.011761482399592658,95.8933021822782,6.06,0.01623426567525839,103.5477964551645
1921-05-31,,,,,,,,,,,,,,,,,,,,,,6.87,0.02729408970140062,98.51062257380482,6.21,-0.00593359952336847,102.93338529947228
1921-06-30,,,,,,,,,,,,,,,,,,,,,,6.98,-0.0020533991092992277,98.30834094915525,6.1,0.013270276538084616,104.29933978739749
1921-07-31,,,,,,,,,,,,,,,,,,,,,,5.9,0.08603058093783486,106.7658646320458,5.83,0.025201535948454538,106.92784334844966
1921-08-31,,,,,,,,,,,,,,,,,,,,,,6.11,-0.01053087579967206,105.64152657196114,5.79,0.007844307425569998,107.7666182240281
1921-09-30,,,,,,,,,,,,,,,,,,,,,,6.15,0.0021546601107500013,105.86914815530449,5.81,0.003333388788642232,108.12584626100595
1921-10-31,,,,,,,,,,,,,,,,,,,,,,6.15,0.005125,106.41172753960042,5.56,0.023703459021171137,110.68880282698315
1921-11-30,,,,,,,,,,,,,,,,,,,,,,6.06,0.011760559405155035,107.66318898273506,5.56,0.004633333333333333,111.20166094674816
1921-12-31,,,,,,,,,,,,,,,,,,,,,,6.1,0.0021062630770600785,107.88995598244794,5.47,0.011451980980184361,112.47514025287522
1922-01-31,,,,,,,,,,,,,,,,,,,,,,5.81,0.02671169589802114,110.77187967710198,5.13,0.030728978296184265,115.93138639656611
1922-02-28,,,,,,,,,,,,,,,,,,,,,,5.52,0.02676195201013635,113.73635140509317,5.0,0.01434252113541154,117.59413475621642
1922-03-31,,,,,,,,,,,,,,,,,,,,,,5.23,0.026817995337786345,116.78653234681178,4.81,0.019012679303113802,119.82991432826351
1922-04-30,,,,,,,,,,,,,,,,,,,,,,4.87,0.032408323200658985,120.57138803259146,4.73,0.010282894182674637,121.06211265722003
1922-05-31,,,,,,,,,,,,,,,,,,,,,,4.85,0.005618132565380188,121.24877407415045,4.79,-0.0007509653054914118,120.97119921080495
1922-06-30,,,,,,,,,,,,,,,,,,,,,,5.22,-0.02431866246642539,118.30016606297332,4.68,0.01263956648435621,122.50022272592221
1922-07-31,,,,,,,,,,,,,,,,,,,,,,5.19,0.006652709029956551,119.08718264598583,4.53,0.01577653109411402,124.43285129879362
1922-08-31,,,,,,,,,,,,,,,,,,,,,,4.95,0.022954842848722824,121.82081020892159,4.59,-0.0009621405379720287,124.31312940830361
1922-09-30,,,,,,,,,,,,,,,,,,,,,,5.21,-0.015813184157055172,119.89443530292625,4.61,0.002247445932058311,124.59251644529374
1922-10-31,,,,,,,,,,,,,,,,,,,,,,5.33,-0.004809233115076216,119.31783501435406,4.79,-0.010236229249807903,123.31715888414925
1922-11-30,,,,,,,,,,,,,,,,,,,,,,5.27,0.009029925171252663,120.39526613612955,4.96,-0.009198279833855964,122.18285314841677
1922-12-31,,,,,,,,,,,,,,,,,,,,,,5.34,-0.0009438735538406405,120.28162822841605,4.76,0.019797564964357594,124.60177612115311
1923-01-31,,,,,,,,,,,,,,,,,,,,,,5.24,0.012107804014912894,121.73797460960034,4.65,0.012626827193714434,126.1751012162648
1923-02-28,,,,,,,,,,,,,,,,,,,,,,5.13,0.012833640037000865,123.3003159545735,4.65,0.0038750000000000004,126.66402973347785
1923-03-31,,,,,,,,,,,,,,,,,,,,,,5.18,0.00043535868971764004,123.35399581856926,4.76,-0.004740327397063277,126.0636007631098
1923-04-30,,,,,,,,,,,,,,,,,,,,,,5.27,-0.002565721090212216,123.0375038699356,4.83,-0.001497770277167806,125.87478644885407
1923-05-31,,,,,,,,,,,,,,,,,,,,,,5.49,-0.012260673648492166,121.52898118846123,4.86,0.0016864013737064023,126.08706186163641
1923-06-30,,,,,,,,,,,,,,,,,,,,,,5.54,0.0007991433624733356,121.62610026712615,4.83,0.006391901547357584,126.89299794745159
1923-07-31,,,,,,,,,,,,,,,,,,,,,,5.68,-0.005887445235944691,120.91003326254193,4.96,-0.0060614296768703455,126.12384496390585
1923-08-31,,,,,,,,,,,,,,,,,,,,,,5.76,-0.0012468837921117198,120.75927250176318,4.98,0.0025830304163987463,126.44962669168078
1923-09-30,,,,,,,,,,,,,,,,,,,,,,5.7,0.009297603984810582,121.8820443949784,4.91,0.009593920466984054,127.6627743532406
1923-10-31,,,,,,,,,,,,,,,,,,,,,,6.31,-0.03971321214111204,117.04171690972818,4.96,0.00021227063710122646,127.68987341168668
1923-11-30,,,,,,,,,,,,,,,,,,,,,,6.23,0.011110903001330965,118.3421560734214,5.0,0.00103563452243739,127.82211345275748
1923-12-31,,,,,,,,,,,,,,,,,,,,,,5.97,0.02444039008035977,121.23448453080665,4.83,0.017437442101693193,130.051004155406
1924-01-31,,,,,,,,,,,,,,,,,,,,,,6.06,-0.0016605594051550343,121.0331674672899,4.81,0.005587738172257605,130.77769511566558
1924-02-29,,,,,,,,,,,,,,,,,,,,,,6.22,-0.006660487619976395,120.22702755376748,4.81,0.004008333333333333,131.3018957102542
1924-03-31,,,,,,,,,,,,,,,,,,,,,,6.12,0.012535938494252068,121.73418617652825,4.79,0.005572543990719434,132.03358130016446
1924-04-30,,,,,,,,,,,,,,,,,,,,,,5.79,0.029734286260952543,125.35386531604524,4.79,0.003991666666666667,132.56061534552094
1924-05-31,,,,,,,,,,,,,,,,,,,,,,6.15,-0.02160805900325077,122.64521159801059,4.86,-0.0014650634613518386,132.3664056315639
1924-06-30,,,,,,,,,,,,,,,,,,,,,,6.35,-0.009426548394211798,121.48909057556361,4.96,-0.0037087920591308806,131.87548615746186
1924-07-31,,,,,,,,,,,,,,,,,,,,,,6.41,0.0009381115050671462,121.60306088917268,4.9,0.008801743821325935,133.03622040293266
1924-08-31,,,,,,,,,,,,,,,,,,,,,,6.36,0.008977896919429273,122.69480063492274,4.86,0.007201464835058131,133.99427606595344
1924-09-30,,,,,,,,,,,,,,,,,,,,,,6.41,0.0016720373653337514,122.89995092611652,4.9,0.0009377263413382656,134.11992602820905
1924-10-31,,,,,,,,,,,,,,,,,,,,,,6.45,0.002444571930754513,123.20038869644159,4.98,-0.002117878334404793,133.83587634266192
1924-11-30,,,,,,,,,,,,,,,,,,,,,,6.25,0.01999306689924039,125.66354230966196,5.02,0.0010552042517294599,133.97710052841265
1924-12-31,,,,,,,,,,,,,,,,,,,,,,6.24,0.005939570498130949,126.40992977825505,5.0,0.005732182738781194,134.74508175145357
1925-01-31,,,,,,,,,,,,,,,,,,,,,,6.18,0.009599468747938728,127.62339794859055,4.98,0.005716969583601254,135.5154152853665
1925-02-28,,,,,,,,,,,,,,,,,,,,,,6.29,-0.002875273307521119,127.25644579905382,4.98,0.00415,136.07780425880077
1925-03-31,,,,,,,,,,,,,,,,,,,,,,6.32,0.0030559480888801786,127.64533489139112,5.0,0.0026011505945521393,136.43176312025392
1925-04-30,,,,,,,,,,,,,,,,,,,,,,6.18,0.015532093745190514,129.62793419906046,4.98,0.005716969583601254,137.2117393602495
1925-05-31,,,,,,,,,,,,,,,,,,,,,,5.98,0.019949911758288433,132.21400004774094,4.83,0.01585950773678814,139.38785000221156
1925-06-30,,,,,,,,,,,,,,,,,,,,,,5.68,0.02749214455321502,135.8488464490122,4.73,0.011868201061676908,141.04213303159267
1925-07-31,,,,,,,,,,,,,,,,,,,,,,5.67,0.005483973913494277,136.59383797911687,4.7,0.006297959391022558,141.93041065784885
1925-08-31,,,,,,,,,,,,,,,,,,,,,,5.61,0.009241360478385995,137.85615087500815,4.7,0.003916666666666666,142.48630476625874
1925-09-30,,,,,,,,,,,,,,,,,,,,,,5.67,0.0001711565190334486,137.87974585391927,4.71,0.0031316062792470104,142.93251577297147
1925-10-31,,,,,,,,,,,,,,,,,,,,,,5.62,0.008486892321293647,139.04991641026882,4.68,0.006283518132097087,143.8306348274972
1925-11-30,,,,,,,,,,,,,,,,,,,,,,5.81,-0.009486973174565521,137.73075358335902,4.7,0.0023291381837626654,144.16563625106875
1925-12-31,,,,,,,,,,,,,,,,,,,,,,5.85,0.001863936464069382,137.9874749571868,4.78,-0.0023431239539073575,143.82783829543857
1926-01-31,,,,,,,,,,,,,,,,,,,,,,5.93,-0.0010585801413735734,137.84140415643884,4.75,0.0063340758445254945,144.73885473175602
1926-02-28,,,,,,,,,,,,,,,,,,,,,,5.77,0.016896584570925733,140.17045309914326,4.73,0.005526973545668715,145.5388225528888
1926-03-31,,,,,,,,,,,,,,,,,,,,,,5.66,0.013069197894756164,142.0023684896936,4.71,0.005511787441505979,146.34100160728738
1926-04-30,,,,,,,,,,,,,,,,,,,,,,5.63,0.006972757919107417,142.99251662911212,4.71,0.003925,146.91539003859597
1926-05-31,,,,,,,,,,,,,,,,,,,,,,5.69,0.00019198425436330394,143.0199689407967,4.67,0.007071175971982412,147.9542546145513
1926-06-30,,,,,,,,,,,,,,,,,,,,,,5.68,0.005491960373996041,143.80542894290969,4.64,0.0062546447658833725,148.8796559187664
1926-07-31,,,,,,,,,,,,,,,,,,,,,,5.57,0.013028677889454908,145.67902355536174,4.58,0.0086060486746433,150.16092148426745
1926-08-31,,,,,,,,,,,,,,,,,,,,,,5.38,0.019096916750251505,148.4610437404564,4.59,0.003027143243671347,150.615480103202
1926-09-30,,,,,,,,,,,,,,,,,,,,,,5.21,0.01751983835910014,151.06205722941252,4.65,-0.0008987239238443475,150.48011836793194
1926-10-31,,,,,,,,,,,,,,,,,,,,,,5.16,0.008184897490781419,152.29848468258183,4.7,-5.21545405932247e-05,150.47227014649005
1926-11-30,,,,,,,,,,,,,,,,,,,,,,5.37,-0.011684289112219718,150.51898515619757,4.73,0.001563706348163594,150.7075645905407
1926-12-31,,,,,,,,,,,,,,,,,,,,,,5.37,0.004475,151.19255761477154,4.73,0.003941666666666667,151.30160357430177
1927-01-31,,,,,,,,,,,,,,,,,,,,,,5.3,0.009820488955148969,152.67734245692813,4.68,0.007872530220162034,152.49273002079943
1927-02-28,,,,,,,,,,,,,,,,,,,,,,5.25,0.00824378304389832,153.935981343862,4.64,0.0070506374656222745,153.5679009763191
1927-03-31,,,,,,,,,,,,,,,,,,,,,,5.19,0.008980418059913325,155.31839081079292,4.59,0.007814283781643264,154.76792413429934
1927-04-30,,,,,,,,,,,,,,,,,,,,,,5.18,0.005092928262056517,156.10941623297035,4.56,0.006196934780067919,155.7270108662061
1927-05-31,,,,,,,,,,,,,,,,,,,,,,5.32,-0.006364355756536346,155.11588037111852,4.52,0.006968575432223486,156.81220628826193
1927-06-30,,,,,,,,,,,,,,,,,,,,,,5.42,-0.0031605574691033313,154.62562771683503,4.56,0.0006040869599095149,156.9069344972353
1927-07-31,,,,,,,,,,,,,,,,,,,,,,5.39,0.006798013329321004,155.6767747951087,4.55,0.004591019274134718,157.6272972577575
1927-08-31,,,,,,,,,,,,,,,,,,,,,,5.35,0.007539127954497288,156.8504419198325,4.53,0.005375204145881692,158.47457615948153
1927-09-30,,,,,,,,,,,,,,,,,,,,,,5.54,-0.00988992188926797,155.2992033009482,4.52,0.004567143858055817,159.19835234664632
1927-10-31,,,,,,,,,,,,,,,,,,,,,,5.77,-0.012568527820705768,153.3473209437268,4.55,0.0013936088442622879,159.42021257846858
1927-11-30,,,,,,,,,,,,,,,,,,,,,,5.95,-0.008529955719074193,152.03927508643815,4.58,0.00142197566267835,159.64690424089417
1927-12-31,,,,,,,,,,,,,,,,,,,,,,5.88,0.010162169633590226,153.58432399083463,4.58,0.0038166666666666666,160.2562232587469
1928-01-31,,,,,,,,,,,,,,,,,,,,,,5.74,0.015375043352510482,155.94568963045973,4.49,0.010956103495663425,162.01200702659386
1928-02-29,,,,,,,,,,,,,,,,,,,,,,5.71,0.007031096813514298,157.04215887190173,4.59,-0.004153567563286751,161.33907920934521
1928-03-31,,,,,,,,,,,,,,,,,,,,,,5.63,0.010774576673174965,158.73422165358798,4.61,0.002247445932058311,161.70168006659628
1928-04-30,,,,,,,,,,,,,,,,,,,,,,5.69,0.00019198425436330394,158.7646961247741,4.61,0.003841666666666667,162.32288402085214
1928-05-31,,,,,,,,,,,,,,,,,,,,,,5.67,0.0062429478269889985,159.75585583944883,4.64,0.0014786885674500719,162.5629090136893
1928-06-30,,,,,,,,,,,,,,,,,,,,,,5.76,-0.002002744266125768,159.43590571518635,4.65,0.00307937934602596,163.06350187813595
1928-07-31,,,,,,,,,,,,,,,,,,,,,,5.65,0.013064685321664132,161.51888565232977,4.65,0.0038750000000000004,163.69537294791374
1928-08-31,,,,,,,,,,,,,,,,,,,,,,5.51,0.015295449098544652,163.98938954627863,4.65,0.0038750000000000004,164.32969251808692
1928-09-30,,,,,,,,,,,,,,,,,,,,,,5.46,0.008381563425908685,165.36387701593682,4.64,0.004662659366405569,165.09590589808494
1928-10-31,,,,,,,,,,,,,,,,,,,,,,5.46,0.00455,166.11628265635935,4.62,0.005443475112390387,165.9946013529987
1928-11-30,,,,,,,,,,,,,,,,,,,,,,5.56,-0.002994716941801699,165.61881141037924,4.62,0.00385,166.63368056820772
1928-12-31,,,,,,,,,,,,,,,,,,,,,,5.54,0.006143675988344043,166.63631972525926,4.65,0.001488138038077882,166.8816544866862
1929-01-31,,,,,,,,,,,,,,,,,,,,,,5.46,0.010680501481453894,168.41607918494893,4.61,0.007030108135883378,168.05485056362272
1929-02-28,,,,,,,,,,,,,,,,,,,,,,5.49,0.002279226320660079,168.79993754544964,4.6,0.004630816767278979,168.83308178343532
1929-03-31,,,,,,,,,,,,,,,,,,,,,,5.56,-0.0007063018592612337,168.6807138357181,4.62,0.0022565248876095013,169.21405783433144
1929-04-30,,,,,,,,,,,,,,,,,,,,,,5.66,-0.0028765435406873825,168.19549641789544,4.62,0.00385,169.8655319569936
1929-05-31,,,,,,,,,,,,,,,,,,,,,,5.62,0.007726180523701629,169.49500518649373,4.56,0.008593869560135838,171.32533418139508
1929-06-30,,,,,,,,,,,,,,,,,,,,,,5.61,0.005436060079730925,170.4163902179018,4.56,0.0037999999999999996,171.9763704512844
1929-07-31,,,,,,,,,,,,,,,,,,,,,,5.59,0.006181848035039532,171.46987844490886,4.55,0.004591019274134718,172.76591728272197
1929-08-31,,,,,,,,,,,,,,,,,,,,,,5.62,0.0024011979405570557,171.88161156389836,4.52,0.006168098240834115,173.8315544331896
1929-09-30,,,,,,,,,,,,,,,,,,,,,,5.68,0.00018157108935708526,171.91282029535049,4.52,0.0037666666666666664,174.48631995488796
1929-10-31,,,,,,,,,,,,,,,,,,,,,,5.73,0.0009905190699528105,172.0831032222224,4.56,0.0006040869599095149,174.59172486545532
1929-11-30,,,,,,,,,,,,,,,,,,,,,,5.59,0.015322936245277391,174.71992164178602,4.5,0.008557369204578365,176.08577071519318
1929-12-31,,,,,,,,,,,,,,,,,,,,,,5.52,0.009949436692101923,176.45828644101,4.46,0.006927599927999264,177.30562248772142
1930-01-31,,,,,,,,,,,,,,,,,,,,,,5.44,0.010669469907239444,178.34100281807537,4.3,0.016524058138700802,180.23543090202705
1930-02-28,,,,,,,,,,,,,,,,,,,,,,5.37,0.009861429704073166,180.0997000807197,4.22,0.010011477869884162,182.03985392987173
1930-03-31,,,,,,,,,,,,,,,,,,,,,,5.32,0.008289650865429758,181.5926637153575,4.16,0.008351593969653735,183.56017687618908
1930-04-30,,,,,,,,,,,,,,,,,,,,,,5.34,0.002908893270331325,182.12089739278065,4.15,0.004272872668898024,184.34450613906145
1930-05-31,,,,,,,,,,,,,,,,,,,,,,5.44,-0.0031368373840494164,181.54961375342234,4.2,-0.0005630902972235748,184.24070353630808
1930-06-30,,,,,,,,,,,,,,,,,,,,,,5.34,0.012155533648343708,183.75644619224585,4.21,0.0026960987354359115,184.73743466412813
1930-07-31,,,,,,,,,,,,,,,,,,,,,,5.24,0.012107804014912894,185.98133322921845,4.27,-0.001301302863412681,184.49703531142018
1930-08-31,,,,,,,,,,,,,,,,,,,,,,5.27,0.0020725374143737802,186.36678650071113,4.24,0.00596659072343542,185.59785361081063
1930-09-30,,,,,,,,,,,,,,,,,,,,,,5.17,0.012074537580471927,188.61707926806574,4.16,0.009979903070649498,187.45010219996712
1930-10-31,,,,,,,,,,,,,,,,,,,,,,4.97,0.01981863749585908,192.35521278760726,4.04,0.01319214106254945,189.9229703903784
1930-11-30,,,,,,,,,,,,,,,,,,,,,,4.91,0.008807884209795792,194.04945522899115,4.06,0.0017473045963864275,190.2548236695009
1930-12-31,,,,,,,,,,,,,,,,,,,,,,4.96,0.00021227063710122646,194.09064623048175,4.11,-0.0006554056579417154,190.13012958161718
1931-01-31,,,,,,,,,,,,,,,,,,,,,,4.81,0.01585386962526526,197.1677340313033,4.04,0.009098193397598198,191.85997027126115
1931-02-28,,,,,,,,,,,,,,,,,,,,,,4.73,0.010282894182674637,199.19518897658494,4.01,0.005801529532418675,192.97305155487885
1931-03-31,,,,,,,,,,,,,,,,,,,,,,4.75,0.002374504992538597,199.6681789472995,4.07,-0.0015140964572412305,192.6808717411766
1931-04-30,,,,,,,,,,,,,,,,,,,,,,4.71,0.007098574883011958,201.08553846731155,4.08,0.002582759726728708,193.17852013682068
1931-05-31,,,,,,,,,,,,,,,,,,,,,,4.64,0.009438615564838758,202.98350756055308,4.07,0.004209293853984539,193.99166529435445
1931-06-30,,,,,,,,,,,,,,,,,,,,,,4.62,0.005443475112390387,204.08844323218466,3.95,0.013159159307277499,196.54443252224692
1931-07-31,,,,,,,,,,,,,,,,,,,,,,4.87,-0.015629159630087285,200.89871237425285,4.02,-0.0023869603800803756,196.07528874889096
1931-08-31,,,,,,,,,,,,,,,,,,,,,,4.83,0.007180868729810111,202.34133965580023,4.18,-0.00953083907568638,194.20652672510653
1931-09-30,,,,,,,,,,,,,,,,,,,,,,5.72,-0.06262786151102334,189.66913425788184,4.24,-0.00133318144687084,193.94761418681537
1931-10-31,,,,,,,,,,,,,,,,,,,,,,5.47,0.02370735457458614,194.1656876755882,4.55,-0.020988264164844506,189.87699042612115
1931-11-30,,,,,,,,,,,,,,,,,,,,,,5.48,0.0038010574143082536,194.90372260233178,4.62,-0.0017271628933666892,189.54904193395302
1931-12-31,,,,,,,,,,,,,,,,,,,,,,5.76,-0.01636409327239113,191.71429990653098,4.8,-0.010221267469050409,187.61161047784384
1932-01-31,,,,,,,,,,,,,,,,,,,,,,5.48,0.026003725732700683,196.69958598033713,4.64,0.016602549862488877,190.72644159558408
1932-02-29,,,,,,,,,,,,,,,,,,,,,,5.19,0.02682618728958103,201.9762859136287,4.46,0.018165866342663133,194.19115264162122
1932-03-31,,,,,,,,,,,,,,,,,,,,,,5.32,-0.0055930922501170825,200.84661391417774,4.52,-0.0010361964816684513,193.98993245248283
1932-04-30,,,,,,,,,,,,,,,,,,,,,,5.28,0.0074907467402661075,202.35110503264883,4.66,-0.007250150747362157,192.58347619873174
1932-05-31,,,,,,,,,,,,,,,,,,,,,,5.08,0.019830551290190887,206.36383899962556,4.42,0.022985154988310757,197.01003724734724
1932-06-30,,,,,,,,,,,,,,,,,,,,,,5.1,0.002691721847123763,206.9193130535172,4.29,0.014094293111647522,199.78675445824794
1932-07-31,,,,,,,,,,,,,,,,,,,,,,5.0,0.011994247027239748,209.40115440898785,4.26,0.005980963739823713,200.9816717923598
1932-08-31,,,,,,,,,,,,,,,,,,,,,,4.94,0.008826314346746203,211.24939482237312,4.27,0.0027483939672089974,201.53404860663352
1932-09-30,,,,,,,,,,,,,,,,,,,,,,4.83,0.012703639006978028,213.93303087463914,4.2,0.009188326416113005,203.38580922919206
1932-10-31,,,,,,,,,,,,,,,,,,,,,,4.7,0.01423560180554212,216.97849631522325,4.07,0.014020820101800332,206.23744507165367
1932-11-30,,,,,,,,,,,,,,,,,,,,,,4.85,-0.00778182757368441,215.29000706970086,4.0,0.00907573487244527,208.1092014438945
1932-12-31,,,,,,,,,,,,,,,,,,,,,,4.81,0.0071671430111818766,216.83302133924778,4.01,0.0025217123780826643,208.63399299316848
1933-01-31,,,,,,,,,,,,,,,,,,,,,,4.76,0.007924391241089509,218.5512910343275,4.01,0.0033416666666666664,209.3311782530873
1933-02-28,,,,,,,,,,,,,,,,,,,,,,4.81,5.982123602276453e-05,218.56436504269155,4.12,-0.005539314788271098,208.17162696174375
1933-03-31,,,,,,,,,,,,,,,,,,,,,,4.73,0.010282894182674637,220.81183928052903,4.2,-0.003000944475557831,207.54691546784503
1933-04-30,,,,,,,,,,,,,,,,,,,,,,4.77,0.0008102963528435108,220.99076230856272,4.27,-0.0021112422295370167,207.10873365529915
1933-05-31,,,,,,,,,,,,,,,,,,,,,,4.65,0.013422447847688472,223.95699929047035,4.22,0.007575923668677657,208.6777736125882
1933-06-30,,,,,,,,,,,,,,,,,,,,,,4.64,0.004662659366405569,225.00123449088417,4.16,0.008351593969653735,210.42056564829184
1933-07-31,,,,,,,,,,,,,,,,,,,,,,4.66,0.0022928356075196756,225.51712533306073,4.09,0.009126308716129232,212.3409286906207
1933-08-31,,,,,,,,,,,,,,,,,,,,,,4.54,0.013380059873782418,228.53455797258036,4.0,0.010716421026477282,214.61646348362257
1933-09-30,,,,,,,,,,,,,,,,,,,,,,4.63,-0.003308951670354304,227.7783481652433,3.88,0.01313368801115803,217.43516915707457
1933-10-31,,,,,,,,,,,,,,,,,,,,,,5.01,-0.025556011123627008,221.95724216581095,3.78,0.011439647851644886,219.92255092279436
1933-11-30,,,,,,,,,,,,,,,,,,,,,,5.17,-0.00811759346208833,220.15548350794262,3.82,-0.00012621636062702668,219.89479309879707
1933-12-31,,,,,,,,,,,,,,,,,,,,,,5.15,0.005846344298498149,221.44258826373238,3.71,0.012240759467409896,222.5864723692553
1934-01-31,,,,,,,,,,,,,,,,,,,,,,5.06,0.011241919992784094,223.93202812398826,3.66,0.007218615953190573,224.19323862966442
1934-02-28,,,,,,,,,,,,,,,,,,,,,,5.04,0.005762614986438173,225.22246218519908,3.72,-0.0018880342353810834,223.76995411979064
1934-03-31,,,,,,,,,,,,,,,,,,,,,,5.04,0.0042,226.1683965263769,3.7,0.004747598641812076,224.83232405004813
1934-04-30,,,,,,,,,,,,,,,,,,,,,,4.89,0.015876512325369036,229.7591618614369,3.68,0.0047325214082034675,225.89634783687112
1934-05-31,,,,,,,,,,,,,,,,,,,,,,4.87,0.005633332770406956,231.05347167725216,3.6,0.00968893830839746,228.0850436151549
1934-06-30,,,,,,,,,,,,,,,,,,,,,,4.77,0.011886759117891558,233.79994863843223,3.61,0.002172615753926241,228.5805847741481
1934-07-31,,,,,,,,,,,,,,,,,,,,,,4.63,0.015007443339069608,237.3086881203009,3.61,0.0030083333333333333,229.26823136667699
1934-08-31,,,,,,,,,,,,,,,,,,,,,,4.6,0.006225783635170049,238.78612066728394,3.55,0.007987053356270533,231.0994089635004
1934-09-30,,,,,,,,,,,,,,,,,,,,,,4.65,-0.00010310326987030818,238.7615010374435,3.36,0.018870088623366303,235.46027529144922
1934-10-31,,,,,,,,,,,,,,,,,,,,,,4.65,0.0038750000000000004,239.68670185396363,3.15,0.02056729716293124,240.30305674343404
1934-11-30,,,,,,,,,,,,,,,,,,,,,,4.49,0.016567332140438634,243.65767105322456,3.01,0.014551127115806872,243.79973706842472
1934-12-31,,,,,,,,,,,,,,,,,,,,,,4.29,0.019758527864072974,248.47198793602485,3.01,0.0025083333333333333,244.41126807557134
1935-01-31,,,,,,,,,,,,,,,,,,,,,,4.02,0.025478275751738784,254.80262576124161,3.01,0.0025083333333333333,245.02433300632757
1935-02-28,,,,,,,,,,,,,,,,,,,,,,4.22,-0.012720361341377294,251.56144429082687,3.02,0.0016568836019845699,245.43030980577296
1935-03-31,,,,,,,,,,,,,,,,,,,,,,4.08,0.014841363825798091,255.29495921009027,3.09,-0.0034231303913545012,244.59016985331726
1935-04-30,,,,,,,,,,,,,,,,,,,,,,3.93,0.015621081960516855,259.2829426920179,3.14,-0.0016573724613637647,244.18479284148208
1935-05-31,,,,,,,,,,,,,,,,,,,,,,3.94,0.002460651876282055,259.92094775144096,3.13,0.003463554169998506,245.03054009897843
1935-06-30,,,,,,,,,,,,,,,,,,,,,,4.11,-0.010448379237001454,257.20519511769305,3.19,-0.002458149220295959,244.42821846788544
1935-07-31,,,,,,,,,,,,,,,,,,,,,,4.12,0.002617638049551052,257.8784652229753,3.22,0.00012879102960984675,244.45969862980763
1935-08-31,,,,,,,,,,,,,,,,,,,,,,4.44,-0.022011597565283546,252.2021482257342,3.21,0.0035269248113933465,245.32188960629085
1935-09-30,,,,,,,,,,,,,,,,,,,,,,4.44,0.0037,253.1352961741694,3.27,-0.0023717890630538916,244.74003783159495
1935-10-31,,,,,,,,,,,,,,,,,,,,,,4.51,-0.0018476346374838668,252.66759463298828,3.35,-0.003977940198909824,243.76647659682192
1935-11-30,,,,,,,,,,,,,,,,,,,,,,4.46,0.007730333243332302,254.6207993392925,3.33,0.004469030298177719,244.85587636641316
1935-12-31,,,,,,,,,,,,,,,,,,,,,,4.43,0.006103261266984093,256.1748166016685,3.32,0.0036140893869922868,245.7408073905317
1936-01-31,,,,,,,,,,,,,,,,,,,,,,4.32,0.012488372907778728,259.37402324097195,3.25,0.008660319156885116,247.86900121240433
1936-02-29,,,,,,,,,,,,,,,,,,,,,,4.54,-0.013810665324156582,255.7918954122109,3.23,0.004393874021926057,248.95810637767227
1936-03-31,,,,,,,,,,,,,,,,,,,,,,4.51,0.006160891035112165,257.3678014075103,3.21,0.004378849622786693,250.04825648787386
1936-04-30,,,,,,,,,,,,,,,,,,,,,,4.51,0.003758333333333333,258.33507539446686,3.13,0.009450100026654046,252.41123752317472
1936-05-31,,,,,,,,,,,,,,,,,,,,,,4.53,0.0021747958541180864,258.896901445408,3.14,0.0017618588410606246,252.85595049358798
1936-06-30,,,,,,,,,,,,,,,,,,,,,,4.62,-0.0033206380057570766,258.0371985548956,3.15,0.0017706048970033803,253.30365847776838
1936-07-31,,,,,,,,,,,,,,,,,,,,,,4.82,-0.011770026840645896,255.00009380201942,3.14,0.0034714744922727083,254.18299566697334
1936-08-31,,,,,,,,,,,,,,,,,,,,,,4.77,0.007930879558945779,257.02246883348306,3.08,0.0077104080292639925,256.14285027766635
1936-09-30,,,,,,,,,,,,,,,,,,,,,,4.76,0.004758211581551146,258.2454361214054,3.04,0.005969137157499532,257.6718020828866
1936-10-31,,,,,,,,,,,,,,,,,,,,,,4.42,0.031027580677884574,266.2581672253578,3.06,0.0008337599783505025,257.88663851901276
1936-11-30,,,,,,,,,,,,,,,,,,,,,,4.6,-0.010521368477687625,263.456766937786,3.03,0.0051031005944388065,259.20265997733696
1936-12-31,,,,,,,,,,,,,,,,,,,,,,4.58,0.0054131273359920625,264.88289196474904,3.03,0.002525,259.8571466937798
1937-01-31,,,,,,,,,,,,,,,,,,,,,,4.6,0.0022383664654421526,265.47579694739227,3.03,0.002525,260.5132859891816
1937-02-28,,,,,,,,,,,,,,,,,,,,,,4.62,0.0022565248876095013,266.074849690262,3.01,0.004228732445115235,261.61492697402764
1937-03-31,,,,,,,,,,,,,,,,,,,,,,4.72,-0.003996901201716938,265.0113748037883,3.05,-0.0008924746858374201,261.38144227426613
1937-04-30,,,,,,,,,,,,,,,,,,,,,,4.49,0.022178560785214064,270.8889456886473,3.08,-5.204014632107564e-06,261.38008204141596
1937-05-31,,,,,,,,,,,,,,,,,,,,,,4.51,0.0021566281988142605,271.47315242766655,3.1,0.000870410127458426,261.6075899119407
1937-06-30,,,,,,,,,,,,,,,,,,,,,,4.48,0.006139274057875202,273.13980050977534,3.06,0.005982480043298995,263.17265209776446
1937-07-31,,,,,,,,,,,,,,,,,,,,,,4.47,0.004527356649184322,274.37640180177016,3.06,0.00255,263.84374236061376
1937-08-31,,,,,,,,,,,,,,,,,,,,,,4.23,0.02300024320181173,280.6871257720489,3.04,0.004251235245416433,264.96540417741977
1937-09-30,,,,,,,,,,,,,,,,,,,,,,4.13,0.011594763686553211,283.9416266652336,3.03,0.0033843668648130833,265.8621443116396
1937-10-31,,,,,,,,,,,,,,,,,,,,,,3.95,0.018092905627583023,289.07895572023006,3.02,0.0033764497313485413,266.75981447737644
1937-11-30,,,,,,,,,,,,,,,,,,,,,,3.93,0.004921144261402307,290.50155496426487,3.01,0.0033685328892242845,267.65840368596685
1937-12-31,,,,,,,,,,,,,,,,,,,,,,4.05,-0.006445821803490098,288.62903370732846,2.98,0.005067685673275422,269.014812343658
1938-01-31,,,,,,,,,,,,,,,,,,,,,,3.78,0.025532049199440948,295.99832439633104,2.72,0.024949213047962878,275.72652020987766
1938-02-28,,,,,,,,,,,,,,,,,,,,,,3.7,0.009740394567248303,298.8814648671957,2.34,0.035723679205010433,285.5764859661692
1938-03-31,,,,,,,,,,,,,,,,,,,,,,3.67,0.0055583087613486695,300.54274033197174,2.31,0.0045952778182597395,286.888789257546
1938-04-30,,,,,,,,,,,,,,,,,,,,,,3.74,-0.0026971590007976404,299.732128774761,2.46,-0.011203436232466401,283.6746490012896
1938-05-31,,,,,,,,,,,,,,,,,,,,,,3.75,0.002294849321908498,300.419968847234,2.28,0.017945325325293807,288.7652828641563
1938-06-30,,,,,,,,,,,,,,,,,,,,,,3.64,0.012213054605732587,304.08901433141773,2.18,0.010774749998750707,291.8766565953361
1938-07-31,,,,,,,,,,,,,,,,,,,,,,3.73,-0.004370150464714005,302.7600995841229,2.22,-0.0017261761981756326,291.37282605791813
1938-08-31,,,,,,,,,,,,,,,,,,,,,,3.47,0.024766476991521968,310.2584006244239,2.24,8.033911168423957e-05,291.39623469193253
1938-09-30,,,,,,,,,,,,,,,,,,,,,,3.54,-0.0029196496767989887,309.35255478531667,2.23,0.002751937091253415,292.19813879843286
1938-10-31,,,,,,,,,,,,,,,,,,,,,,3.58,-0.00036433682689630256,309.2398462571139,2.3,-0.004317046241373485,290.93670592159674
1938-11-30,,,,,,,,,,,,,,,,,,,,,,3.7,-0.0069022585175391215,307.10539289432324,2.32,0.00015402312162159375,290.98151690123706
1938-12-31,,,,,,,,,,,,,,,,,,,,,,3.68,0.0047325214082034675,308.5587757407704,2.46,-0.010319873816968647,287.9786243637462
1939-01-31,,,,,,,,,,,,,,,,,,,,,,3.69,0.0022424701252997717,309.2507095772682,2.42,0.0055578548594507095,289.5791677605842
1939-02-28,,,,,,,,,,,,,,,,,,,,,,3.61,0.009694073968590516,312.24860883074933,2.33,0.009944627897017111,292.45892483069105
1939-03-31,,,,,,,,,,,,,,,,,,,,,,3.78,-0.010942401347796173,308.83185923263227,2.27,0.0072427408712815635,294.57712903873335
1939-04-30,,,,,,,,,,,,,,,,,,,,,,4.15,-0.02667962208256501,300.59234194124974,2.55,-0.02250596509915799,287.94738645357745
1939-05-31,,,,,,,,,,,,,,,,,,,,,,4.21,-0.001365074254051309,300.18201107430076,2.52,0.00474290885770874,289.3130946633422
1939-06-30,,,,,,,,,,,,,,,,,,,,,,4.19,0.0051176702371887855,301.71824361811514,2.56,-0.0013836553326793586,288.9127850570973
1939-07-31,,,,,,,,,,,,,,,,,,,,,,4.03,0.01646517360200361,306.686086878179,2.85,-0.022765193839884942,282.33562950245147
1939-08-31,,,,,,,,,,,,,,,,,,,,,,4.32,-0.01983298312050798,300.60358689382946,3.04,-0.013786734831455998,278.443143045029
1939-09-30,,,,,,,,,,,,,,,,,,,,,,5.0,-0.04906087978522993,285.8557104542224,3.32,-0.020961169502449917,272.60664912686724
1939-10-31,,,,,,,,,,,,,,,,,,,,,,5.07,-0.0012365552412081223,285.5022340772309,3.51,-0.013029816673185951,269.05463446485265
1939-11-30,,,,,,,,,,,,,,,,,,,,,,4.99,0.010423303653870862,288.4781105568764,3.64,-0.007815428170411542,266.9518572952762
1939-12-31,,,,,,,,,,,,,,,,,,,,,,5.81,-0.05699772633233528,272.0355141584864,3.75,-0.006006657459006524,265.3483689304579
1940-01-31,,,,,,,,,,,,,,,,,,,,,,5.85,0.001863936464069382,272.54257107284826,4.0,-0.017175243592066392,260.79094605731984
1940-02-29,,,,,,,,,,,,,,,,,,,,,,6.4,-0.035050753411177436,262.98974862012557,4.01,0.0025217123780826643,261.4485858140845
1940-03-31,,,,,,,,,,,,,,,,,,,,,,5.9,0.042469404755170505,274.15876670073425,4.05,0.00010139273217000394,261.4750948005222
1940-04-30,,,,,,,,,,,,,,,,,,,,,,5.99,-0.0017402363300620524,273.68166565471665,4.27,-0.014260332721402053,257.7463729503066
1940-05-31,,,,,,,,,,,,,,,,,,,,,,6.69,-0.045158726762894626,261.3225500954014,4.33,-0.0012375882277697562,257.42738907339293
1940-06-30,,,,,,,,,,,,,,,,,,,,,,6.69,0.005575,262.7794233121833,4.06,0.025469721282116116,263.9839929234751
1940-07-31,,,,,,,,,,,,,,,,,,,,,,5.98,0.058114686741924104,278.05076718019427,3.89,0.017260504669534032,268.540489866013
1940-08-31,,,,,,,,,,,,,,,,,,,,,,5.8,0.01841402340436748,283.1708005146527,3.77,0.013093984373924474,272.0567548440846
1940-09-30,,,,,,,,,,,,,,,,,,,,,,5.32,0.04145398164145795,294.90935768058404,3.66,0.012220955097019662,275.38154822887503
1940-10-31,,,,,,,,,,,,,,,,,,,,,,4.98,0.03078848292122065,303.98916940284084,3.62,0.006357939257464865,277.1324073851408
1940-11-30,,,,,,,,,,,,,,,,,,,,,,4.75,0.02217235925247331,310.7293264757016,3.64,0.0013642931019879337,277.51049721687366
1940-12-31,,,,,,,,,,,,,,,,,,,,,,4.68,0.00946154230822676,313.6693051445583,3.66,0.0013825536187236378,277.89417035903466
1941-01-31,,,,,,,,,,,,,,,,,,,,,,4.36,0.029441789009129846,322.9042906452647,3.62,0.006357939257464865,279.66100461418097
1941-02-28,,,,,,,,,,,,,,,,,,,,,,4.35,0.004431893763312279,324.3353681571223,3.61,0.0038440509127404257,280.736035754226
1941-03-31,,,,,,,,,,,,,,,,,,,,,,3.88,0.04200972248814662,337.96060696649386,3.6,0.0038361172885497657,281.8129721145017
1941-04-30,,,,,,,,,,,,,,,,,,,,,,3.55,0.030616293459488377,348.30770808712685,3.53,0.008814127946820679,284.2969077077927
1941-05-31,,,,,,,,,,,,,,,,,,,,,,3.4,0.015495884646843754,353.70504415325155,3.44,0.010449621651059273,287.2677028299052
1941-06-30,,,,,,,,,,,,,,,,,,,,,,3.5,-0.005484630228027719,351.76510277628273,3.41,0.005372961010473892,288.81118099677866
1941-07-31,,,,,,,,,,,,,,,,,,,,,,3.26,0.023113645634621028,359.89567670847975,3.38,0.005351611308534379,290.35678617903216
1941-08-31,,,,,,,,,,,,,,,,,,,,,,3.27,0.0018755351561576474,360.5706737026957,3.25,0.01376202129135804,294.3526824525183
1941-09-30,,,,,,,,,,,,,,,,,,,,,,3.36,-0.004812147242647091,358.83555452945785,3.21,0.006082699245573385,296.1431412920047
1941-10-31,,,,,,,,,,,,,,,,,,,,,,3.35,0.0036378675248637,360.140950740047,3.21,0.002675,296.9353241949608
1941-11-30,,,,,,,,,,,,,,,,,,,,,,3.34,0.0036299411951243054,361.4482412131896,3.21,0.002675,297.7296261871823
1941-12-31,,,,,,,,,,,,,,,,,,,,,,3.24,0.01120693540321402,365.4989683040711,3.22,0.001831819232092097,298.2750130423956
1942-01-31,,,,,,,,,,,,,,,,,,,,,,3.37,-0.008181706782017274,362.5085629162774,3.23,0.0018405629890369717,298.82400699195597
1942-02-28,,,,,,,,,,,,,,,,,,,,,,3.32,0.007003780268294766,365.0474932363183,3.23,0.002691666666666667,299.62834161077603
1942-03-31,,,,,,,,,,,,,,,,,,,,,,3.37,-0.0014186051725707813,364.52963497417926,3.23,0.002691666666666667,300.4348412302784
1942-04-30,,,,,,,,,,,,,,,,,,,,,,3.36,0.003645794138071899,365.8586349805216,3.23,0.002691666666666667,301.24351167792327
1942-05-31,,,,,,,,,,,,,,,,,,,,,,3.33,0.005316045447266358,367.8035561113528,3.23,0.002691666666666667,302.0543587968564
1942-06-30,,,,,,,,,,,,,,,,,,,,,,3.26,0.00866578553232003,370.99086284663844,3.23,0.002691666666666667,302.8673884459513
1942-07-31,,,,,,,,,,,,,,,,,,,,,,3.21,0.00693462405696673,373.5635450090496,3.24,0.0018493064596785316,303.4274830638303
1942-08-31,,,,,,,,,,,,,,,,,,,,,,3.23,0.000989459311407276,373.9331709370611,3.23,0.003542770344296362,304.5024569524733
1942-09-30,,,,,,,,,,,,,,,,,,,,,,3.28,-0.0015119459135400724,373.3678042073257,3.24,0.0018493064596785316,305.0655753131035
1942-10-31,,,,,,,,,,,,,,,,,,,,,,3.25,0.005259184400569684,375.33141433888784,3.23,0.003542770344296362,306.14635258638845
1942-11-30,,,,,,,,,,,,,,,,,,,,,,3.4,-0.009829217980177087,371.64220005254276,3.23,0.002691666666666667,306.97039651876685
1942-12-31,,,,,,,,,,,,,,,,,,,,,,3.35,0.007022670957652057,374.2521209374896,3.24,0.0018493064596785316,307.53807885597905
1943-01-31,,,,,,,,,,,,,,,,,,,,,,3.27,0.009520718750738373,377.8152701228028,3.24,0.0027,308.3684316688902
1943-02-28,,,,,,,,,,,,,,,,,,,,,,3.28,0.0018842774839586077,378.52717892939097,3.25,0.0018580496442544758,308.94139552365186
1943-03-31,,,,,,,,,,,,,,,,,,,,,,3.22,0.007792417940780306,381.4768209095533,3.25,0.0027083333333333334,309.7781118031951
1943-04-30,,,,,,,,,,,,,,,,,,,,,,3.24,0.000998612919357174,381.8577685913488,3.26,0.001866792543001837,310.3564032722945
1943-05-31,,,,,,,,,,,,,,,,,,,,,,3.21,0.005230774434180039,383.8551804447894,3.26,0.0027166666666666663,311.1995381678509
1943-06-30,,,,,,,,,,,,,,,,,,,,,,3.13,0.009450100026654046,387.482650295742,3.28,0.0010352216345838818,311.5216986624348
1943-07-31,,,,,,,,,,,,,,,,,,,,,,3.26,-0.008331696940975231,384.254262283592,3.29,0.0018930195266411943,312.1114153209752
1943-08-31,,,,,,,,,,,,,,,,,,,,,,3.3,-0.0006429548622325708,384.00720413732324,3.29,0.0027416666666666666,312.96712078464685
1943-09-30,,,,,,,,,,,,,,,,,,,,,,3.14,0.01629359187636378,390.26406079912033,3.29,0.0027416666666666666,313.82517230746475
1943-10-31,,,,,,,,,,,,,,,,,,,,,,3.06,0.00941496008659799,393.93838135477773,3.29,0.0027416666666666666,314.685576321541
1943-11-30,,,,,,,,,,,,,,,,,,,,,,3.08,0.0008520862124675212,394.2740508180919,3.3,0.001901761284441885,315.2840331673616
1943-12-31,,,,,,,,,,,,,,,,,,,,,,3.07,0.003416038307229535,395.620906079233,3.29,0.0035903138066919167,316.4160017846719
1944-01-31,,,,,,,,,,,,,,,,,,,,,,3.05,0.004258737342918709,397.30575160559204,3.28,0.003582389182708059,317.54952704670103
1944-02-29,,,,,,,,,,,,,,,,,,,,,,3.08,-5.204014632107564e-06,397.30368402064727,3.27,0.003574464843842352,318.6845966673082
1944-03-31,,,,,,,,,,,,,,,,,,,,,,3.03,0.006821834324064529,400.0140239293766,3.27,0.002725,319.55301219322666
1944-04-30,,,,,,,,,,,,,,,,,,,,,,3.05,0.0008245959904146232,400.3438738896184,3.29,0.001044372386615833,319.88674453522117
1944-05-31,,,,,,,,,,,,,,,,,,,,,,3.07,0.0008429233855407081,400.6813331031779,3.3,0.001901761284441885,320.4950927613844
1944-06-30,,,,,,,,,,,,,,,,,,,,,,3.3,-0.016759490457837197,393.9661181244017,3.3,0.00275,321.3764542664782
1944-07-31,,,,,,,,,,,,,,,,,,,,,,3.3,0.00275,395.04952494924385,3.3,0.00275,322.260239515711
1944-08-31,,,,,,,,,,,,,,,,,,,,,,3.25,0.0069597517787273995,397.79897158319477,3.28,0.004431445032082784,323.68831805315074
1944-09-30,,,,,,,,,,,,,,,,,,,,,,3.23,0.004393874021926057,399.5468501503831,3.28,0.0027333333333333333,324.573066122496
1944-10-31,,,,,,,,,,,,,,,,,,,,,,3.16,0.00861121201351702,402.98743278636096,3.27,0.003574464843842352,325.73324113660897
1944-11-30,,,,,,,,,,,,,,,,,,,,,,3.11,0.00687190529212074,405.75672425838366,3.26,0.0035665407903314964,326.8949820278896
1944-12-31,,,,,,,,,,,,,,,,,,,,,,3.18,-0.003322110644317414,404.4087555257215,3.24,0.004401387080642714,328.33377337851414
1945-01-31,,,,,,,,,,,,,,,,,,,,,,3.11,0.008584000742302325,407.8802005833479,3.23,0.003542770344296362,329.49698453387043
1945-02-28,,,,,,,,,,,,,,,,,,,,,,2.97,0.014541158145637507,413.81125108450476,3.09,0.014571260782709003,334.29817102262973
1945-03-31,,,,,,,,,,,,,,,,,,,,,,2.88,0.010190765076768077,418.02830433043044,3.02,0.008535148119440901,337.15145542836603
1945-04-30,,,,,,,,,,,,,,,,,,,,,,2.91,-0.00016814163526342142,417.9580163677539,3.02,0.0025166666666666666,337.9999532578608
1945-05-31,,,,,,,,,,,,,,,,,,,,,,3.02,-0.006940947044835732,415.05699190918074,3.02,0.0025166666666666666,338.85058647355976
1945-06-30,,,,,,,,,,,,,,,,,,,,,,2.9,0.012794269751581655,420.36734302594687,3.02,0.0025166666666666666,339.70336044951824
1945-07-31,,,,,,,,,,,,,,,,,,,,,,2.91,0.001560619454912193,421.02337647968295,3.02,0.0025166666666666666,340.5582805733162
1945-08-31,,,,,,,,,,,,,,,,,,,,,,2.86,0.006715743583859502,423.8508615189312,3.02,0.0025166666666666666,341.4153522460924
1945-09-30,,,,,,,,,,,,,,,,,,,,,,2.91,-0.0018969027254389244,423.0468576645363,3.02,0.0025166666666666666,342.27458088257845
1945-10-31,,,,,,,,,,,,,,,,,,,,,,2.94,-0.0001393695167492097,422.9878978284213,3.01,0.0033685328892242845,343.4275440654269
1945-11-30,,,,,,,,,,,,,,,,,,,,,,2.66,0.026715607985705984,434.2882766895033,3.01,0.0025083333333333333,344.288974821791
1945-12-31,,,,,,,,,,,,,,,,,,,,,,2.66,0.0022166666666666667,435.250949036165,3.01,0.0025083333333333333,345.15256633363566
1946-01-31,,,,,,,,,,,,,,,,,,,,,,2.45,0.020605574584609786,444.21954492955194,3.02,0.0016568836019845699,345.72444396097677
1946-02-28,,,,,,,,,,,,,,,,,,,,,,2.41,0.005551259219106878,446.6855227736496,3.01,0.0033685328892242845,346.8890281210681
1946-03-31,,,,,,,,,,,,,,,,,,,,,,2.34,0.008171467221975648,450.3355988815256,3.01,0.0025083333333333333,347.7591414332718
1946-04-30,,,,,,,,,,,,,,,,,,,,,,2.32,0.0037126435450450727,452.00753443581704,3.01,0.0025083333333333333,348.63143727970026
1946-05-31,,,,,,,,,,,,,,,,,,,,,,2.28,0.005465627850065315,454.4780394044688,3.01,0.0025083333333333333,349.50592113487687
1946-06-30,,,,,,,,,,,,,,,,,,,,,,2.37,-0.0060122500917062635,451.7456037703808,3.01,0.0025083333333333333,350.38259848705684
1946-07-31,,,,,,,,,,,,,,,,,,,,,,2.28,0.009922662662646905,456.22812300592807,3.01,0.0025083333333333333,351.26147483826185
1946-08-31,,,,,,,,,,,,,,,,,,,,,,2.31,-0.0007452778182598504,455.8881063057854,3.01,0.0025083333333333333,352.1425557043145
1946-09-30,,,,,,,,,,,,,,,,,,,,,,2.32,0.0010436782274774637,456.36390679650265,3.01,0.0025083333333333333,353.0258466148728
1946-10-31,,,,,,,,,,,,,,,,,,,,,,2.31,0.0028150926060865793,457.6486134562103,3.01,0.0025083333333333333,353.9113531134651
1946-11-30,,,,,,,,,,,,,,,,,,,,,,2.36,-0.0024728742879974275,456.51690596705674,3.01,0.0025083333333333333,354.79908075752473
1946-12-31,1.799,,100.0,,,,,,,,,,,,,,,,,,,2.36,0.0019666666666666665,457.414722548792,3.02,0.0016568836019845699,355.3869415364311
1947-01-31,1.796,0.0017705673642301508,100.17705673642301,,,,,,,,,,,,,,,,,,,2.27,0.009918277973589124,461.9514889162431,3.02,0.0025166666666666666,356.2813320059645
1947-02-28,1.79,0.0020396314973225235,100.38138101665169,,,,,,,,,,,,,,,,,,,2.27,0.0018916666666666667,462.82534714944296,3.02,0.0025166666666666666,357.17797335817954
1947-03-31,1.776,0.002759475053560221,100.65838093340906,,,,,,,,,,,,,,,,,,,2.25,0.0036604482159932478,464.51949536573255,3.02,0.0025166666666666666,358.0768712577976
1947-04-30,1.789,0.0003035171671698831,100.68893248004188,,,,,,,,,,,,,,,,,,,2.24,0.002759830444157991,465.80149041094785,3.02,0.0025166666666666666,358.9780313837964
1947-05-31,1.779,0.0023962744060582776,100.93021079191715,,,,,,,,,,,,,,,,,,,2.25,0.0009822758920033762,466.2590359854377,3.02,0.0025166666666666666,359.88145942944567
1947-06-30,1.822,-0.0024025068539195705,100.68772526872202,,,,,,,,,,,,,,,,,,,2.31,-0.0034155556365195894,464.66650230699946,3.02,0.0025166666666666666,360.78716110234313
1947-07-31,1.805,0.003055576388844506,100.99538430469958,,,,,,,,,,,,,,,,,,,2.38,-0.0042259227368827805,462.7028575698325,3.02,0.0025166666666666666,361.69514212445074
1947-08-31,1.781,0.0036770071256167205,101.36674505244235,,,,,,,,,,,,,,,,,,,2.44,-0.0032732413884681883,461.1883194258724,3.02,0.0025166666666666666,362.6054082321306
1947-09-30,1.822,-0.0022201421940473785,101.14169646467818,,,,,,,,,,,,,,,,,,,2.46,0.00028287516900449457,461.3187781496729,3.02,0.0025166666666666666,363.5179651761815
1947-10-31,1.925,-0.007739724417251858,100.35888760694823,,,,,,,,,,,,,,,,,,,2.46,0.00205,462.26448164487977,3.02,0.0025166666666666666,364.4328187218749
1947-11-30,2.026,-0.007428407992968695,99.61338084408332,,,,,,,,,,,,,,,,,,,2.47,0.001175203812215479,462.8077366259606,3.04,0.0008154314212502341,364.72998869319554
1947-12-31,2.173,-0.011362095334352021,98.48156411435573,,,,,,,,,,,,,,,,,,,2.4,0.008203163408624653,466.60422411627906,3.04,0.002533333333333333,365.65397133121826
1948-01-31,2.176,0.0015445378224433644,98.63367261494375,,,,,,,,,,,,,,,,,,,2.4,0.002,467.5374325645116,3.04,0.002533333333333333,366.5802947252573
1948-02-29,2.162,0.003056912114226207,98.935187083631,,,,,,,,,,,,,,,,,,,2.35,0.006400055619732779,470.52969813723155,3.05,0.0016831313285406448,367.19729750373506
1948-03-31,2.141,0.0036689866465155693,99.29817896391137,,,,,,,,,,,,,,,,,,,2.34,0.0028387810317108066,471.86542891916014,3.06,0.0016918799891751956,367.81855126346085
1948-04-30,2.133,0.002495810205492357,99.54600837235631,,,,,,,,,,,,,,,,,,,2.2,0.014362291277209775,478.6424976529426,3.07,0.001700628359437021,368.4440739228665
1948-05-31,2.046,0.009550270335121581,100.49669966309459,,,,,,,,,,,,,,,,,,,2.21,0.000947182014043293,479.0958592178762,3.07,0.002558333333333333,369.3866766786525
1948-06-30,2.143,-0.006919380710756774,99.80132473795105,,,,,,,,,,,,,,,,,,,2.25,-0.001695896431986496,478.28336225964904,3.09,0.0008612484596129994,369.70481038494364
1948-07-31,2.176,-0.0011434172864562143,99.68721017803445,,,,,,,,,,,,,,,,,,,2.21,0.005419605277160384,480.87546929372945,3.09,0.002575,370.65680027168486
1948-08-31,2.191,0.0004828493471279449,99.73534408238594,,,,,,,,,,,,,,,,,,,2.23,7.112581749317017e-05,480.9096719545954,3.09,0.002575,371.61124153238444
1948-09-30,2.187,0.002180699689240535,99.9528369162327,,,,,,,,,,,,,,,,,,,2.23,0.0018583333333333334,481.803362428311,3.09,0.002575,372.56814047933034
1948-10-31,2.211,-0.0003041573879020757,99.92243552244285,,,,,,,,,,,,,,,,,,,2.23,0.0018583333333333334,482.6987136768236,3.09,0.002575,373.5275034410646
1948-11-30,2.173,0.005216080199809823,100.44363895988823,,,,,,,,,,,,,,,,,,,2.26,-0.0007935209141945627,482.3156821522662,3.1,0.0017268717303958797,374.1725375272824
1948-12-31,2.148,0.004033058398389871,100.84873402156025,,,,,,,,,,,,,,,,,,,2.27,0.000999820965897443,482.79791148346317,3.09,0.003431875770193611,375.45665119269415
1949-01-31,2.111,0.005084961556352671,101.36154595706671,,,,,,,,,,,,,,,,,,,2.25,0.0036604482159932478,484.5651682372381,3.05,0.0059758080191707535,377.70030805974244
1949-02-28,2.096,0.0030959611027380424,101.6753573606632,,,,,,,,,,,,,,,,,,,1.87,0.03612512271422978,502.07014440284973,3.01,0.005949131556897138,379.94729688147044
1949-03-31,2.065,0.004513649866208717,102.13428432381087,,,,,,,,,,,,,,,,,,,2.42,-0.0466746709841137,478.63618560190025,3.01,0.0025083333333333333,380.9003313511481
1949-04-30,2.067,0.0015423360991943477,102.29180971748887,,,,,,,,,,,,,,,,,,,1.86,0.05251582525456666,503.7721598854819,3.01,0.0025083333333333333,381.8557563489539
1949-05-31,2.055,0.002794124827807982,102.57762580270193,,,,,,,,,,,,,,,,,,,1.87,0.0006486809812044679,504.09894730445995,3.01,0.0025083333333333333,382.81357787112916
1949-06-30,1.967,0.009605698909119992,103.56295559097506,,,,,,,,,,,,,,,,,,,1.88,0.0006574656640711048,504.43037505360707,3.01,0.0025083333333333333,383.7738019289559
1949-07-31,1.945,0.0036146383995445982,103.93729822702453,,,,,,,,,,,,,,,,,,,2.33,-0.038073139485085554,485.2251270236771,3.02,0.0016568836019845699,384.4096704482433
1949-08-31,1.876,0.007838065710500315,104.75196560029983,,,,,,,,,,,,,,,,,,,2.23,0.010794370912534592,490.4628270208524,3.01,0.0033685328892242845,385.70456706608405
1949-09-30,1.888,0.0004827251488679074,104.80253200848844,,,,,,,,,,,,,,,,,,,2.22,0.002744044049543908,491.8086786228614,3.02,0.0016568836019845699,386.3436346384664
1949-10-31,1.887,0.0016633885248619374,104.97685933760785,,,,,,,,,,,,,,,,,,,2.17,0.006289584256954232,494.90195074536115,3.02,0.0025166666666666666,387.3159327856399
1949-11-30,1.882,0.002022888718910455,105.18921584210854,,,,,,,,,,,,,,,,,,,2.2,-0.0008514433689259201,494.4805697611305,3.02,0.0025166666666666666,388.29067788315047
1949-12-31,1.841,0.005269115296844868,105.74346994836532,,,,,,,,,,,,,,,,,,,2.25,-0.0025886205399831197,493.20054720162426,3.02,0.0025166666666666666,389.2678760891564
1950-01-31,1.932,-0.006642418219018845,105.04107759703801,,,,,,,,,,,,,,,,,,,2.18,0.008087324999125496,497.18922031659037,3.01,0.0033685328892242845,390.57913773248123
1950-02-28,1.96,-0.0009023514846482343,104.94629362471927,,,,,,,,,,,,,,,,,,,2.18,0.0018166666666666667,498.09244740016544,3.01,0.0025083333333333333,391.5588404029602
1950-03-31,1.99,-0.001054438415816692,104.8356342211238,,,,,,,,,,,,,,,,,,,2.2,4.348219849390519e-05,498.11410555483155,3.01,0.0025083333333333333,392.5410004943043
1950-04-30,2.02,-0.0010254135759688427,104.72813433854814,,,,,,,,,,,,,,,,,,,2.23,-0.0008224779404270221,497.7044176911972,3.01,0.0025083333333333333,393.5256241705442
1950-05-31,2.038,7.453166642220287e-05,104.73593990092168,,,,,,,,,,,,,,,,,,,2.29,-0.0034374778716135986,495.99356976877937,3.02,0.0016568836019845699,394.1776503241931
1950-06-30,2.083,-0.002314650499575046,104.49351280530655,,,,,,,,,,,,,,,,,,,2.39,-0.006874345711518638,492.5839384994985,3.02,0.0025166666666666666,395.169664077509
1950-07-31,2.074,0.002538790453246628,104.75879993804286,,,,,,,,,,,,,,,,,,,2.57,-0.013677044926996566,485.84684584232394,3.06,-0.0008824800432989948,394.82093473524344
1950-08-31,2.082,0.0010148784048927843,104.86511738182247,,,,,,,,,,,,,,,,,,,2.58,0.0012716122425151105,486.4646546394844,3.18,-0.007587903961687011,391.82507140040894
1950-09-30,2.125,-0.002091608947037125,104.64578056407456,,,,,,,,,,,,,,,,,,,2.47,0.011772758065629399,492.1916853260351,3.18,0.00265,392.86340783962004
1950-10-31,2.176,-0.0027561903517960276,104.35735687332769,,,,,,,,,,,,,,,,,,,2.51,-0.001433937297833194,491.4859133107627,3.23,-0.0015638517214820315,392.24902772296275
1950-11-30,2.198,-0.000137363666510959,104.34302196416017,,,,,,,,,,,,,,,,,,,2.56,-0.0022629024991826425,490.37372860921874,3.25,0.0010077659551756182,392.6443229390527
1950-12-31,2.194,0.002186409439745453,104.57115853235418,,,,,,,,,,,,,,,,,,,2.61,-0.002210504549793977,489.2897552510286,3.32,-0.003165292375612451,391.40148885732617
1951-01-31,2.155,0.005293796172528132,105.12473693114958,,,,,,,,,,,,,,,,,,,2.61,0.002175,490.35396046869965,3.3,0.004446477431116229,393.14184674403555
1951-02-28,2.214,-0.003431419406601296,104.76400986873018,,,,,,,,,,,,,,,,,,,2.59,0.003914250346189713,492.27332862821976,3.25,0.0069597517787273995,395.87801641120456
1951-03-31,2.29,-0.004863027526266091,104.25453960497653,,,,,,,,,,,,,,,,,,,2.63,-0.0013133114106770715,491.62682044856035,3.21,0.006082699245573385,398.28602332296805
1951-04-30,2.375,-0.005562495465631213,103.67462420115237,,,,,,,,,,,,,,,,,,,2.67,-0.001273141390357094,491.0009099948376,3.22,0.001831819232092097,399.01561132036454
1951-05-31,2.535,-0.011972670093252289,102.43336212855006,,,,,,,,,,,,,,,,,,,2.82,-0.010672528505603218,485.7606887866406,3.26,-0.0006828298279924301,398.7431515591204
1951-06-30,2.478,0.00709686552381909,103.16031792472904,,,,,,,,,,,,,,,,,,,3.12,-0.02306902409240149,474.55466375388005,3.26,0.0027166666666666663,399.8264037875227
1951-07-31,2.368,0.011736486727858448,104.37105762689428,,,,,,,,,,,,,,,,,,,3.0,0.012827396064183658,480.64196437995656,3.25,0.0035586170224121906,401.2492328340508
1951-08-31,2.33,0.0053206947417034425,104.92638416439573,,,,,,,,,,,,,,,,,,,2.94,0.007628739033498642,484.30865649475936,3.24,0.0035506935403213577,402.6739458931336
1951-09-30,2.412,-0.005252285410686406,104.37528084765299,,,,,,,,,,,,,,,,,,,2.95,0.0015956286984682355,485.08143328597896,3.2,0.006076009899963339,405.1205967748375
1951-10-31,2.491,-0.0048937160064441276,103.86449786509172,,,,,,,,,,,,,,,,,,,2.95,0.0024583333333333336,486.27392514280695,3.2,0.002666666666666667,406.20091836623703
1951-11-30,2.508,0.0005914715866453548,103.92593076444011,,,,,,,,,,,,,,,,,,,2.89,0.007599654913296054,489.9694391672262,3.19,0.0035110804256049564,407.62712245957545
1951-12-31,2.513,0.001653530892841223,104.09777550152639,,,,,,,,,,,,,,,,,,,2.83,0.00756481229780913,493.67596600618907,3.2,0.0018143308583424985,408.3666929265512
1952-01-31,2.463,0.006469662575714288,104.77125298390372,,,,,,,,,,,,,,,,,,,2.7,0.013602336049552171,500.3911123953925,3.2,0.002666666666666667,409.4556707743553
1952-02-29,2.617,-0.011321902623819614,103.5850430598444,,,,,,,,,,,,,,,,,,,2.67,0.004848606042767848,502.8173117667002,3.22,0.0009803051308509723,409.85706226927147
1952-03-31,2.505,0.011961608059755137,104.82408674577911,,,,,,,,,,,,,,,,,,,2.68,0.0013592245281643608,503.50075339003916,3.26,-0.0006828298279924301,409.5771996419407
1952-04-30,2.422,0.009365577995897413,105.80582490604543,,,,,,,,,,,,,,,,,,,2.76,-0.004665657874096205,501.1515911353715,3.3,-0.0006429548622325708,409.3138599899713
1952-05-31,2.384,0.005356743813799015,106.37259960407478,,,,,,,,,,,,,,,,,,,2.75,0.0031627980526845213,502.73663241191423,3.3,0.00275,410.4394731049438
1952-06-30,2.415,-0.0007325940867060322,106.29467166661729,,,,,,,,,,,,,,,,,,,2.75,0.0022916666666666667,503.8887371945248,3.3,0.00275,411.56818165598236
1952-07-31,2.466,-0.0024498434754986757,106.03426635875455,,,,,,,,,,,,,,,,,,,2.73,0.004018961167326115,505.9138464619626,3.3,0.00275,412.69999415553633
1952-08-31,2.552,-0.005437818247134437,105.45767129032741,,,,,,,,,,,,,,,,,,,2.73,0.002275,507.0648004626636,3.3,0.00275,413.8349191394641
1952-09-30,2.685,-0.009385312096642782,104.46791813228253,,,,,,,,,,,,,,,,,,,2.74,0.0014117774975981054,507.78066313778083,3.3,0.00275,414.97296516709764
1952-10-31,2.528,0.015932475091372186,106.13235063577262,,,,,,,,,,,,,,,,,,,2.74,0.0022833333333333334,508.94009565194546,3.3,0.00275,416.11414082130716
1952-11-30,2.51,0.003678188450691754,106.5227254221259,,,,,,,,,,,,,,,,,,,2.73,0.0031469805836629467,510.5417202512097,3.3,0.00275,417.25845470856575
1952-12-31,2.547,-0.0011327837968410554,106.40205820477237,,,,,,,,,,,,,,,,,,,2.75,0.0005494038946311794,510.82221386068744,3.3,0.00275,418.4059154590143
1953-01-31,2.64,-0.005945096012971467,105.76948775276723,,,,,,,,,,,,,,,,,,,2.74,0.0031548891690685614,512.4338013305161,3.29,0.0035903138066919167,419.9081239940884
1953-02-28,2.71,-0.0038514834926784776,105.3621183166584,,,,,,,,,,,,,,,,,,,2.89,-0.010569970616573247,507.01739110751356,3.29,0.0027416666666666666,421.0593721007055
1953-03-31,2.735,9.974623564831678e-05,105.3726277913404,,,,,,,,,,,,,,,,,,,2.74,0.01535667086936242,514.8034903077945,3.29,0.0027416666666666666,422.2137765458816
1953-04-30,2.986,-0.019127794821887034,103.35708178710458,,,,,,,,,,,,,,,,,,,2.86,-0.008014451267929516,510.6776228221626,3.29,0.0027416666666666666,423.3713459832449
1953-05-31,3.289,-0.02297441301020995,100.98251350259758,,,,,,,,,,,,,,,,,,,2.91,-0.0018969027254389244,509.70891704761056,3.29,0.0027416666666666666,424.532089090149
1953-06-30,2.987,0.028496156163924233,103.8601269771932,,,,,,,,,,,,,,,,,,,2.87,0.005855911305051687,512.6937272572353,3.3,0.001901761284441885,425.3394477811839
1953-07-31,2.972,0.003769343992334986,104.25161152285783,,,,,,,,,,,,,,,,,,,2.85,0.004108806471716173,514.8002865617981,3.29,0.0035903138066919167,426.8665498730834
1953-08-31,3.073,-0.0061007299126515525,103.6156005979982,,,,,,,,,,,,,,,,,,,2.89,-0.0010525477199751104,514.258434693935,3.27,0.004423929687684704,428.75497747574644
1953-09-30,2.636,0.04047733514305872,107.80968398945268,,,,,,,,,,,,,,,,,,,2.93,-0.00101250134500931,513.737747337125,3.27,0.002725,429.9233347893679
1953-10-31,2.693,-0.002735095397193035,107.51481421900029,,,,,,,,,,,,,,,,,,,2.87,0.007588033624244197,517.6360066379626,3.26,0.0035665407903314964,431.4566738996096
1953-11-30,2.736,-0.0014684205061611857,107.356937261085,,,,,,,,,,,,,,,,,,,2.85,0.004108806471716173,519.76287281203,3.24,0.004401387080642714,433.3556817299684
1953-12-31,2.469,0.025638213675261475,110.10937735810634,,,,,,,,,,,,,,,,,,,2.87,0.0006595443474741564,520.1056794768201,3.21,0.005230774434180039,435.6224675508682
1954-01-31,2.48,0.0010957000417468154,110.23002420747434,,,,,,,,,,,,,,,,,,,2.88,0.00153435943591472,520.9037085337982,3.21,0.002675,436.7877576515667
1954-02-28,2.454,0.004342937976451916,110.7087463657502,,,,,,,,,,,,,,,,,,,2.84,0.005835965535069529,523.9436846238913,3.2,0.0035190024749907236,438.32481485178823
1954-03-31,2.41,0.005905551807684409,111.36254260297694,,,,,,,,,,,,,,,,,,,2.85,0.0015080967641419138,524.7338423992651,3.19,0.0035110804256049564,439.86380852927124
1954-04-30,2.327,0.009320763694353917,112.40052654698172,,,,,,,,,,,,,,,,,,,2.85,0.002375,525.9800852749634,3.19,0.0026583333333333333,441.03311315361157
1954-05-31,2.499,-0.013085764642709543,110.9296797108713,,,,,,,,,,,,,,,,,,,2.86,0.0015168512832280773,526.7779188422651,3.19,0.0026583333333333333,442.2055261794116
1954-06-30,2.416,0.00936274081336276,111.96828555051353,,,,,,,,,,,,,,,,,,,2.96,-0.006156197238544285,523.5349700729622,3.19,0.0026583333333333333,443.3810558698386
1954-07-31,2.378,0.005352736677482505,112.56762229929461,,,,,,,,,,,,,,,,,,,2.97,0.0016131315610258762,524.3795008564877,3.19,0.0026583333333333333,444.5597105100259
1954-08-31,2.445,-0.003886722607747243,112.13010317680359,,,,,,,,,,,,,,,,,,,2.98,0.0016218825533527111,525.2299828202626,3.2,0.0018143308583424985,445.36628891118005
1954-09-30,2.446,0.0019499164352805042,112.34874750787773,,,,,,,,,,,,,,,,,,,3.0,0.0007787673226359831,525.6390147677517,3.21,0.0018230751886066541,446.1782251423358
1954-10-31,2.431,0.003353062637893225,112.7254598955605,,,,,,,,,,,,,,,,,,,3.03,-5.3100594438806274e-05,525.6111030236074,3.37,-0.010717869885559655,441.3961449794903
1954-11-30,2.485,-0.002694562723994991,112.42171407328073,,,,,,,,,,,,,,,,,,,3.07,-0.0008724865622519169,525.1525143992488,3.42,-0.0013667987851715096,440.79284526475294
1954-12-31,2.494,0.0012844506966374963,112.56611422223932,,,,,,,,,,,,,,,,,,,3.08,0.001709376439567149,526.0501977345424,3.37,0.007035271839237448,443.8939427559814
1955-01-31,2.634,-0.010070027400302344,111.43257036767581,,,,,,,,,,,,,,,,,,,3.26,-0.012581067559299048,519.4319246572616,3.35,0.004484068383060733,445.88439355012565
1955-02-28,2.699,-0.0034272781336825457,111.05065995587462,,,,,,,,,,,,,,,,,,,3.98,-0.05580407845745131,490.4455047803828,3.37,0.0011175579309717098,446.3826951904341
1955-03-31,2.686,0.0033743422640024924,111.4253828912091,,,,,,,,,,,,,,,,,,,3.97,0.004129844388442582,492.4709683961369,3.4,0.00030082307063120485,446.51697740347794
1955-04-30,2.749,-0.003197561717402495,111.06909335252925,,,,,,,,,,,,,,,,,,,4.0,0.0008723041022854244,492.9005528421253,3.67,-0.01944144551880469,437.83604191406687
1955-05-31,2.717,0.005056272913714891,111.63068900079851,,,,,,,,,,,,,,,,,,,4.06,-0.0015247528775071619,492.14900130585437,3.9,-0.015707652796773493,430.9586653857672
1955-06-30,2.843,-0.008557531178587884,110.67540589918693,,,,,,,,,,,,,,,,,,,4.19,-0.007077356541727436,488.66588735195774,3.9,0.00325,432.35928104827093
1955-07-31,2.972,-0.008640358334081588,109.71913073344803,,,,,,,,,,,,,,,,,,,4.0,0.01891985179663713,497.91137351872896,3.91,0.0024344790444943668,433.4118506576756
1955-08-31,2.95,0.004356283530036571,110.19709837559208,,,,,,,,,,,,,,,,,,,4.29,-0.019891115402906077,488.00736092764845,3.85,0.008165576929454603,436.95090846635816
1955-09-30,2.878,0.008631550882449372,111.14827023731927,,,,,,,,,,,,,,,,,,,4.31,0.001974837727516726,488.97109627531427,3.81,0.006486125417385878,439.7850268599116
1955-10-31,2.797,0.009370871054839523,112.18982634568164,,,,,,,,,,,,,,,,,,,4.07,0.023014719162298254,500.2246287345717,3.77,0.006459105902419121,442.625644922698
1955-11-30,2.888,-0.005467602462517155,111.57641697488461,,,,,,,,,,,,,,,,,,,4.06,0.0042013477018067865,502.32624632889286,3.75,0.004785301356183005,444.7437420216279
1955-12-31,2.919,-0.000245909472639473,111.54897927702731,,,,,,,,,,,,,,,,,,,4.46,-0.028392665946659196,488.06386502063737,3.75,0.003125,446.1335662154455
1956-01-31,2.807,0.012068804960298992,112.8952421514422,,,,,,,,,,,,,,,,,,,4.36,0.01169847573201984,493.7734683012571,3.68,0.008897158262045578,450.1028871600751
1956-02-29,2.832,0.00019084471246777132,112.91678761146956,,,,,,,,,,,,,,,,,,,4.28,0.01004312865382513,498.73249876925206,3.66,0.004717446381276363,452.2262233963105
1956-03-31,3.07,-0.01785504504539917,110.900653282285,,,,,,,,,,,,,,,,,,,4.3,0.0019657427326624276,499.7128785542503,3.66,0.00305,453.60551337766924
1956-04-30,3.064,0.0030681057100666637,111.24090820987053,,,,,,,,,,,,,,,,,,,4.47,-0.009915063036131037,494.75819386341846,3.69,0.0005774103758994262,453.86742990765873
1956-05-31,2.896,0.016944799500756707,113.12586309576886,,,,,,,,,,,,,,,,,,,4.54,-0.0018147571485953372,493.86032789427867,3.7,0.002251200679093851,454.8891765740854
1956-06-30,2.966,-0.003562582424643291,112.72284288413128,,,,,,,,,,,,,,,,,,,4.63,-0.003308951670354304,492.2261679373712,3.74,-0.000205519429027128,454.79568801024527
1956-07-31,3.193,-0.016693724133123294,110.84107884152219,,,,,,,,,,,,,,,,,,,4.61,0.005435887401275022,494.90185396223984,3.74,0.003116666666666667,456.2131345712105
1956-08-31,3.415,-0.01588124825943238,109.08078415109667,,,,,,,,,,,,,,,,,,,4.49,0.013360915771995753,501.5141959484339,3.74,0.003116666666666667,457.6349988406241
1956-09-30,3.342,0.008964643000199177,110.05865443919305,,,,,,,,,,,,,,,,,,,4.46,0.006124866612666226,504.58590350297663,3.74,0.003116666666666667,459.0612945870107
1956-10-31,3.472,-0.00804302286175011,109.17345016540517,,,,,,,,,,,,,,,,,,,4.53,-0.001825714510586586,503.6646736971138,3.75,0.002294849321908498,460.1147710876082
1956-11-30,3.5,0.0005643035361522519,109.23505712938744,,,,,,,,,,,,,,,,,,,4.56,0.001403065219932192,504.3713480832867,3.84,-0.004239403415965004,458.16415895532344
1956-12-31,3.714,-0.014700747975085483,107.62922008448426,,,,,,,,,,,,,,,,,,,4.49,0.009352895311441874,509.0886805000005,4.05,-0.013811438156107506,451.836253008567
1957-01-31,3.219,0.04483448038822761,112.45472024156231,,,,,,,,,,,,,,,,,,,4.43,0.00851485586730152,513.4234972381328,4.06,0.0025653189648598804,452.99535711742107
1957-02-28,3.362,-0.009292026774340743,111.40978797017672,,,,,,,,,,,,,,,,,,,4.45,0.0021021128529877986,514.502771370703,4.12,-0.0014608383693599123,452.333604118602
1957-03-31,3.374,0.001797396419853845,111.610035524211,,,,,,,,,,,,,,,,,,,4.45,0.0037083333333333334,516.4107191478695,4.14,0.0018201512280219719,453.1569196836141
1957-04-30,3.531,-0.010227960928629754,110.4684924416264,,,,,,,,,,,,,,,,,,,4.48,0.0013273926087914644,517.0961989195671,4.14,0.00345,454.7203110565225
1957-05-31,3.679,-0.009262080272694553,109.4453243970285,,,,,,,,,,,,,,,,,,,4.47,0.004527356649184322,519.4372778340136,4.16,0.001838357565670903,455.5562495806175
1957-06-30,3.891,-0.014238984846244297,107.88693408144692,,,,,,,,,,,,,,,,,,,4.49,0.002138458482445115,520.5480728868959,4.2,0.0002495277622211402,455.6699235121412
1957-07-31,3.887,0.003569068710337316,108.27198996213124,,,,,,,,,,,,,,,,,,,4.77,-0.018177925530096315,511.0855887831227,4.67,-0.03346756767079345,440.4197595114534
1957-08-31,3.807,0.009795696694455442,109.3325895363054,,,,,,,,,,,,,,,,,,,4.99,-0.013070335048144761,504.40552889944894,4.67,0.0038916666666666665,442.1337264088854
1957-09-30,4.014,-0.013624836161553655,107.84295091675484,,,,,,,,,,,,,,,,,,,5.0,0.003383908630609403,506.11239112201883,4.39,0.026208895874273927,453.7215632068406
1957-10-31,3.919,0.011089104079542514,109.03883262371572,,,,,,,,,,,,,,,,,,,4.84,0.01665093238161909,514.5396343240911,4.47,-0.0026938531934734694,452.49930392484805
1957-11-30,3.348,0.05111271568878054,114.61210347464822,,,,,,,,,,,,,,,,,,,4.86,0.002474267582470935,515.8127430611956,4.48,0.0029313530918193766,453.82573915845427
1957-12-31,3.047,0.028384832455220207,117.86534882911648,,,,,,,,,,,,,,,,,,,4.87,0.0032708336147965226,517.4998807201407,4.46,0.005322133297332965,456.2410602360162
1958-01-31,3.154,-0.006511928679585036,117.09781808374686,,,,,,,,,,,,,,,,,,,4.84,0.006399133154886996,520.811431364507,4.45,0.004511443573505934,458.29936603518746
1958-02-28,3.036,0.012667583958679497,118.58116452570088,,,,,,,,,,,,,,,,,,,4.93,-0.002959420877254537,519.2701311414141,4.49,0.0005352502982236751,458.5446709075335
1958-03-31,2.899,0.014264172082373374,120.2726266622237,,,,,,,,,,,,,,,,,,,5.01,-0.0020841602365530487,518.1878889820596,4.42,0.009313031316035138,462.8151117874964
1958-04-30,2.81,0.010072125999114383,121.48402771221005,,,,,,,,,,,,,,,,,,,4.85,0.01665339385637439,526.817475988881,4.34,0.010074855048989601,467.4779069532373
1958-05-31,2.898,-0.005195981266042723,120.852798980094,,,,,,,,,,,,,,,,,,,4.76,0.011090570900627428,532.6601825580253,4.3,0.006818514534675145,470.66541185643746
1958-06-30,2.981,-0.004665528283681442,120.28895682829031,,,,,,,,,,,,,,,,,,,4.74,0.005534567357068135,535.608226216821,4.3,0.0035833333333333333,472.35196291558964
1958-07-31,3.168,-0.013323309761623946,118.68630979556438,,,,,,,,,,,,,,,,,,,4.86,-0.005404394505174501,532.7135880621286,4.25,0.007595183616973484,475.93956280577135
1958-08-31,3.75,-0.04518976946492534,113.32290281726011,,,,,,,,,,,,,,,,,,,4.97,-0.004480667289389115,530.3266757134854,4.3,-0.0004606431683439314,475.72032449762025
1958-09-30,3.745,0.0035360076166896627,113.72361346476734,,,,,,,,,,,,,,,,,,,4.89,0.010369139906863457,535.8257072103004,4.35,-0.0004094688165613919,475.525531859334
1958-10-31,3.703,0.006580290208937672,114.47194784497455,,,,,,,,,,,,,,,,,,,4.78,0.012682212103289184,542.6211624795363,4.28,0.009233570905430321,479.91633057509966
1958-11-30,3.64,0.008290810062071208,115.42101302199255,,,,,,,,,,,,,,,,,,,4.75,0.0063340758445254945,546.0581660775263,4.27,0.00436827269945778,482.0127359799749
1958-12-31,3.885,-0.016970920973728765,113.4622121312886,,,,,,,,,,,,,,,,,,,4.73,0.005526973545668715,549.0762151158331,4.27,0.003558333333333333,483.72789796550364
1959-01-31,3.986,-0.004969300438610662,112.89838431077885,,,,,,,,,,,,,,,,,,,4.76,0.0015920319220130057,549.9503619779156,4.27,0.003558333333333333,485.44916306909755
1959-02-28,3.79,0.01939830601851722,115.0884217186355,,,,,,,,,,,,,,,,,,,4.73,0.006319626985169738,553.4258431259751,4.27,0.003558333333333333,487.1765530076851
1959-03-31,3.97,-0.011478865658631585,113.76733718686336,,,,,,,,,,,,,,,,,,,4.72,0.004726356786838461,556.0415311156454,4.26,0.004360321246607905,489.3007992826137
1959-04-30,4.193,-0.01463320539986981,112.10255637401174,,,,,,,,,,,,,,,,,,,4.7,0.005504195149570445,559.1020922141719,4.23,0.0059594054002263825,492.21674110819356
1959-05-31,4.177,0.004782434972152229,112.63867956008247,,,,,,,,,,,,,,,,,,,4.65,0.007853103269870196,563.4927786827302,4.23,0.0035250000000000004,493.95180512059994
1959-06-30,4.243,-0.0018165755772725943,112.43406288573739,,,,,,,,,,,,,,,,,,,4.71,-0.0008353623245178246,563.0220580452808,4.24,0.002722247536632638,495.29646420530474
1959-07-31,4.421,-0.01063067854305662,111.2388125059093,,,,,,,,,,,,,,,,,,,4.66,0.00785957764786742,567.4471736279497,4.24,0.0035333333333333336,497.0465117121635
1959-08-31,4.507,-0.003132467646812786,110.89036052466466,,,,,,,,,,,,,,,,,,,4.66,0.0038833333333333333,569.6507601522048,4.24,0.0035333333333333336,498.8027427202132
1959-09-30,4.502,0.004152243193387514,111.3508042693655,,,,,,,,,,,,,,,,,,,4.67,0.003096789340337841,571.4148485539595,4.27,0.0011285152349603264,499.3656492146129
1959-10-31,4.503,0.003672388451635158,111.75972767704461,,,,,,,,,,,,,,,,,,,4.62,0.00783368778097619,575.891134070945,4.32,-0.0004401695035358669,499.14584368471526
1959-11-30,4.547,0.00027152083489485326,111.79007277161111,,,,,,,,,,,,,,,,,,,4.6,0.005428300201224625,579.0172440299057,4.38,-0.0011845358513727284,498.55458753780704
1959-12-31,4.722,-0.00994161503289832,110.67869890361605,,,,,,,,,,,,,,,,,,,4.65,-0.00010310326987030818,578.9575454587349,4.44,-0.0011209245434907066,497.99574546436605
1960-01-31,4.65,0.00960346870861304,111.74159832524694,,,,,,,,,,,,,,,,,,,4.64,0.004662659366405569,581.6570272808193,4.55,-0.005001212015482351,495.5051631584906
1960-02-29,4.42,0.02218091241935342,114.22012893129782,,,,,,,,,,,,,,,,,,,4.64,0.0038666666666666663,583.9061011196385,4.6,-0.00015408383639467374,495.4288138219977
1960-03-31,4.061,0.03274949208277585,117.96078013942699,,,,,,,,,,,,,,,,,,,4.63,0.004654698333742971,586.6240078755825,4.56,0.006995913040090484,498.8947907210516
1960-04-30,4.35,-0.019694229759724423,115.63763343272477,,,,,,,,,,,,,,,,,,,4.6,0.006225783635170049,590.2762020238122,4.55,0.004591019274134718,501.18522632101735
1960-05-31,4.161,0.018854294036313234,117.81789937512876,,,,,,,,,,,,,,,,,,,4.6,0.003833333333333333,592.5389274649035,4.55,0.0037916666666666667,503.0855536374845
1960-06-30,4.181,0.001857471937415854,118.03674281694335,,,,,,,,,,,,,,,,,,,4.66,-0.0008881598441076387,592.0126581834586,4.56,0.0030010217399774343,504.5953243210192
1960-07-31,3.792,0.03538830447951728,122.21386301151982,,,,,,,,,,,,,,,,,,,4.64,0.005458652066144471,595.2442493032354,4.62,-0.0009304253371713849,504.1258360462527
1960-08-31,3.836,-0.00044106721849207107,122.15995848290017,,,,,,,,,,,,,,,,,,,4.71,-0.0016287560452708147,594.2747416337701,4.62,0.00385,506.06672051503074
1960-09-30,3.786,0.00729863951113556,123.05155998256215,,,,,,,,,,,,,,,,,,,4.69,0.005496603364951768,597.5412341783401,4.62,0.00385,508.0150773890136
1960-10-31,3.868,-0.0035457695115293144,122.61524751282987,,,,,,,,,,,,,,,,,,,4.66,0.006269079922053875,601.2872679321268,4.6,0.005428300201224625,510.7727357358295
1960-11-30,3.968,-0.004909223397637575,122.01330187083276,,,,,,,,,,,,,,,,,,,4.72,-0.000824807387696763,600.7913217514084,4.52,0.010170484197780305,515.9675417732877
1960-12-31,3.71,0.024550447962955343,125.00878308920099,,,,,,,,,,,,,,,,,,,4.68,0.007078024176129449,605.0437372515737,4.44,0.010127899391320942,521.1932091255547
1961-01-31,3.824,-0.006243754506910108,124.22825893638445,,,,,,,,,,,,,,,,,,,4.63,0.007840158335381972,609.7873759514573,4.45,0.0029052230931605107,522.7073916727047
1961-02-28,3.706,0.012904687892418828,125.83138584537708,,,,,,,,,,,,,,,,,,,4.61,0.005435887401275022,613.1021114658483,4.48,0.0013273926087914644,523.4012296009718
1961-03-31,3.787,-0.003556542960269775,125.38386111586772,,,,,,,,,,,,,,,,,,,4.63,0.002265603332513834,614.4911576527567,4.48,0.0037333333333333337,525.3552608581488
1961-04-30,3.723,0.008422308587984071,126.43988268613847,,,,,,,,,,,,,,,,,,,4.62,0.004646737556195194,617.3465367929716,4.48,0.0037333333333333337,527.3165871653525
1961-05-31,3.804,-0.003536944535053052,125.992671834059,,,,,,,,,,,,,,,,,,,4.76,-0.007114962141716938,612.9541395553696,4.56,-0.0025918260801809693,525.9498742822253
1961-06-30,3.875,-0.002629935602184503,125.66131922078826,,,,,,,,,,,,,,,,,,,4.78,0.002401719011523077,614.4262831655315,4.62,-0.0009304253371713849,525.4605171931111
1961-07-31,3.978,-0.005143353382589038,125.01499864951342,,,,,,,,,,,,,,,,,,,4.84,-0.0006982663097737703,613.9972499921574,4.62,0.00385,527.4835401843045
1961-08-31,3.98,0.0031524423746552167,125.4091012287236,,,,,,,,,,,,,,,,,,,5.11,-0.01676868708752255,603.7013222344395,4.62,0.00385,529.514351814014
1961-09-30,3.848,0.014113640110537538,127.17908015005177,,,,,,,,,,,,,,,,,,,4.97,0.015115546247101399,612.8265974901104,4.62,0.00385,531.552982068498
1961-10-31,3.872,0.001245842570627629,127.33752526219598,,,,,,,,,,,,,,,,,,,4.92,0.008028355078612838,617.7465870163792,4.61,0.004638777033970956,534.0187378340561
1961-11-30,4.002,-0.007328448871978632,126.4043387188277,,,,,,,,,,,,,,,,,,,4.91,0.004877702923854929,620.7597713500704,4.57,0.007002750009963345,537.7583375557442
1961-12-31,4.06,-0.001361150003812516,126.23228345269865,,,,,,,,,,,,,,,,,,,4.91,0.004091666666666667,623.2997134145111,4.55,0.0053903718816029934,540.6570549776023
1962-01-31,4.1,0.00015079768416352297,126.25131898870998,,,,,,,,,,,,,,,,,,,4.85,0.00877106436280723,628.766715318189,5.31,-0.054218039352773556,511.343689494472
1962-02-28,4.0,0.011536764103493179,127.7078506736376,,,,,,,,,,,,,,,,,,,4.8,0.007950352074736322,633.7656320778441,5.32,0.0036620698269139587,513.2162657909525
1962-03-31,3.86,0.014778068609406926,129.59512605285252,,,,,,,,,,,,,,,,,,,4.79,0.004782105328692939,636.796366084146,5.37,0.0006275502113762153,513.5383347670313
1962-04-30,3.86,0.0032166666666666667,130.01199037498918,,,,,,,,,,,,,,,,,,,4.78,0.00477414049423835,639.8365214020522,5.16,0.020616569461281646,524.1257335167867
1962-05-31,3.9,-4.698309509108085e-05,130.0058820092824,,,,,,,,,,,,,,,,,,,4.75,0.0063340758445254945,643.8892944567101,5.08,0.010472220516076354,529.6144937763247
1962-06-30,4.0,-0.004870097436826513,129.37274069653662,,,,,,,,,,,,,,,,,,,4.79,0.000829912018561133,644.4236659208026,4.79,0.02691438786543123,543.8687436809747
1962-07-31,4.04,9.150853470566529e-05,129.38457940646862,,,,,,,,,,,,,,,,,,,4.84,9.033363074411726e-05,644.4818790502826,4.79,0.003991666666666667,546.0396864161679
1962-08-31,3.96,0.009875207355820297,130.6622789567531,,,,,,,,,,,,,,,,,,,4.85,0.003253433717309906,646.5786581257801,4.78,0.00477414049423835,548.6465565945485
1962-09-30,3.94,0.00492869624743589,131.3062736407287,,,,,,,,,,,,,,,,,,,4.86,0.0032621337912354673,648.6878842151439,4.78,0.0039833333333333335,550.8319987116502
1962-10-31,3.92,0.004913592815778884,131.95145920355648,,,,,,,,,,,,,,,,,,,4.85,0.004829899616023539,651.8209815780338,4.83,8.01640877373614e-05,550.8761556563234
1962-11-30,3.92,0.0032666666666666664,132.38250063695477,,,,,,,,,,,,,,,,,,,4.83,0.005602934364905055,655.4730917554836,4.83,0.004025,553.09343218284
1962-12-31,3.85,0.008991784195474887,133.5728555139396,,,,,,,,,,,,,,,,,,,4.86,0.0016864013737064023,656.5784824778475,4.83,0.004025,555.3196332473759
1963-01-31,3.87,0.0015741562905776311,133.78312006469727,,,,,,,,,,,,,,,,,,,4.73,0.01424616138017976,665.9322054979805,4.75,0.010293646696512504,561.0358973556613
1963-02-28,3.94,-0.0024754368660260596,133.45194839723715,,,,,,,,,,,,,,,,,,,4.67,0.008660930624640285,671.6997981305122,4.54,0.020577604779119123,572.5806723183445
1963-03-31,3.95,0.0024693756132824493,133.78149138415432,,,,,,,,,,,,,,,,,,,4.58,0.011000739678631617,679.0889927519354,4.6,-0.0009515672703403195,572.0358232909368
1963-04-30,3.95,0.0032916666666666667,134.2218554599605,,,,,,,,,,,,,,,,,,,4.57,0.004606937502490947,682.217513300173,4.71,-0.004802330928282772,569.288717964661
1963-05-31,3.96,0.0024780990805224074,134.55447051656185,,,,,,,,,,,,,,,,,,,4.55,0.0053903718816029934,685.8949194010034,4.79,-0.0023318426295441796,567.9612262635925
1963-06-30,4.0,5.1961025269306287e-05,134.56146210480446,,,,,,,,,,,,,,,,,,,4.59,0.0006335729746852771,686.3294838854099,4.96,-0.009198279833855964,562.73695996964
1963-07-31,4.0,0.0033333333333333335,135.01000031182048,,,,,,,,,,,,,,,,,,,4.57,0.005405541671648339,690.0394665110333,4.96,0.0041333333333333335,565.0629394041812
1963-08-31,4.02,0.0017108684628342262,135.2409846635212,,,,,,,,,,,,,,,,,,,4.6,0.0014408830314966183,691.0337326693921,4.96,0.0041333333333333335,567.3985328870518
1963-09-30,4.07,-0.0006964692699233587,135.14679347366888,,,,,,,,,,,,,,,,,,,4.57,0.00620414584080573,695.3210067277894,5.18,-0.012761088431908919,560.1579100327448
1963-10-31,4.15,-0.003057981351185305,134.73351709955392,,,,,,,,,,,,,,,,,,,4.56,0.004598978260022566,698.5187729214675,5.21,0.0020161069562371382,561.2872482917531
1963-11-30,4.08,0.009120681912899047,135.9623786520251,,,,,,,,,,,,,,,,,,,4.63,-0.0017162216695348047,697.3199598668028,5.22,0.0035751712846911815,563.2939463443091
1963-12-31,4.14,-0.0014395463159339733,135.76665451073097,,,,,,,,,,,,,,,,,,,4.62,0.004646737556195194,700.5602227130004,5.22,0.00435,565.7442750109069
1964-01-31,4.15,0.00264379399776842,136.12559357702352,,,,,,,,,,,,,,,,,,,4.61,0.004638777033970956,703.809965385035,5.22,0.00435,568.2052626072044
1964-02-29,4.18,0.0010431760066421584,136.26759653013298,,,,,,,,,,,,,,,,,,,4.6,0.004630816767278979,707.069180373718,5.6,-0.02426686003533337,554.4167050281756
1964-03-31,4.23,-0.0005323423337108609,136.19505551978696,,,,,,,,,,,,,,,,,,,4.62,0.0022565248876095013,708.6646995764929,5.58,0.006174212680436789,557.8397916786065
1964-04-30,4.22,0.004328518067068909,136.78457827824982,,,,,,,,,,,,,,,,,,,4.61,0.004638777033970956,711.9520371096742,5.64,0.00013990436477113923,557.9178359003054
1964-05-31,4.19,0.005930672022449955,137.59580274974724,,,,,,,,,,,,,,,,,,,4.58,0.006211357670654984,716.3742258565138,5.64,0.004699999999999999,560.5400497290368
1964-06-30,4.15,0.006716490675592542,138.51996367591659,,,,,,,,,,,,,,,,,,,4.69,-0.004827151840568724,712.9161786936346,5.64,0.004699999999999999,563.1745879627632
1964-07-31,4.19,0.00023965952562243027,138.55316130470038,,,,,,,,,,,,,,,,,,,4.71,0.002338212558494022,714.5831282558097,5.64,0.004699999999999999,565.8215085261882
1964-08-31,4.21,0.0018838641375384896,138.8141766364249,,,,,,,,,,,,,,,,,,,4.72,0.003140309879828317,716.8271407134301,5.66,0.0031980246251957674,567.6310196439202
1964-09-30,4.18,0.00592349066002462,139.63644111520975,,,,,,,,,,,,,,,,,,,4.74,0.0023654326429318638,718.5227470314132,5.66,0.004716666666666667,570.3083459532407
1964-10-31,4.16,0.00509497576766243,140.34788539897437,,,,,,,,,,,,,,,,,,,4.73,0.004734320106167691,721.9244637194229,5.66,0.004716666666666667,572.9983003183202
1964-11-30,4.2,0.0002495277622211402,140.38290609275046,,,,,,,,,,,,,,,,,,,4.71,0.005511787441505979,725.9035579122676,5.87,-0.0109020289434845,566.7514562636825
1964-12-31,4.21,0.0026960987354359115,140.76139226834394,,,,,,,,,,,,,,,,,,,4.72,0.003140309879828317,728.1831200269821,5.87,0.0048916666666666666,569.5238154705723
1965-01-31,4.19,0.0051176702371887855,141.4817626561009,,,,,,,,,,,,,,,,,,,4.72,0.003933333333333333,731.047306965755,5.87,0.0048916666666666666,572.3097361345826
1965-02-28,4.22,0.0010811124654601617,141.63472035334368,,,,,,,,,,,,,,,,,,,4.73,0.003149013227165642,733.349384605074,5.87,0.0048916666666666666,575.109284593841
1965-03-31,4.2,0.00512523611888943,142.36063173778743,,,,,,,,,,,,,,,,,,,4.75,0.002374504992538597,735.0907263800938,5.87,0.0048916666666666666,577.9225275109793
1965-04-30,4.21,0.0026960987354359115,142.74445005699152,,,,,,,,,,,,,,,,,,,4.78,0.0016109118506180608,736.2748927424989,6.27,-0.024317788380123512,563.8687297868612
1965-05-31,4.23,0.0019020630665156336,143.015959003395,,,,,,,,,,,,,,,,,,,4.96,-0.009982492373102341,728.9250342411901,6.27,0.005225,566.8149438999976
1965-06-30,4.2,0.005937854178334145,143.8651669131318,,,,,,,,,,,,,,,,,,,4.99,0.0018089694631318156,730.2436373690448,6.27,0.005225,569.7765519818752
1965-07-31,4.22,0.001892963865862293,144.13749847565458,,,,,,,,,,,,,,,,,,,5.02,0.0018372365221304837,731.5852676496726,6.27,0.005225,572.7536344659804
1965-08-31,4.27,-0.0004913634972883454,144.06667457031318,,,,,,,,,,,,,,,,,,,4.95,0.009617037497544074,738.6209506013104,6.27,0.005225,575.7462722060652
1965-09-30,4.35,-0.0028301501064981163,143.65894425593518,,,,,,,,,,,,,,,,,,,4.89,0.008795604930147704,745.1175686759295,6.27,0.005225,578.7545464783419
1965-10-31,4.41,-0.0011527231840950843,143.49334526028875,,,,,,,,,,,,,,,,,,,4.96,-0.0013561544413916394,744.1070741758108,6.27,0.005225,581.7785389836913
1965-11-30,4.48,-0.0018805283572643607,143.22350195544806,,,,,,,,,,,,,,,,,,,4.9,0.008801743821325935,750.6565140183427,6.27,0.005225,584.8183318498811
1965-12-31,4.65,-0.00965055111755878,141.84131622859124,,,,,,,,,,,,,,,,,,,4.88,0.005640933623605299,754.8909175880472,6.38,-0.0027674237492516874,583.1998917093221
1966-01-31,4.69,0.0007317932700962424,141.94511474922894,,,,,,,,,,,,,,,,,,,4.76,0.013465205645281312,765.0556790331253,6.51,-0.004073259587429515,580.8243671590292
1966-02-28,5.02,-0.021623731589899123,138.87573168739416,,,,,,,,,,,,,,,,,,,4.74,0.005534567357068135,769.2899312206416,6.55,0.0025410321594716437,582.300260554985
1966-03-31,4.71,0.028520205343342337,142.8364960723256,,,,,,,,,,,,,,,,,,,4.77,0.0016014722646325776,770.5219277089525,6.55,0.005458333333333333,585.478649477181
1966-04-30,4.79,-0.0023318426295441796,142.50342384172941,,,,,,,,,,,,,,,,,,,4.75,0.005542161674128181,774.7922848057765,6.55,0.005458333333333333,588.6743871055772
1966-05-31,4.8,0.00320992958505278,142.9608497978903,,,,,,,,,,,,,,,,,,,4.76,0.0031751217517821872,777.2523446423763,6.55,0.005458333333333333,591.8875681351952
1966-06-30,4.97,-0.009183758538146906,141.6479318729382,,,,,,,,,,,,,,,,,,,4.79,0.0016203506805876266,778.5117660080059,6.8,-0.012363736696463078,584.5696260888618
1966-07-31,5.05,-0.0020392304650898464,141.35907909494594,,,,,,,,,,,,,,,,,,,4.81,0.0024289284944090618,780.4027154196955,6.8,0.005666666666666666,587.8821873033654
1966-08-31,5.36,-0.019398503109238775,138.61692455960352,,,,,,,,,,,,,,,,,,,4.81,0.004008333333333333,783.5308296373362,6.65,0.016432647748752596,597.5426482050879
1966-09-30,5.02,0.030772430526966814,142.8825042404757,,,,,,,,,,,,,,,,,,,4.81,0.004008333333333333,786.6714823794658,6.52,0.014927330961719831,606.4623650785878
1966-10-31,4.97,0.00806090937396466,144.0342671582833,,,,,,,,,,,,,,,,,,,4.85,0.0008887348692397353,787.3706247564929,6.52,0.0054333333333333326,609.7574772621815
1966-11-30,5.12,-0.007409606889637032,142.9670298600035,,,,,,,,,,,,,,,,,,,4.83,0.005602934364905055,791.7822106878579,6.48,0.008326480787799115,614.834611181822
1966-12-31,4.64,0.042074316254133076,148.98226988824737,,,,,,,,,,,,,,,,,,,4.89,-0.0006456049301475928,791.2710321890346,6.35,0.014858506456237803,623.9701352215856
1967-01-31,4.52,0.013372392963336902,150.97451934576293,,,,,,,,,,,,,,,,,,,4.93,0.0009671092397386992,792.0362777154022,6.35,0.005291666666666667,627.2719771871332
1967-02-28,4.72,-0.01192713573676721,149.17382576073283,,,,,,,,,,,,,,,,,,,5.01,-0.0020841602365530487,790.3855471994804,6.26,0.011866794405981124,634.7156847770462
1967-03-31,4.5,0.021377020416787563,152.3627176796703,,,,,,,,,,,,,,,,,,,4.98,0.006500454375401659,795.5234123880275,5.89,0.03271000476904586,655.4772378530917
1967-04-30,4.78,-0.018159267172008917,149.59592238227182,,,,,,,,,,,,,,,,,,,5.02,0.0010552042517294599,796.3628520751298,5.9,0.004165611904896545,658.2077016384811
1967-05-31,4.81,0.001639226074947037,149.84114391894659,,,,,,,,,,,,,,,,,,,4.93,0.011176087543921204,805.2630730266483,5.9,0.004916666666666667,661.4438895048703
1967-06-30,5.22,-0.02741797732766044,145.73280283222618,,,,,,,,,,,,,,,,,,,4.93,0.004108333333333333,808.5713621516661,5.9,0.004916666666666667,664.6959886282692
1967-07-31,5.16,0.008961876988937613,147.0388422844617,,,,,,,,,,,,,,,,,,,4.9,0.006442538577329634,813.7806143448522,5.96,0.00047261263046326305,665.0101323479132
1967-08-31,5.27,-0.004111807258407511,146.4342469054886,,,,,,,,,,,,,,,,,,,4.88,0.005640933623605299,818.3710967745484,5.95,0.00570768272513377,668.8057991923542
1967-09-30,5.31,0.0013385242445908942,146.63025269521,,,,,,,,,,,,,,,,,,,4.8,0.010320563319577983,826.8171474977225,5.95,0.004958333333333334,672.1219612800164
1967-10-31,5.64,-0.020380525993759183,143.6418510186838,,,,,,,,,,,,,,,,,,,4.77,0.006348527735367423,832.0662190906892,5.95,0.004958333333333334,675.4545660046965
1967-11-30,5.74,-0.0027821738232218056,143.2422144208605,,,,,,,,,,,,,,,,,,,4.77,0.003974999999999999,835.3736823115747,5.92,0.007184449107773874,680.3073349587708
1967-12-31,5.7,0.007781735989873723,144.35688751608853,,,,,,,,,,,,,,,,,,,4.76,0.004758211581551146,839.3485670416727,6.8,-0.05780035317154998,640.9853307329579
1968-01-31,5.54,0.016832741240085238,146.78680964987095,,,,,,,,,,,,,,,,,,,4.79,0.0016203506805876266,840.7086060635289,6.59,0.020780059949844845,654.3050443325599
1968-02-29,5.56,0.0031077232783062823,147.24298243516816,,,,,,,,,,,,,,,,,,,4.82,0.0016486626405696715,842.0946509339512,6.29,0.02737877568717883,672.2191153723306
1968-03-31,5.76,-0.01031720948027941,145.72384574088343,,,,,,,,,,,,,,,,,,,4.85,0.0016769678185964958,843.5068165637797,6.29,0.005241666666666667,675.7426639020739
1968-04-30,5.74,0.006296434764644227,146.64138642924397,,,,,,,,,,,,,,,,,,,4.87,0.0024833338962597104,845.6015256330787,6.34,0.0016021216128540797,676.825285828639
1968-05-31,5.86,-0.00414574504560053,146.03344862797493,,,,,,,,,,,,,,,,,,,4.85,0.005618132565380188,850.352227101573,6.33,0.006011574157220228,680.8940712258797
1968-06-30,5.64,0.02142035066250612,149.16153630604123,,,,,,,,,,,,,,,,,,,4.89,0.0009279300465682714,851.1412944832668,6.29,0.008193281202735074,686.4728278207084
1968-07-31,5.39,0.023711222188785925,152.69833863541442,,,,,,,,,,,,,,,,,,,4.85,0.007194598464093709,857.264914333283,6.31,0.0037838564325319516,689.0703424460162
1968-08-31,5.42,0.0022134994259356226,153.0363363203252,,,,,,,,,,,,,,,,,,,4.81,0.0071671430111818766,863.4090545727782,6.31,0.005258333333333333,692.6937039967115
1968-09-30,5.49,-0.0007818052517930022,152.9166917088748,,,,,,,,,,,,,,,,,,,4.79,0.005572543990719434,868.2204395113706,6.33,0.0038018516855596552,695.327222722828
1968-10-31,5.61,-0.004457720956771989,152.2350317676039,,,,,,,,,,,,,,,,,,,4.76,0.006341301411320328,873.7260870097812,6.18,0.016273671869846934,706.6427497875912
1968-11-30,5.78,-0.008021243107818916,151.01391756826942,,,,,,,,,,,,,,,,,,,4.73,0.006319626985169738,879.247709966895,6.19,0.004417090374418965,709.764054675831
1968-12-31,6.16,-0.023072133651285933,147.52970427893004,,,,,,,,,,,,,,,,,,,4.72,0.004726356786838461,883.4033483482092,6.19,0.005158333333333333,713.4252542578671
1969-01-31,6.19,0.002934604456590339,147.96264560658645,,,,,,,,,,,,,,,,,,,4.72,0.003933333333333333,886.8780681850454,6.27,-0.0006835576760247245,712.9375869490493
1969-02-28,6.26,4.4345091644261946e-05,147.9692070236658,,,,,,,,,,,,,,,,,,,4.72,0.003933333333333333,890.3664552532399,6.27,0.005225,716.6626858408581
1969-03-31,6.3,0.0022997162767404346,148.3094942175145,,,,,,,,,,,,,,,,,,,4.75,0.001582590822141172,891.7755410336661,6.72,-0.026970837222773304,697.3336931974088
1969-04-30,6.2,0.012575746846084557,150.1745968716648,,,,,,,,,,,,,,,,,,,4.7,0.00788548787392656,898.8076262487513,6.78,0.0013188405460539737,698.2533651461272
1969-05-31,6.56,-0.020777273031300378,147.05437827009675,,,,,,,,,,,,,,,,,,,4.7,0.003916666666666666,902.3279561182254,7.02,-0.011290579633135,690.3696799228404
1969-06-30,6.73,-0.00669070936000977,146.07048016497458,,,,,,,,,,,,,,,,,,,4.75,-1.2375186536758495e-06,902.326839470548,6.98,0.0086785087670179,696.3610592425341
1969-07-31,6.66,0.01063018427640506,147.62323628647124,,,,,,,,,,,,,5.8,,100.0,,,,4.74,0.004742283678534068,906.6059293140723,7.29,-0.015801940796608484,685.35720301132
1969-08-31,6.83,-0.006552618652341412,146.6559175148615,,,,,,,,,,,,,5.79,0.005579826856392555,100.55798268563925,,,,4.71,0.006305181162258857,912.3222439411755,7.27,0.007470995246452619,690.4775034171397
1969-09-30,7.51,-0.04126732477363158,140.60382013680078,,,,,,,,,,,,,5.81,0.003333388788642232,100.89318153773203,,,,5.99,-0.09075095373125404,829.5281301932761,7.28,0.0053606474075587615,694.1789098558104
1969-10-31,6.94,0.04663714896606049,147.16118144171793,,,,,,,,,,,,,5.83,0.0033514294359169635,101.2313179162209,,,,5.82,0.01766452057717876,844.1813469184239,7.29,0.005369292232367487,697.9061592843726
1969-11-30,7.29,-0.01862477186713854,144.42033800966735,,,,,,,,,,,,,5.85,0.0033694682320348024,101.57241362602663,,,,5.89,-0.00035144234369324096,843.8846658473608,7.25,0.008869486546867204,704.0962285751211
1969-12-31,7.88,-0.03400695615257138,139.50904190743307,,,,,,,,,,,,,5.95,-0.0025351605846708107,101.31491124651204,,,,5.92,0.002682217558892793,846.148148115777,7.27,0.004645671420214047,707.3672283012932
1970-01-31,7.75,0.015449120491204229,141.66433390547346,,,,,,,,,,8.279691142295267,,100.0,5.95,0.004958333333333334,101.81726434810933,,,,5.92,0.004933333333333333,850.3224789798147,7.28,0.0053606474075587615,711.1591745998785
1970-02-28,6.9,0.06678085649121233,151.12479945793805,,,,,,,,,,8.049073710901228,0.022450712752992368,102.24507127529922,5.96,0.004217657660632803,102.2466947130718,,,,5.94,0.003450619986541713,853.2566187207881,7.28,0.006066666666666667,715.4735402591177
1970-03-31,7.08,-0.006921266132795234,150.07882450162435,,,,,,,,,,7.845220419352662,0.020577700990480844,104.34903977975273,6.05,-0.001671935677088684,102.07574481631663,,,,5.99,0.0012517205573729833,854.3246575711555,7.29,0.005369292232367487,719.3151267812956
1970-04-30,7.82,-0.04450553552661997,143.39948604597396,,,,,,,,,,8.041601540095353,-0.006709015075618338,103.64896049874406,6.94,-0.058005957742328584,96.15474347598465,,,,5.98,0.005731662254581044,859.2213579641141,7.29,0.006075,723.684966176492
1970-05-31,7.95,-0.002287756362728103,143.07142295936035,,,,,,,,,,7.630167814446961,0.034962717566626916,107.27280983073612,6.85,0.012184827300620954,97.32637241937502,,,,5.96,0.006464684678734616,864.7759531125862,7.31,0.004681495862754295,727.0728943515848
1970-06-30,7.68,0.025130400264106963,146.66686508468442,,,,,,,,,,7.3736542169438,0.024180440853859227,109.86671366407553,6.86,0.004997376724405162,97.8127489675744,,,,6.02,0.0005348377056947273,865.2384678992888,7.43,-0.0022247544087205485,725.4553357244149
1970-07-31,7.38,0.02723740758875785,150.6616902687613,,,,,,,,,,7.559915137644211,-0.006689485578056675,109.13176186751122,6.89,0.003586677494857712,98.16357175300655,,,,5.94,0.010947520053832701,874.7106833779637,7.48,0.0027341915937880313,727.4388696050212
1970-08-31,7.49,-0.0014530636922421734,150.44276923681994,,,,,,,,,,7.67810240648266,-0.0018011318208676743,108.93520117854429,6.87,0.007162939313426619,98.86671146026255,,,,5.91,0.007177139685019975,880.9886041365467,7.51,0.0041616131227320205,730.4661887507548
1970-09-30,7.29,0.02018915535265072,153.48008167662508,,,,,,,,,,7.614256164434745,0.010787111933258285,110.11029738712926,6.87,0.005725,99.43272338337255,,,,5.84,0.010138428271857888,889.9204439079093,7.52,0.005568066728783039,734.5334732328388
1970-10-31,7.33,0.0032904779004518407,153.98510449354157,,,,,,,,,,7.764319844872846,-0.003901634203382442,109.68068728469903,6.88,0.005014683749338353,99.9313470454756,,,,5.91,-0.00032999259837997695,889.6267767482727,7.52,0.006266666666666666,739.1365496650978
1970-11-30,6.49,0.06683683581750505,164.27698164091777,,,,,,,,,,8.012313425954975,-0.010279447820529457,108.55323038283616,6.83,0.009292927054610232,100.86000176403816,,,,5.81,0.012383056056788952,900.6430749943671,7.47,0.009725679784116339,746.3251550638772
1970-12-31,6.5,0.0046857032517247784,165.04673482797614,,,,,,,,,,7.868071157704153,0.016481256985846505,110.34232406941949,6.81,0.007116789136832019,101.57780112893332,,,,5.95,-0.005532558151872558,895.6602148078795,7.32,0.016671617911413326,758.7676028867784
1971-01-31,6.09,0.0356037951971893,170.9230249727562,,,,,,,,,,8.408105366280797,-0.029291131050202836,107.11027259471817,6.85,0.0028298915700942923,101.86525529205682,,,,5.88,0.010162169633590226,904.7620658448151,7.29,0.008192123302897654,764.9835206478709
1971-02-28,6.14,0.0014020614719370585,171.1626695607374,,,,,,,,,,8.343629491303505,0.011298763880545602,108.32048627394676,6.85,0.005708333333333333,102.44673612434899,,,,5.86,0.006388179729822292,910.541848534157,7.29,0.006075,769.6307955358068
1971-03-31,5.53,0.051203478130599674,179.9267935683657,,,,,,,,,,7.9871691107639675,0.03105532283848177,111.6844139452055,6.84,0.006419931152528719,103.1044371170686,,,,5.87,0.004139585923326177,914.3111147529484,7.3,0.005377936851363288,773.7698213530629
1971-04-30,6.08,-0.03590515347170475,173.46649443162178,,,,,,,,,,7.941404326972941,0.009756628363839233,112.77407726610207,6.85,0.004988722892523573,103.61879658283529,,,,5.85,0.0063805317679651976,920.1449058664333,7.3,0.006083333333333333,778.4769210996274
1971-05-31,6.38,-0.016730852649474156,170.5642520736655,,,,,,,,,,8.478093162268568,-0.02889950753172229,109.51496197076732,6.82,0.007845052981816054,104.43169153193966,,,,6.0,-0.0062147462633975374,914.4264387509156,7.29,0.0067807077676326245,783.7555456054504
1971-06-30,6.7,-0.017598861717657757,167.56251538744533,,,,,,,,,,8.007948101792989,0.03882520215227182,113.76690250798073,6.83,0.004971414589077976,104.95086476678364,,,,6.04,0.0020481567430051762,916.2993274274254,7.28,0.006772685925774349,789.06367575842
1971-07-31,6.85,-0.005085823278812625,166.71032204603148,,,,,,,,,,8.215772143584697,-0.007238610803438725,112.9433881784127,6.81,0.007116789136832019,105.69777794105701,,,,5.85,0.019177551795670156,933.8717052395025,7.29,0.005369292232367487,793.3003892235131
1971-08-31,6.28,0.047312817263971976,174.5978570490133,,,,,,,,,,8.009420787979469,0.020785409576725727,115.29096276068414,6.82,0.004962760117172352,106.22233065789663,,,,5.9,0.001161392857816283,934.9562971680843,7.3,0.005377936851363288,797.5667086209191
1971-09-30,6.0,0.025934193025008677,179.1259115754753,,,,,,,,,,7.43901460657151,0.046189807722348125,120.61623016272453,6.78,0.008537439635963944,107.12919739387982,,,,6.02,-0.00394699125527699,931.2660328390958,7.1,0.02014989641302301,813.6375951821065
1971-10-31,5.87,0.014668716330093475,181.75345875974534,,,,,,,,,,7.27780446443185,0.017447686510590574,122.720704334693,6.58,0.020050234178752138,109.27716288900886,,,,6.02,0.005016666666666667,935.9378841038387,7.11,0.005213653736975007,817.879619870771
1971-11-30,5.93,0.00044148156063654204,181.8336995603697,,,,,,,,,,6.951382568718825,0.02917673645432062,126.30129398255495,6.38,0.02001501287742729,111.4643467114411,,,,5.8,0.021431954531263783,955.9968622800394,7.12,0.0052223020858135774,822.1508343155665
1971-12-31,5.89,0.007913919434491535,183.27271680916598,,,,,,,,,,7.3597941633755095,-0.02260020550946028,123.44685878243845,6.15,0.022204454363188107,113.93935171111787,,,,6.06,-0.014336060503781023,942.291633420968,7.14,0.004529196315588,825.8745168452061
1972-01-31,6.09,-0.009817095218141073,181.473511097363,,,,,,,,,,6.628667318570568,0.05865919114873802,130.68815166846878,6.14,0.005859587705612633,114.60698933558982,,,,6.1,0.0021062630770600785,944.2763474962652,7.21,0.001050895001444163,826.7424242467788
1972-02-29,6.04,0.008764804071243418,183.064090866252,,,,,,,,,,6.826997037194505,-0.008597487172679238,129.56456196087797,5.84,0.02745993068891473,117.7540893192103,,,,6.04,0.009511098218825568,953.2574525830161,7.24,0.003911531474080794,829.9762532601779
1972-03-31,6.12,-0.0008487507954018101,182.90871507351977,,,,,,,,,,7.30256962247487,-0.027457445710628015,126.00705003481586,5.84,0.004866666666666667,118.32715922056377,,,,6.04,0.005033333333333333,958.0555150943504,7.25,0.005334711696616699,834.4039372863591
1972-04-30,6.14,0.003630824588774957,183.57282453370996,,,,,,,,,,7.3086150484153505,0.005664232344280767,126.72078324323047,5.85,0.00412223411601729,118.81493147315418,,,,6.04,0.005033333333333333,962.8777278536586,7.26,0.005343357139847737,838.8624555221753
1972-05-31,6.05,0.011755269010422127,185.73077246910674,,,,,,,,,,8.421004687329527,-0.06770920312660508,118.14061999025208,5.85,0.004875,119.3941542640858,,,,5.98,0.009473306860819819,971.9993640390652,7.27,0.005352002376773801,843.3520493779162
1972-06-30,6.15,-0.002300849723125331,185.30343387269534,,,,,,,,,,8.410275010579097,0.007729680164123723,119.05380919716801,5.85,0.004875,119.97620076612321,,,,5.98,0.0049833333333333335,976.8431608698598,7.28,0.0053606474075587615,847.8729623550732
1972-07-31,6.12,0.007330781548275665,186.66185286656142,,,,,,,,,,8.795338985043845,-0.018126167296756382,116.89581993434402,5.8,0.008605747241953881,121.00868562496638,,,,5.93,0.008691820921691955,985.3337066927202,7.29,0.005369292232367487,852.4254400658808
1972-08-31,6.42,-0.016657874561955215,183.5524631360081,,,,,,,,,,9.298332334266751,-0.024800566547958026,113.9967373728842,5.75,0.008572694058599372,122.04605606526243,,,,5.96,0.002719639648564964,988.0134593085091,7.33,0.0032904779004518407,855.2303271382006
1972-09-30,6.54,-0.003305829764134482,182.94566994009287,7.92,,100.0,,,,,,,9.068399006017128,0.022581701079763386,116.57097762030695,5.75,0.004791666666666666,122.63086008390849,,,,5.98,0.0034866754908376906,991.4583416216977,7.34,0.00541251327249543,859.8592726348766
1972-10-31,6.41,0.014882702850132202,185.66839598352962,8.29,-0.018087803085468472,98.19121969145316,,,,,,,9.170025404922923,0.0010295798706447647,116.6909967523662,5.77,0.0032973019286343386,123.03521105537325,,,,5.95,0.007206381508734643,998.603168681441,7.34,0.006116666666666667,865.1187451858267
1972-11-30,6.28,0.01483040861575966,188.421934162998,8.48,-0.005664567282977557,97.63500892091328,,,,,,,9.280704547594373,0.0005664354569878413,116.757094670438,5.76,0.005555860474014048,123.71877752138778,,,,5.91,0.007927852913360114,1006.519947721563,7.36,0.004726267171544903,869.2075275106865
1972-12-31,6.41,-0.004199369516798868,187.63068083637762,8.62,-0.0021413805133382296,97.42593521539042,,,,,,,9.382489852868746,0.0012554545525991752,116.90367789649024,5.78,0.0033063243402565454,124.12783192685352,,,,5.88,0.00715521555725289,1013.7218149101857,7.34,0.007524973455009363,875.7482910820987
1973-01-31,6.54,-0.004035482244478939,186.87350055534293,8.66,0.0045570233414709135,97.86990747623159,,,,,,,9.454429807472984,0.003253911628292276,117.28407213338777,5.69,0.011566190285121822,125.56351805059913,,,,5.88,0.0049,1018.6890518032455,7.35,0.0054211568648831,880.4958599422082
1973-02-28,6.64,-0.0017305708330915374,186.55010272580412,8.48,0.019127835671592503,99.74194698363091,,,,,,,9.608590719412122,-0.0018393758142167364,117.06834264771275,5.76,-0.0004910233180976716,125.5018634353339,,,,6.03,-0.006174490600425202,1012.3991658281303,7.36,0.005429800252439062,885.276776584794
1973-03-31,6.73,-0.000902924563142395,186.38166205579626,8.63,-0.0027948184147001936,99.46318635348301,,,,,,,9.805770915916073,-0.004319316560720592,116.56268741657837,5.8,0.0018154022064368067,125.72969979512632,,,,6.12,-0.0015923446448269946,1010.7870774379966,7.36,0.0061333333333333335,890.7064741478474
1973-04-30,6.7,0.007756664119363718,187.82736200637186,8.79,-0.003254610834813305,99.13947238951191,,,,,,,9.847998153183303,0.005536401209645728,117.20802522019108,6.12,-0.018695003181607016,123.37918265743394,,,,6.2,-0.0007605974768677345,1010.0182753372467,7.37,0.005438443435326522,895.5505309249796
1973-05-31,6.93,-0.010717205358690082,185.81437759576855,9.56,-0.041314966378188905,95.04352842098784,,,,,,,9.49867363983609,0.030330730524928823,120.76303024850374,6.2,-0.0007605974768677345,123.28534076240669,,,,6.1,0.012526008974016359,1022.6697733180416,7.4,0.0040597819394796,899.1862707963203
1973-06-30,6.94,0.0050665997257415525,186.7558246703341,9.75,-0.00393901808935394,94.66915024326154,,,,,,,9.693714651846168,-0.004335185962654777,120.23950005496276,6.72,-0.03203741190187147,119.33559751893888,,,,6.18,-0.0007826249972516753,1021.8694063895092,7.4,0.006166666666666667,904.7312527995642
1973-07-31,7.43,-0.028175386057831125,181.49390721169883,9.89,-0.0005958281827955145,94.6127436955053,,,,,,,10.373678354251771,-0.033426122027275476,116.22035985362699,6.74,0.0041703666032327285,119.83327070940868,,,,6.17,0.00588358018201608,1027.881656977551,7.4,0.006166666666666667,910.3104288584949
1973-08-31,7.25,0.018766856127568524,184.89997725637105,9.41,0.0387570250727984,98.27965217511826,,,,,,,10.842334696696705,-0.019409554323747642,113.9645744655225,6.73,0.006331806432941686,120.59203178376696,,,,6.14,0.007345429783504565,1035.4318895146318,7.41,0.005473014123444044,915.2925706923559
1973-09-30,6.9,0.030880352672852218,190.60975376325015,9.56,-0.0016336514589546346,98.11909747795681,,,,,,,11.059662141940596,-0.003858028143063078,113.52489592992231,8.38,-0.10405416070095973,108.04392912928363,,,,6.12,0.006587187698850369,1042.25247372024,7.41,0.006175,920.9445023163812
1973-10-31,6.71,0.019349944410399576,194.29804190264898,9.38,0.019424585971906428,100.02502032240325,,,,,,,11.067701144390796,0.008739615924493247,114.5170599182179,8.35,0.008979808493145162,109.01414292171154,,,,6.18,0.0007005312520612719,1042.9826041506194,7.42,0.005481656285427808,925.992803536034
1973-11-30,6.69,0.00702453505036838,195.6628953082121,9.6,-0.00605685817637616,99.4191829602213,,,,,,,12.010603398550378,-0.04458987510335436,109.41075851926122,8.35,0.006958333333333333,109.77269966620845,,,,6.17,0.00588358018201608,1049.1190759305875,7.37,0.009657782823367392,934.9358409285862
1973-12-31,6.9,-0.00932821160371133,193.83771041778226,9.71,0.001095543703707895,99.52810102014116,,,,,,,11.940442091288004,0.014024411672385976,110.94518003812335,8.36,0.0062931319837551845,110.46351375342101,,,,6.14,0.007345429783504565,1056.8253064373707,7.37,0.006141666666666667,940.6779052182893
1974-01-31,7.0,-0.0013149191697527148,193.58282949653295,9.57,0.01693153742424808,101.21326478732803,,,,,,,12.690050632137318,-0.03168285410210369,107.43012008564386,8.36,0.006966666666666666,111.23307623256983,,,,6.11,0.007323458447572103,1064.5649226554074,7.3,0.011021108707123205,951.0452186700891
1974-02-28,7.01,0.005127158737719383,194.57535939225852,10.39,-0.04204275777849582,96.95798001190363,,,,,,,12.62410364412022,0.014247354545260965,108.960715095344,8.36,0.006966666666666666,112.00799999699005,,,,6.12,0.004356406150574705,1069.2025998321494,7.27,0.008177326203012151,958.8222256569695
1974-03-31,7.41,-0.02190443506223968,190.31329606773883,10.4,0.00804861538219238,97.73835750125373,,,,,,,13.110209007303812,-0.016033074235238004,107.21373986149572,8.37,0.0063017554983627495,112.71384702683169,,,,6.05,0.010263357378476397,1080.176208224223,7.15,0.014479382758112502,972.705379659242
1974-04-30,7.66,-0.01097481411015315,188.22464302070486,10.36,0.01110961762194591,98.8241932800897,,,,,,,13.041025373162716,0.014714600593099808,108.79134722165014,8.38,0.006310378824034448,113.42511410028526,,,,7.51,-0.09578205024926784,976.7147163700268,7.73,-0.03370614176799742,939.9192342339538
1974-05-31,7.52,0.01604706579703678,191.24509625188188,10.67,-0.010056612590211449,97.83035665373167,,,,,,,12.841789550237213,0.021866642556245854,111.1702487245584,8.45,0.0023451577821029723,113.69111388930345,,,,7.51,0.006258333333333333,982.8273226366425,7.83,-0.00036688610343550525,939.5743909285617
1974-06-30,7.64,-0.001972542132104603,190.86785724196665,10.9,-0.004843606265471388,97.35650492529035,,,,,,,13.519456554329063,-0.025726285494428264,108.31025116738383,9.52,-0.060664053351061675,106.79415009078113,,,,7.59,0.0007533360457802844,983.5677218855625,7.86,0.004485136098132056,943.7885099461957
1974-07-31,7.89,-0.010609727364005193,188.84280131407752,10.97,0.00491509527318257,97.83502142246223,,,,,,,13.30711134033345,0.022776002457560354,110.77712571415113,9.5,0.009199938744603326,107.7766497298983,,,,7.53,0.010464760045883901,993.8605220839715,7.87,0.005870345186782255,949.3288742828988
1974-08-31,8.11,-0.008220389917660716,187.29043985413247,10.89,0.013921127233326233,99.19699520355952,,,,,,,14.310209286041095,-0.04120649548122564,106.21238858398779,9.5,0.007916666666666667,108.62988154025999,,,,7.48,0.009732475072878412,1003.5332448410718,7.87,0.0065583333333333335,955.5548894834043
1974-09-30,7.94,0.018276879898620944,190.71352472950636,10.91,0.00788112171265759,99.97877879628868,8.13,,100.0,,,,13.73812835973338,0.042416408028498866,110.71753659584768,9.5,0.007916666666666667,109.4898681024537,,,,7.46,0.007617554203912545,1011.1777137290769,8.1,-0.008916362672042877,947.0348155357264
1974-10-31,7.79,0.016847550099710236,193.92658039207905,10.75,0.01870613080868394,101.84899491054453,8.225,0.0004181950382205176,100.04181950382205,,,,14.891011520859077,-0.04733948993918863,105.4762248860768,9.5,0.007916666666666667,110.35666289159812,,,,7.25,0.02088772103771887,1032.2989117330083,8.12,0.005405554459775274,952.154063806408
1974-11-30,7.64,0.016790677665130642,197.18273909414347,10.22,0.0415176872257889,106.0775296255015,8.236,0.006118469777584961,100.65392235295079,,,,15.43663241699087,-0.014847039348371744,103.91021522487551,9.5,0.007916666666666667,111.2303198061566,,,,7.24,0.006740600619750735,1039.2572264172038,8.15,0.004752649470331239,956.6793183134312
1974-12-31,7.4,0.023021744484162533,201.72222973025612,9.85,0.0316035454140861,109.4299556504351,8.26,0.005259860725438938,101.18334796599646,,,,15.930716208499998,-0.011367640962426854,102.72900120587063,9.5,0.007916666666666667,112.11089317128867,,,,7.41,-0.005758759901451917,1033.2723935744182,8.17,0.005450164885729385,961.8933783410066
1975-01-31,7.53,-0.0028028134327486723,201.15683995508414,9.23,0.047928441535345104,114.6747628820424,8.247,0.007752374979615987,101.96775922112184,,,,13.01730585250679,0.17300255084900437,120.50138046065669,9.4,0.014276746054833074,113.71147192307566,,,,7.44,0.004096819995427617,1037.5055245771373,8.18,0.006137876242367862,967.7973608556168
1975-02-28,7.46,0.011119773047027128,203.39365836224184,9.12,0.014772099887286463,116.36874993388682,8.258,0.006137510772217632,102.59358744176038,,,,13.041569142356147,0.009518799255664671,121.64840891129215,9.5,0.0015003062769831394,113.88207395816684,,,,7.33,0.013857435773757105,1051.882690748883,8.17,0.007487417557135307,975.0436638070364
1975-03-31,8.01,-0.03093461726797429,197.10175338607277,9.21,0.0018292359106102975,116.5816158301387,8.283,0.005213061441792224,103.12841411662816,,,,11.962456158904512,0.07257447751026674,130.47697862798447,9.5,0.007916666666666667,114.78364037700231,,,,7.34,0.00541251327249543,1057.5760197736695,8.18,0.006137876242367862,981.0283611463889
1975-04-30,8.31,-0.013324652856140581,194.4754409448667,8.78,0.03576151280584651,120.7507507775745,8.262,0.008305415826784977,103.98493847942365,,,,13.102924444859772,-0.05234643551589782,123.6469738799255,9.5,0.007916666666666667,115.69234419665356,,,,7.48,-0.003564263537393467,1053.8065401283684,8.22,0.004139531429373484,985.0893588804612
1975-05-31,8.04,0.025138870757530782,199.36433392029355,8.53,0.02382401322487973,123.62751826101358,8.297,0.0045503815401472785,104.45810962393377,,,,12.884491139160406,0.022957678892066576,126.48562140223659,9.5,0.007916666666666667,116.60824192154372,,,,7.46,0.007617554203912545,1061.8339685682338,9.0,-0.04361635307377034,942.123353594317
1975-06-30,7.96,0.01211572202039342,201.7797767708527,8.51,0.008430070135752315,124.66970691066291,8.31,0.006047515042900577,105.08982161323748,,,,12.78462275826207,0.016262972270174973,128.54265355567702,9.5,0.007916666666666667,117.5313905034226,,,,7.46,0.006216666666666666,1068.4350364061663,9.04,0.004916431726271035,946.7552387399891
1975-07-31,8.2,-0.00944354827882026,199.87425970722757,8.48,0.009076861500820935,125.80131657363894,8.323,0.006058840334782253,105.72654406320284,,,,12.230991768632213,0.041971512470742454,133.93778314241146,10.0,-0.02308499695937151,114.81817871102038,,,,7.48,0.0048336766375151234,1073.5995058803455,9.05,0.006887718930955352,953.2762227208395
1975-08-31,8.22,0.005494765714686742,200.97252193671522,8.47,0.0077286863891928865,126.77359549678418,8.325,0.0068025896385215095,106.44575835636387,,,,12.990914512283936,-0.031513499563068585,129.7169348718747,10.0,0.008333333333333333,115.77499686694554,,,,7.48,0.006233333333333334,1080.2916094669997,9.08,0.0056073192316664616,958.6215468175924
1975-09-30,8.48,-0.010355021896004258,198.89144707156535,8.57,0.0004668631108716856,126.8327814119542,8.339,0.006005364115735559,107.08500389386944,,,,13.033144886249937,0.008511939557622472,130.82107758110416,10.0,0.008333333333333333,116.73978850750342,,,,7.47,0.006925135956823446,1087.7727757355742,9.11,0.005634810179080131,964.0231972674858
1975-10-31,7.91,0.045738743834927376,207.9884920201297,8.81,-0.008514208860166562,125.75290062069698,8.384,0.0039588931231223584,107.5089419793744,,,,13.628198361316674,-0.0209906118105194,128.07506312496537,10.0,0.008333333333333333,117.71262007839928,,,,7.52,0.0027736669772487534,1090.7898951623822,9.13,0.006304867646137693,970.1012359340638
1975-11-30,8.14,-0.0088559024814393,206.14656621753784,8.46,0.03052244740592722,129.59118691603499,8.415,0.004929482832304958,108.038905463181,,,,13.433181112494628,0.021875324448812086,130.87674668462608,10.0,0.008333333333333333,118.6935585790526,,,,7.51,0.006957240070200289,1098.3787823291755,9.14,0.0069652098821376745,976.8581946492658
1975-12-31,7.76,0.032735953391750144,212.8949706011045,8.39,0.011700319606898324,131.1074452211899,8.431,0.005951467762457386,108.6818955261363,,,,13.280713576799858,0.019467107758980157,133.42453841548044,10.0,0.008333333333333333,119.68267156721137,,,,7.51,0.006258333333333333,1105.2528028752522,9.15,0.006973819096682883,983.6706269818619
1976-01-31,7.8,0.0037396358882611407,213.69112027359466,8.32,0.011656214435768524,132.63566171681387,8.463,0.004906724495408012,109.21516764512177,,,,11.871021233972844,0.09197559243013148,145.6963393809611,10.02,0.0070943108264971706,120.53173763985474,,,,7.56,0.002813126194243754,1108.3620184862818,9.19,0.005058016716292365,988.6460494564619
1976-02-29,7.77,0.008547985672857687,215.51774890811024,8.11,0.021056205527463998,135.42846547019428,8.479,0.005993683337491489,109.86976877563767,,,,12.634451186408096,-0.03260220466280048,140.94631750584216,10.0,0.009590066545041385,121.68764502461042,,,,7.54,0.007679307225328974,1116.8734709431237,9.12,0.01216406356463674,1000.6720028449773
1976-03-31,7.66,0.014020918208467617,218.5395056380239,8.03,0.012157407784034424,137.07492455048148,8.481,0.006933492771218359,110.63155002321898,,,,12.726999431020047,0.005396124270963665,141.70688135063838,9.99,0.00895362786485457,122.7771909139113,,,,7.58,0.0035296131384167356,1120.8156022201138,9.11,0.008243952162528993,1008.9214949668135
1976-04-30,7.67,0.005697644553490792,219.78466606204498,8.23,-0.006688152678322331,136.15814652671835,8.498,0.005943437078486653,111.28908167967742,,,,12.445563711483278,0.02638979623789206,145.44649707498888,10.0,0.007704966727479197,123.72318508479634,,,,7.58,0.006316666666666667,1127.8954207741376,9.13,0.006304867646137693,1015.2826114579226
1976-05-31,7.96,-0.013240325657260205,216.87464550891133,8.57,-0.015552665423036537,134.0405244291675,8.497,0.0071477908918900065,112.08455276407422,,,,12.614922875090512,0.0009369513711703827,145.5827733698552,10.0,0.008333333333333333,124.75421162716964,,,,7.6,0.004941027718428444,1133.4683833116712,9.14,0.0069652098821376745,1022.3542679364119
1976-06-30,7.86,0.013432879672893147,219.78789652613386,8.54,0.009121687285120594,135.26320017654393,8.502,0.006750284120340974,112.84115534073308,,,,13.02656264530599,-0.012047363685526063,143.82888475272105,9.99,0.00895362786485457,125.87121441265262,,,,7.49,0.013936397025575507,1149.26484871744,9.19,0.004407937562032123,1026.8607417157527
1976-07-31,7.86,0.00655,221.22750724838005,8.66,-0.0007622633089203685,135.1600940020022,8.519,0.005961963397315132,113.51391017858528,,,,13.094641324381499,0.007134438058663961,144.85502302203605,10.0,0.007704966727479197,126.8410479316495,,,,7.5,0.005550786261907936,1155.6441722509944,9.2,0.00701686250641621,1034.0660823536086
1976-08-31,7.66,0.020269851288122698,225.71175592114682,8.45,0.021131193320358416,138.01618807755634,8.473,0.010144059706403096,114.66540206094412,,,,13.407162603313242,-0.005961181519345509,143.9915159358127,9.99,0.00895362786485457,127.97673547281767,,,,7.48,0.007632990029151321,1164.4651926950332,9.22,0.006384823926998862,1040.6684122183178
1976-09-30,7.55,0.013966154947189596,228.86408127774382,8.17,0.025822691599787725,141.58013753806136,8.476,0.006862279283326429,115.45226807402122,,,,13.880741981735664,-0.013929312100364749,141.98581317053814,9.99,0.008325,129.04214179562885,,,,7.47,0.006925135956823446,1172.529272471435,9.22,0.007683333333333334,1048.6642145188619
1976-10-31,7.42,0.01530513495610561,232.3668769283048,7.98,0.019659358071128202,144.3635121576817,8.469,0.007526767314096984,116.32125043169914,,,,14.659068229165488,-0.028472517495109977,137.94311962098257,9.98,0.008945555956992509,130.1964954958718,,,,7.49,0.004842624783228685,1178.2073917853663,9.61,-0.016900196450668134,1030.9415832827076
1976-11-30,7.01,0.03513649175350765,240.53143378328454,7.52,0.03840226380931107,149.9073978359997,8.483,0.006131196699596669,117.03443889843894,,,,14.015984807423777,0.04612450704520409,144.30567801377802,10.0,0.00707660012162506,131.11784403173306,,,,7.45,0.009011340467210714,1188.8246197337287,9.63,0.006748709862003981,1037.8991089129577
1976-12-31,6.81,0.020092891368319744,245.36440575295828,7.6,0.0007641108737135539,150.02194370873627,8.488,0.00673841603799706,117.82306563851016,,,,14.126488437251647,0.005878118171695822,145.1539238419897,10.41,-0.01665466638329391,128.93412008248777,,,,7.44,0.006901060001524201,1197.0287697658005,9.61,0.00928569383507721,1047.536722270023
1977-01-31,7.4,-0.035268732968010905,236.7107140466025,7.31,0.026539143323397716,154.00339757447713,8.497,0.006478215306323267,118.58634882576747,,,,12.900407651398927,0.07930285521730727,156.66504444865504,10.4,0.009284717951141065,130.1312370217322,,,,7.45,0.005507581549863989,1203.621503332819,9.6,0.008638948098926118,1056.5863376454329
1977-02-28,7.45,0.0027045744159863846,237.35091578780282,7.27,0.008883657159571682,155.37151095993798,8.515,0.005891528879703586,119.28500372461309,,,,13.034829129000286,0.0033858115475521137,157.19548276524705,10.4,0.008666666666666666,131.25904107592055,,,,7.46,0.005516222898043727,1210.2609478300812,9.63,0.006110564793006083,1063.04267692102
1977-03-31,7.42,0.008288364477050131,239.31816668681378,6.93,0.030154781834585365,160.0567049762448,8.399,0.014799053575224519,121.0503088854545,,,,11.398166266093593,0.10662112491513834,173.9558419692559,10.4,0.008666666666666666,132.39661943191186,,,,7.49,0.004143103841509639,1215.275184612265,9.69,0.004255738233979452,1067.5667082855446
1977-04-30,7.45,0.004106077982925075,240.30082574196052,6.61,0.028784069383489232,164.6637882775737,7.879,0.04232719408215635,126.1740288033541,,,,11.941647824619675,-0.02160535200054073,170.1974647709597,10.4,0.008666666666666666,133.54405680032175,,,,7.49,0.006241666666666667,1222.8605272228867,9.73,0.005566415694358062,1073.5092283653194
1977-05-31,7.38,0.01107039510404358,242.96105082675197,6.68,0.0004910249700568158,164.7446423092821,7.627,0.023878144433756528,129.18683048690954,,,,11.998053349708771,0.006730588347952789,171.34299384419822,10.41,0.008057203258944056,134.6200484099859,,,,7.51,0.004860519859599088,1228.8042651009732,9.75,0.006855103359015352,1080.8682450826204
1977-06-30,7.2,0.018753335157795436,247.51738084319624,6.64,0.008438894999903416,166.1349050475268,7.556,0.011248896315361407,130.64003974836695,,,,12.60737839719231,-0.023954988928389105,167.2384743237034,10.41,0.008675,135.78787732994255,,,,7.58,0.001439322992229231,1230.5729113326822,9.74,0.00875188044691872,1090.3278747424542
1977-07-31,7.42,-0.009253561720589004,245.22696348264517,6.45,0.01929453332891623,169.34040051006264,7.04,0.04268621957774515,136.2165691707111,,,,12.723114668933716,0.004086600483753816,167.9219111537769,10.41,0.008675,136.9658371657798,,,,7.59,0.005628542005722522,1237.4992426552224,9.7,0.010628442605054583,1101.9163619798458
1977-08-31,7.28,0.01595093629417467,249.13856315477076,6.36,0.011920214454972693,171.35897440003353,7.057,0.004668700463998012,136.8525235304026,,,,10.28565461203792,0.15993115675882025,194.77785664975227,10.41,0.008675,138.15401580319292,,,,7.59,0.006325,1245.3264253650166,9.75,0.004950258397538378,1107.3711327041215
1977-09-30,7.41,-0.0029508163952278706,248.40340099793016,6.31,0.008944525585337232,172.8916991308318,7.079,0.004332053561575176,137.44537599237304,,,,10.279238482491078,0.00896456223008039,196.52395486673066,10.18,0.022828255404607548,141.3078309611204,,,,7.53,0.010464760045883901,1258.3584675852596,9.78,0.006247541125138874,1114.289479396482
1977-10-31,7.62,-0.008256403756935635,246.35248222469528,6.31,0.005258333333333333,173.8008213154281,6.899,0.018673923234871482,140.01202039264265,,,,10.306348820357947,0.0069065821949375016,197.88126371429192,10.01,0.0190194603909996,143.99542965502351,,,,7.54,0.005585346387335624,1265.3868355061602,9.81,0.006274922643207401,1121.2815596818348
1977-11-30,7.55,0.01117543193609053,249.10557762208433,6.27,0.008179278838012363,175.22238669524256,6.771,0.014886018555764852,142.09624192623767,,,,10.929912134191989,-0.02860371633157751,192.22112417967423,9.79,0.022103873208369346,147.17828637470282,,,,7.52,0.007663866542433699,1275.084591338032,9.83,0.006926005192725638,1129.0475615866985
1977-12-31,7.78,-0.009402620101489984,246.76333251054166,6.16,0.013298073776249551,177.55250692076643,6.563,0.020630292427027637,145.0277289499576,,,,10.686790454528783,0.023755889454915045,196.78750795658607,9.5,0.02652411179674925,151.0820596965594,,,,8.67,-0.06920701919965741,1186.8397875441135,9.84,0.00756743320111937,1137.5915535898926
1978-01-31,7.94,-0.004357651669290316,245.68802386270744,6.07,0.011765851844121166,179.64156341174848,6.609,0.0021614630832804986,145.34120103213493,,,,11.219992534498797,-0.022519668862284105,192.35591844116965,9.36,0.016835995328699935,153.62567654786105,,,,8.68,0.006568991472282922,1194.6361279874568,9.86,0.006952587811012838,1145.5007587592927
1978-02-28,8.04,-0.00012921139167781145,245.65627817122558,5.86,0.020684220496467624,183.35730911968727,6.644,0.002994755315072319,145.77646236642494,,,,11.550782464601006,-0.009883896547640339,190.45469244297078,9.2,0.018063533230673973,156.4006990612681,,,,8.67,0.007889626253910006,1204.061360546696,9.87,0.007593224005397874,1154.1988026189053
1978-03-31,8.15,-0.0006847297198963442,245.48807001668263,5.79,0.010108787994747442,185.21082928486555,6.471,0.01805464741122701,148.40840499530677,,,,11.392711532542567,0.018876214933583407,194.04975615263385,9.2,0.007666666666666666,157.59977108740452,,,,8.66,0.007881577497965437,1213.5512634721506,10.08,-0.0047519327386555225,1148.7141275418237
1978-04-30,8.24,0.0007733818207903689,245.67792602725447,5.88,-0.0018656466717586707,184.86529131763658,6.357,0.013684237993333381,150.43926092947353,,,,11.8836056890806,-0.018666270927246438,190.42757083092266,9.17,0.009593555688390553,159.11171326780914,,,,8.67,0.006560373746089993,1221.5126133205677,10.17,0.0028594450641468514,1151.998812483939
1978-05-31,8.42,-0.005075669007268545,244.43094619234793,5.91,0.0026728603149800256,185.3594104184167,6.35,0.005806804193797577,151.3128322607506,,,,11.657104779639136,0.023016122540842898,194.81047513632222,9.1,0.012151267958689602,161.0451223310925,,,,8.65,0.008538724520056957,1231.9427730234868,10.19,0.007244798379568252,1160.3448116138873
1978-06-30,8.62,-0.006137686447626138,242.9307056865227,6.06,-0.006134265675258279,184.2223665495009,6.442,-0.0013740753015301366,151.10491703513654,,,,12.196033388988464,-0.020814552718251493,190.75558223152962,9.1,0.007583333333333333,162.2663811754366,,,,8.64,0.007865480540244347,1241.6325949313975,10.33,-6.939322220856671e-05,1160.2642915485364
1978-07-31,8.56,0.011139934050873115,245.63693772680264,6.42,-0.021059449474346348,180.34274492910717,6.436,0.005803174260024549,151.981805200238,,,,12.158463206002924,0.012294823374195402,193.10088842270807,9.1,0.007583333333333333,163.49690123268365,,,,8.66,0.005886845004068902,1248.9418935697586,10.35,0.007386347153605094,1168.8344063958457
1978-08-31,8.39,0.01842696666437183,250.16328138983283,6.32,0.012635728592621777,182.6215069076798,6.596,-0.006148502030243028,151.04734476240435,,,,12.035866325460436,0.017121731511249565,196.40710998886541,9.0,0.014053378599201253,165.79458508550277,,,,8.66,0.007216666666666666,1257.955090901687,10.01,0.029697254115332312,1203.5455787813269
1978-09-30,8.56,-0.0042187020330291605,249.1079170460443,6.28,0.008186279574079827,184.11649761946583,6.578,0.006792805263016139,152.07337996087102,,,,11.965027300273302,0.014080228890506996,199.17256705323163,9.0,0.0075,167.03804447364405,,,,8.65,0.007873528926695145,1267.859636698385,10.03,0.007103165680550446,1212.0945624315048
1978-10-31,8.96,-0.01879146113827001,244.42681530363816,6.47,-0.008515362761031355,182.5486788519455,6.428,0.016356645832361686,154.56079037742114,,,,11.951627823985215,0.010737408291442551,201.31116422613692,8.89,0.014650865133032757,169.48529633531294,,,,8.66,0.006551755835367674,1276.1663434715506,10.06,0.006502925711730809,1219.9767233265898
1978-11-30,8.86,0.013975875128577387,247.84289395239767,6.59,-0.003244558066577991,181.95638906343328,6.441,0.004414725515638253,155.24313384241754,,,,12.153892490963313,-0.001517462960856926,201.00568199081675,8.8,0.013281824719954965,171.73637033384819,,,,8.67,0.006560373746089993,1284.538471646905,10.07,0.007765124223438814,1229.4499941329248
1978-12-31,9.15,-0.011259246196193971,245.05236979141043,6.68,-0.0009591583718318092,181.7818640695548,6.456,0.004281385757639286,155.90778958462175,,,,12.613277091702631,-0.015463993376401058,197.8973314558918,8.8,0.007333333333333334,172.9957703829631,,,,8.58,0.01315474699798665,1301.4362502506006,10.09,0.007156287843701795,1238.2482921803773
1979-01-31,8.95,0.020592982923733467,250.09872905794535,6.98,-0.015647149085967368,178.93749614133344,6.66,-0.009255108462666358,154.46484608184153,,,,13.41783458762166,-0.032909782379814276,191.38457334413243,8.85,0.004077323622454863,173.70113012413034,,,,8.52,0.011113486230460278,1315.8997440975825,9.95,0.0171071106026852,1259.4311426682932
1979-02-28,9.17,-0.00667218615930888,248.4300237794642,7.2,-0.009587409637305446,177.22194906635272,6.865,-0.009021327010564073,153.07136819370078,,,,12.256370755084545,0.07681604443981017,206.08597923522944,9.0,-0.0023300678988019893,173.2963946968425,,,,8.52,0.0070999999999999995,1325.2426322806755,9.87,0.013279207956816998,1276.155390719077
1979-03-31,9.11,0.011505379641840183,251.28830551747834,7.26,0.0018101428390864208,177.5427461083841,7.37,-0.029371106516010777,148.5754927339321,,,,10.92436935856592,0.08967884961483504,224.5675327747916,9.35,-0.014807847889708077,170.73024804433683,,,,8.55,0.005120839790804803,1332.0289874845294,9.78,0.013857376624583157,1293.8395565997632
1979-04-30,9.35,-0.007705143314847393,249.35209311012102,7.56,-0.014621242834537695,174.94685050402276,7.821,-0.024577107624527184,144.9239368586431,,,,11.102807568208949,-0.0014637193136357324,224.23882893985362,9.65,-0.011086650489800152,168.8374214562324,,,,8.56,0.006465566547076703,1340.6413095457458,9.75,0.010029844961476972,1306.8165667574851
1979-05-31,9.06,0.026506437214330016,255.9615287104062,7.97,-0.02144336300216762,171.19540168257905,7.986,-0.004639655067688107,144.25153978056755,,,,11.408110726005877,-0.00860324689169779,222.30964693177887,9.7,0.0049019467436821045,169.66505350455145,,,,8.56,0.0071333333333333335,1350.2045508871722,9.77,0.006872830847383833,1315.7980959693682
1979-06-30,8.81,0.023858203673784717,262.0683109950324,8.02,0.0032657616620904812,171.7544850621202,8.301,-0.014352894095637858,142.18111270696437,,,,12.269862680915438,-0.03916463940357824,213.60296977375896,10.0,-0.010517664842289663,167.88057333634143,,,,8.59,0.005157609177230857,1357.168378269967,9.8,0.006265795977477515,1324.0426183862655
1979-07-31,9.01,-0.005592856186866914,260.6026006205021,7.71,0.02790207807673202,176.5467921143524,7.899,0.034204715048530156,147.04437715238902,,,,12.17672888094857,0.015504750119846112,216.91483044495814,10.07,0.004005869564071037,168.55308101546828,,,,8.62,0.00518518036618949,1364.2055410985856,10.28,-0.02124701752729373,1295.9106616665285
1979-08-31,9.24,-0.007220236920796658,258.7209881018463,7.55,0.017454558711063592,179.62833846256228,8.205,-0.013911036987091665,144.9988373830783,,,,11.80673364113015,0.03143823813145181,223.7342505387302,10.07,0.008391666666666667,169.96752228698975,,,,8.63,0.006525900994575408,1373.1082113960463,10.27,0.009179708403789733,1307.8067436579895
1979-09-30,9.44,-0.004998475234721118,257.42777765011664,7.48,0.011132131768696624,181.62798479571956,8.041,0.01790025392981848,147.59435339176386,,,,11.864340900061599,0.006531721603747235,225.19562037647225,10.07,0.008391666666666667,171.3938330781814,,,,8.63,0.007191666666666667,1382.9831479496695,10.38,0.0018458305921017475,1310.2207333539902
1979-10-31,10.72,-0.06914477401849109,239.62799213841697,8.04,-0.03154358379339659,175.89878723809002,8.558,-0.027394839030519025,143.55102983878297,,,,12.610879095382172,-0.03170653452852443,218.05544766333315,10.07,0.008391666666666667,172.83211299409578,,,,8.63,0.007191666666666667,1392.929101755341,10.71,-0.01121274901757845,1295.5295571132644
1979-11-30,10.38,0.02968106907895783,246.74040712632927,7.84,0.020311097313925178,179.47148462308428,8.76,-0.00607388154606712,142.67911788772625,,,,13.713517621455455,-0.04831649876256155,207.5197718961379,10.08,0.007773717488635404,174.1756610134758,,,,8.65,0.005877942146609487,1401.1166584297875,10.74,0.0071215405733364,1304.7557234182032
1979-12-31,10.33,0.011707521388884156,249.62912572026278,7.89,0.0031380545271988943,180.03467592790884,8.608,0.017302516265316564,145.14782564569967,,,,13.915503054941993,0.000736148758694084,207.67253731862374,10.08,0.0084,175.638736565989,,,,10.6,-0.11069989094661163,1246.0131971381293,10.91,-0.0011979654424105896,1303.1926711507608
1980-01-31,11.13,-0.03871584062005983,239.9645242747522,8.12,-0.008886123712584567,178.43486552505837,8.357,0.023872073198046486,148.61280516405108,,,,13.544213969195477,0.031535504642257954,214.22159558330466,10.45,-0.014112533239937183,173.16002905798092,,,,10.64,0.006418720787226025,1254.0110079477577,10.92,0.008494974003914248,1314.263259014278
1980-02-29,12.72,-0.07892850143471689,221.02448397625128,8.92,-0.0451723799786912,170.37453797811378,8.98,-0.03337893559116222,143.65226791245829,,,,13.683667100566945,0.003838404206587138,215.0438646569334,10.55,0.002649166689550968,173.618758838923,,,,10.69,0.00585466082682482,1261.3528170723966,11.24,-0.009744366149351143,1301.4565966018033
1980-03-31,12.64,0.015052048619427496,224.35135525514568,9.78,-0.046387154412683554,162.4713479769334,9.401,-0.019291458365215015,140.88100616695638,,,,13.659373865838395,0.012701828108294382,217.7753148615491,11.2,-0.02954882217503249,168.4885290077418,,,,10.72,0.007103377692274796,1270.3126825352767,11.26,0.008189859199374571,1312.1153428820692
1980-04-30,10.76,0.12345647944654875,252.04898373400792,8.93,0.06331145181810606,172.75764489619777,9.497,0.0017536840073792657,141.12806693441487,,,,13.105804983843857,0.04162636484276129,226.84050957172317,11.73,-0.021259959764048902,164.9064696603334,,,,10.7,0.01013763582909198,1283.1906498998962,11.33,0.005276300311194783,1319.0384574740415
1980-05-31,10.25,0.04025799846490173,262.1959713342516,8.26,0.05220527697039122,181.77650559675627,8.337,0.0851550268490644,153.14583126337152,,,,12.791076353969492,0.028331545862948573,233.26725187222905,11.78,0.006894687024614399,166.0434481569755,,,,10.71,0.008314765181285471,1293.8600788366348,11.31,0.01061606587108664,1333.0414566250822
1980-06-30,10.09,0.018424697250387197,267.0268527263564,7.98,0.025821685578504706,186.47028136983502,8.209,0.015518458802272653,155.52241853657196,,,,12.897149903813794,0.004816097284746702,234.3906896505912,11.76,0.010969726464835265,167.86489936453557,,,,10.75,0.006521383964495682,1302.2978372070613,11.38,0.005326359080747507,1340.14171409259
1980-07-31,10.76,-0.03183555384531257,258.5259049782422,7.75,0.022365110612643412,190.64070983864212,8.435,-0.008143635371061737,154.25590066798446,,,,12.718601092836185,0.02065297423469304,239.2315545247968,11.78,0.008647874809845715,169.31657399920744,,,,10.78,0.007157860682508609,1311.6195036929219,11.38,0.009483333333333333,1352.8507246812346
1980-08-31,11.55,-0.03696960984724153,248.96830313579153,7.93,-0.005743146861703862,189.54583224421933,8.547,-0.00036066155356137813,154.20026649520352,,,,13.202825020097503,-0.01575533959599288,235.46238014118134,11.82,0.007516147757432227,170.58918238716768,,,,10.95,-0.001147887203344921,1310.113912448975,11.46,0.0048144556617306,1359.3639645121527
1980-09-30,11.86,-0.008175174393797996,246.93294383912846,8.25,-0.01478065406025885,186.74422086925367,8.59,0.004290628709586377,154.8618825856537,,,,12.824821367896854,0.03188466487134226,242.9700192217915,11.78,0.01215425038030857,172.66256602207343,,,,10.95,0.009125,1322.068701900072,12.63,-0.05558712597577936,1283.8008285698807
1980-10-31,12.46,-0.023747499883502575,241.06890378407581,8.49,-0.008999648501192024,185.06358852180142,8.459,0.01583494621632293,157.31411216735603,,,,12.510259780832035,0.028283622937704263,249.8420916306274,11.9,0.002937415529417923,173.16974772485582,,,,10.93,0.010317892673565815,1335.7096648733575,12.68,0.007746892721019688,1293.7462958639676
1980-11-30,12.72,-0.004039880737752376,240.09501416320742,8.66,-0.004086817465414669,184.30726741601822,8.883,-0.020522493974288288,154.08563424833096,,,,12.523454670579312,0.009687495521526675,252.26243577438797,12.42,-0.019276682109075422,169.831609547055,,,,10.95,0.00791642503490059,1346.2837103037198,12.71,0.008901788427506495,1305.2629516686188
1980-12-31,12.43,0.0268743992113179,246.54742342247647,8.96,-0.012226929187035922,182.05375550866646,8.739,0.016824914757777275,156.67811190995718,,,,13.306203337744382,-0.03199277595977833,244.19186018359,12.6,0.00031692826476428966,169.88543398437088,,,,10.84,0.015710357445577423,1367.4343086157494,12.61,0.01616337637382237,1326.360408023245
1981-01-31,12.68,-0.0035322030615688987,245.67656785864168,9.1,-0.0015525359173788706,181.77111051434554,8.441,0.027035617901434304,160.91400147707296,,,,13.404101315314975,0.005802245294822178,245.6087212553741,13.1,-0.016823130869127078,167.02742909569335,,,,11.53,-0.03112093354910151,1324.8784763645572,12.66,0.007728015857672457,1336.6105422894377
1981-02-28,13.43,-0.029890529056545934,238.3331652685505,10.34,-0.06821149341487959,169.3722316064809,8.324,0.014829263222302595,163.30023756113047,,,,13.22711493577161,0.02079348263677751,250.71578193623884,13.1,0.010916666666666667,168.85081186332133,,,,11.61,0.004967907188677238,1331.4603496714124,13.6,-0.03982090659855758,1283.3854987262828
1981-03-31,13.13,0.027566187649730577,244.90310202549762,9.81,0.04174303330333457,176.44234231109036,8.018,0.02759902177854231,167.80716437402123,,,,13.014925419865003,0.022656922969250915,256.3962300947437,13.1,0.010916666666666667,170.69409989282926,,,,11.6,0.010255289331054473,1345.1148607901198,13.43,0.020503631030594965,1309.6995614621826
1981-04-30,14.11,-0.04054484037194457,234.97354484727975,9.95,-0.000523777269351754,176.34992582283664,8.028,0.006006723036944243,168.81513553403096,,,,13.186626514678471,0.0014948843464404112,256.7795128055987,13.1,0.010916666666666667,172.55751048332598,,,,12.25,-0.02707433238903061,1308.6967739476636,13.49,0.007962673197906067,1320.128271057547
1981-05-31,13.5,0.044573613265026304,245.4471647628147,10.58,-0.029833458990344095,171.0887975428508,8.166,-0.0025679848032608985,168.38162083141913,,,,13.379306109205036,0.0005745124319113237,256.92703582796565,13.1,0.010916666666666667,174.4412633061023,,,,12.93,-0.02720128488921185,1273.0985401659207,13.56,0.007484787209542893,1330.0091502557145
1981-06-30,13.86,-0.00784704438232307,243.52112996740553,10.2,0.032180695107655505,176.5945539729127,8.111,0.01050368520731842,170.1502483713304,,,,14.150294455937209,-0.029293352005746676,249.40078172766397,13.1,0.010916666666666667,176.34558043052724,,,,12.96,0.009126531618713261,1284.7175142464826,13.63,0.007553356613828523,1340.0551836672512
1981-07-31,14.67,-0.03010186474632521,236.1906898502544,10.35,-0.0006648963479626933,176.477136898906,8.397,-0.012234911927588837,168.06847506804982,,,,14.575224902926967,-0.010137972697169316,246.8723634118562,13.9,-0.03145550388762199,170.79854133972984,,,,13.02,0.007510865562864035,1294.3668547822447,13.7,0.0076218827261145,1350.2689271236848
1981-08-31,15.41,-0.0247782311141546,230.33830235013318,10.51,-0.0010858290624658987,176.28551289480038,8.719,-0.014090317223838012,165.70033693901428,,,,14.722345848494593,0.004595816671777712,248.00694353542556,15.0,-0.04427702380989168,163.23609025813585,,,,13.07,0.008114454747209595,1304.8699360516632,13.74,0.009284869230949545,1362.8059975386427
1981-09-30,15.84,-0.00831804230558861,228.4223386065873,10.28,0.02285239034293953,180.31405824727767,8.607,0.014636428394390971,168.1255980555486,,,,15.442106964720022,-0.0236793087410783,242.13431054951906,15.0,0.0125,165.27654138636254,,,,13.18,0.004899476434933971,1311.263115554002,13.73,0.011983156495730491,1379.1367150804683
1981-10-31,14.63,0.07551557943295197,245.67178386189372,10.03,0.02404792899311975,184.65023791646945,8.736,-0.0012695093702386464,167.91216103344013,,,,15.218780936231486,0.024116184981668756,247.97366637314008,15.0,0.0125,167.34249815369208,,,,13.25,0.007180596445099373,1320.678766820139,13.73,0.011441666666666668,1394.9163376621805
1981-11-30,13.13,0.0940642715819869,268.78072125911007,9.64,0.03291056499489628,190.72718157274247,8.022,0.05548368555770127,177.22854657753362,,,,14.25800260775772,0.0628722892542162,263.56433845278065,15.0,0.0125,169.43427938061322,,,,13.24,0.01158512818030904,1335.9789996187626,13.78,0.008781056353498335,1407.1651766316074
1981-12-31,13.98,-0.03393964381647936,259.6583993148394,9.67,0.006147103057952182,191.89960121382285,7.996,0.008442324037674257,178.7247673964672,,,,15.06801906998927,-0.029147121978902155,255.8821965306088,15.0,0.0125,171.55220787287087,,,,14.0,-0.029064834412204317,1297.148991216661,12.8,0.06567542980469358,1499.5813544130858
1982-01-31,14.14,0.0032537511730519955,260.50326313620286,9.72,0.0049212739545032025,192.843991723156,7.98,0.007745524890200174,180.10908453083175,,,,14.643150414952675,0.034426658760805605,264.6913655935335,15.0,0.0125,173.69661047128176,,,,14.02,0.010612266637941301,1310.914682180589,12.84,0.008458248307390125,1512.265185865844
1982-02-28,14.03,0.017580294506912418,265.082987222149,9.67,0.011243717125635438,195.01227501546956,7.843,0.015972367495959938,182.98585301831912,,,,13.760806417893429,0.05918910045480245,280.35820942116794,15.1,0.007440930433659499,174.98907486636102,,,,14.19,0.0027794751184718296,1314.5583369221492,12.76,0.015130869693729189,1535.1470733355432
1982-03-31,14.18,0.0038322972619859834,266.0988640282795,9.2,0.0382074621984379,202.46319914135447,7.727,0.014469781120507823,185.63361825964364,,,,13.792955845975332,0.00975745677572011,283.0937925313133,15.15,0.010058563479316383,176.74921358409117,,,,13.73,0.03635019880361037,1362.3427938082127,12.78,0.009526494583452732,1549.7716436144776
1982-04-30,13.87,0.0282549727572495,273.61748018213353,8.66,0.043121851556807214,211.19378716044426,7.694,0.008699536354006224,187.24854467021913,,,,14.133693642598747,-0.006390960361150609,281.28455132475784,15.2,0.010104980977244219,178.53526102510128,,,,13.84,0.005601933199132698,1369.974547133446,12.82,0.00843983074079719,1562.8514539734708
1982-05-31,13.71,0.020095471657487478,279.11595250012675,8.71,0.003940884392341987,212.02607746002448,7.991,-0.013666796002087905,184.68945700852342,,,,13.914338628655003,0.023389815524839035,287.8637450902311,16.4,-0.04517566853129278,170.46981125188347,,,,14.0,0.0030916138079570207,1374.2099793599136,12.79,0.012342933058475624,1582.1416248502067
1982-06-30,14.44,-0.026444159603291068,271.7349657043888,9.28,-0.02918046912649145,205.83905705269115,8.371,-0.018606355435007098,181.25305932632438,,,,13.876645418625717,0.013593517733599287,291.77682601397544,16.4,0.013666666666666666,172.79956533899255,,,,14.05,0.009033717918197801,1386.6242046738237,13.0,-0.0008627287899370881,1580.7766657206905
1982-07-31,13.68,0.052632081951935465,286.03694268854855,9.05,0.02258246458802478,210.48741026941596,8.166,0.02072863684542374,185.01018817022182,,,,13.281004050791992,0.043882619296964964,304.5807573896235,16.4,0.013666666666666666,175.16115939862544,,,,13.6,0.03582206521562149,1436.2959473632088,13.18,0.0010279311359525367,1582.4015952743719
1982-08-31,12.81,0.0594902399218468,303.05334903560185,8.83,0.021880489629098165,215.09297786687162,8.255,0.0008574886922126327,185.16883231452192,,,,12.043671264884827,0.08159000216949398,329.431502045829,16.5,0.008864104920808085,176.71380629358524,,,,13.65,0.008659242793370629,1448.7331826945613,13.23,0.008264958181611425,1595.4800782858297
1982-09-30,11.73,0.0730160500852315,325.1811075472825,8.46,0.03186373011483743,221.94664246321832,8.314,0.002946588801838965,185.71444872226948,,,,11.657272424261071,0.03240654127369707,340.1072376137332,15.2,0.07927049459164966,190.7219971196507,,,,13.39,0.02542213187268536,1485.5630687133576,13.27,0.008853713028604986,1609.6060010418287
1982-10-31,10.71,0.07116895150887884,348.3239060219186,8.12,0.029905574183820782,228.58408424425204,8.326,0.006128906075944537,186.8526751354341,,,,10.741545367035176,0.06476008696245675,362.1326118981595,14.55,0.04624429462827224,199.5418013465443,,,,14.07,-0.02462214591651684,1448.9853180673088,13.73,-0.01346686547027726,1587.9296535656474
1982-11-30,10.79,0.004125727646793682,349.7609955910324,8.07,0.010135164002858488,230.90082142651073,8.169,0.017469583744610894,190.11691359161713,,,,11.729076032644599,-0.04805427422043339,344.73059206184354,14.6,0.009547029019714996,201.44683271464598,,,,13.68,0.03255856837007222,1496.162205612834,13.09,0.046429056340562144,1661.6557289158961
1982-12-31,10.36,0.035253389435917645,362.09125617809735,7.77,0.02720485672857644,237.1824451919296,7.674,0.04074308243596395,197.86286267455145,,,,11.333930256383464,0.03295445450403027,356.091000674093,14.0,0.04382311488682778,210.27486040828748,,,,13.82,0.003961845313438163,1502.0897688352845,13.01,0.015295577119389926,1687.0717122634053
1983-01-31,10.8,-0.017751737226020907,355.66350734658397,7.91,-0.003023404918520054,236.4653466205497,8.059,-0.019554962076663223,193.9936618985706,,,,12.131440719857855,-0.035849268108689464,343.3253989198359,13.0,0.06652886725366854,224.26420868317413,,,,13.85,0.009924629379286556,1516.9974530853929,13.1,0.0059235031102238545,1697.0650867981683
1983-02-28,10.27,0.04149121206751493,370.4204173545772,7.68,0.022355526150905972,241.75165386070847,7.807,0.023890817016445208,198.62832897733946,,,,11.578805595594117,0.042206036989468544,357.81580340607053,13.6,-0.02131830917638436,219.48327494526905,,,,13.68,0.020622965699774835,1548.2824395270186,12.83,0.025829398069857602,1740.8992564755356
1983-03-31,10.62,-0.012587092763563736,365.7579011998171,7.6,0.011902555792953112,244.62911640882425,7.88,0.0015465404534390614,198.93551572330193,,,,11.28489200576938,0.026925357097049775,367.45012168774673,14.4,-0.030230723021841793,212.84813685247187,,,,13.58,0.016762786335246117,1574.2359672474238,12.59,0.024074424602654867,1782.8104043663739
1983-04-30,10.27,0.03030646079930241,376.8427286945645,7.74,-0.0032366168508399483,243.83734568844935,7.783,0.013184684249208546,201.5584176840671,,,,11.149755556561034,0.01739161468002083,373.8406726182668,14.1,0.02776725261876244,218.75834483788736,,,,13.32,0.02540237596853226,1614.2253011506289,12.51,0.014966835896445974,1809.4934351230017
1983-05-31,10.81,-0.023809941736577467,367.87012528049405,8.16,-0.021733885040271583,238.53781284873162,7.862,0.0011146655661241943,201.78308791182204,,,,10.972795486736588,0.019827557937676172,381.2530202140653,13.1,0.06639626173825415,233.283081159171,,,,13.24,0.015447692109138546,1639.1613565975854,12.14,0.031431732173263435,1866.3689481450663
1983-06-30,10.96,7.270902260663598e-05,367.8968727577494,8.07,0.01286329520514537,241.60619515299456,7.753,0.013998274821367552,204.6077030307159,,,,11.120783989477383,0.0003863866390793353,381.4003312871847,14.7,-0.07126470970736422,216.6582301007232,,,,13.09,0.019233502788152605,1670.688171119937,12.17,0.008415471395760604,1882.075322642117
1983-07-31,11.76,-0.03698905859340606,354.28871377498217,8.25,-0.00530630540889541,240.32415889283158,7.898,-0.0033820038907909347,203.91571898298022,,,,11.677337680692698,-0.022927502050675782,372.65577440946936,14.8,0.007133153331608482,218.20368647658657,,,,13.01,0.015295577119389926,1696.2423108837543,11.85,0.028523477729930753,1935.7586561935518
1983-08-31,11.98,-0.0027712692734725188,353.3068843485595,8.54,-0.012265199311721174,237.37653518458924,7.911,0.005699710784833292,205.07797960566455,,,,11.590882353885819,0.014749887029539553,378.15240498291456,14.7,0.017469669356710266,222.01563273174781,,,,12.99,0.011939344008254943,1716.4943313547526,11.84,0.010449664161784089,1955.986684049041
1983-09-30,11.44,0.04152400002503907,367.9775994230955,8.39,0.017081637252877042,241.4313150509572,7.672,0.02297901032085048,209.7904686156023,,,,10.98662597547224,0.045615610852207784,395.40205793144173,14.15,0.0411009909486998,231.14069524312526,,,,12.99,0.010825,1735.075382491668,12.2,-0.010523082818954668,1935.4036741800205
1983-10-31,11.74,-0.007776600197201116,365.1159847508562,8.35,0.009653633546415845,243.76200449308843,7.658,0.007353808016746648,211.33322744554474,,,,10.88500081562459,0.015228194093857412,401.4233172147324,13.4,0.05229638069158262,243.22851703487683,,,,13.01,0.009728189053485851,1751.9545238345963,12.24,0.007904774598500372,1950.702603981523
1983-11-30,11.63,0.016158730746091386,371.0157956395393,8.42,0.0023140916823584544,244.32609212016092,7.514,0.01632415616606469,214.7830640534443,,,,10.611293291712474,0.025612997510387082,411.7049716391647,13.2,0.022052993889200796,248.59243403472635,,,,12.81,0.0218968942349074,1790.31688674737,12.44,-0.0010192388827681004,1948.714372038828
1983-12-31,11.82,-0.0012357981521966405,370.55729500485216,8.38,0.009675151370528209,246.68998404519309,7.373,0.016058304127342382,218.23211581741694,,,,10.770433856725415,-0.0007119822490582288,411.4118450075086,13.5,-0.005138662261488524,247.31500147546052,,,,12.82,0.01012245768519927,1808.439293676568,12.44,0.010366666666666666,1968.9160443622973
1984-01-31,11.67,0.018529599595028173,377.4235733083088,8.32,0.010981517135420608,249.39901433212202,7.432,0.0020556236712523874,218.6807189205187,,,,10.86298652260263,0.0034397864495768673,412.8270138971608,13.5,0.01125,250.09729524205946,,,,12.81,0.011236094711745314,1828.75908886076,11.98,0.03665204787483625,2041.0808494817973
1984-02-29,12.04,-0.011366485090199092,373.1335938896102,8.12,0.020377788735581034,254.4812147570441,7.458,0.004393686076107411,219.64153335035292,,,,10.79880865168037,0.012901173264879445,418.15296673187083,14.0,-0.015130373516801115,246.3132297495054,,,,12.68,0.017898078925349347,1861.4903633686397,11.63,0.03026868873756371,2102.8616904029636
1984-03-31,12.53,-0.01735521775213123,366.6577791170207,8.19,0.0020755222839101365,255.00939618910888,7.258,0.02018243864577665,224.07443512126073,,,,10.66714116648801,0.016938201704979915,425.23572602591105,14.1,0.006410915793745817,247.89232312431503,,,,12.67,0.011122509074311946,1882.1948068269514,11.62,0.01027148401876056,2124.4612006496013
1984-04-30,12.82,-0.005582060462553289,364.611073224924,8.2,0.006155129932826882,256.57901215674457,7.306,0.0027033262487202838,224.68018142339122,,,,11.034267173341956,-0.012913858102375797,419.7442921999517,13.9,0.02234304263857208,253.43099186965625,,,,12.61,0.013901359157626577,1908.3598728412724,11.72,0.00390867081570152,2132.7650201436704
1984-05-31,13.91,-0.04702640172517318,347.4647264220022,8.33,-0.001825616037247538,256.1105973973301,7.654,-0.017790554267566844,220.6829964629316,,,,11.73782105052475,-0.03140326901930576,406.5629492726785,14.15,-0.0015307534615302543,253.0430515015927,,,,12.46,0.01891604163754223,1944.4584876553527,12.24,-0.019637930219493595,2090.8819295035123
1984-06-30,13.84,0.015307860691461173,352.78366804926685,8.24,0.012959951512542964,259.4297783214479,7.489,0.017783435941463213,224.60749839390033,,,,11.689260051320645,0.012589253436102812,411.68127327880165,13.75,0.033101360559149716,261.4191207863344,,,,12.48,0.009263200571387888,1962.4703966292418,13.01,-0.03202722144079416,2023.9167909407483
1984-07-31,12.91,0.06273697251008409,374.91624733368036,8.29,0.0035304770605223204,260.34568920262814,7.502,0.00534276864850866,225.8075242945392,,,,12.242133515188934,-0.021519775705149794,402.82198461583135,13.15,0.04418160456600127,272.96903700690797,,,,12.45,0.012082213539766053,1986.1813830267856,14.32,-0.05742854033634967,1907.6862038747922
1984-08-31,12.79,0.0173967322339025,381.438564898684,7.96,0.029248186667456804,267.9603285184943,7.281,0.021669837025336435,230.7007365450966,,,,11.301384348450863,0.06546202569096829,429.1915277216398,12.8,0.030312653501676376,281.24345284238467,,,,12.42,0.012059231660138867,2010.1332044437606,14.01,0.02828284744441299,1961.6410017507944
1984-09-30,12.47,0.028587615416851737,392.34298389716344,7.83,0.01548445193446619,272.1095473457827,7.173,0.01363864355835009,233.84718165948397,,,,11.009951011599771,0.026743021960857177,440.6694061729134,13.1,-0.005727211854809556,279.6327120051782,,,,12.46,0.008107944452210887,2026.4312528069354,13.3,0.05017000286777929,2060.0565364341855
1984-10-31,11.79,0.04954804959900914,411.7828135231233,7.52,0.02792326474105755,279.70773427488825,6.986,0.019197212938515205,238.3363958008727,,,,10.961400639136485,0.0120669779695478,445.9869541890556,13.2,0.005473503055399601,281.16328250872823,,,,12.5,0.008144855631802374,2042.9362428088205,12.65,0.04724184002667675,2157.377397774319
1984-11-30,11.58,0.02202099986641029,420.850682804706,7.26,0.024422714363959066,286.538956374474,6.721,0.02478058051857551,244.2425100475233,,,,10.763085419492075,0.02104488118053523,455.3726966480331,13.25,0.00828375936554714,283.4923714834579,,,,12.52,0.009298320627973125,2061.9321190169635,12.32,0.029142509683786948,2220.2487894805404
1984-12-31,11.55,0.011394415563819324,425.6460303748999,7.23,0.008147739428257306,288.87360112705807,6.741,0.0041712645264824775,245.26131016554356,,,,11.069770383481341,-0.009217781044169347,451.1751708368386,13.4,0.0029407238616834756,284.3260442648845,,,,12.5,0.011552572184099035,2085.7527386606193,12.25,0.014223389641895533,2251.828253115269
1985-01-31,11.17,0.03206706624838663,439.2952498292946,7.38,-0.004393703794378925,287.6043760896902,6.661,0.011356498480263603,248.04661986170603,,,,11.365052234685171,-0.00807510975599155,447.5318818131529,13.1,0.027560545188143,292.1622250560128,,,,12.53,0.008739816600209652,2103.9818350698984,12.23,0.011339733403094646,2277.3633851751524
1985-02-28,11.91,-0.03309656941624875,424.756084099091,7.77,-0.020473813747149395,281.7160176607648,7.14,-0.02807824824167022,241.08190529372183,,,,11.269208862074262,0.01510820842468259,454.2932867602764,13.7,-0.021110052823781332,285.9946650519669,,,,12.65,0.0037662500463568737,2111.9059567537643,13.09,-0.036822638207630584,2193.504857175543
1985-03-31,11.65,0.0249818726078133,435.36728648144816,7.45,0.02863239040435283,289.78222066158736,6.944,0.019832147150566127,245.86307711484574,,,,10.965381884068112,0.027486213962552526,466.7800892419205,13.8,0.0060995750293857745,287.7391109694554,,,,12.87,-0.0015902114749664128,2108.5475796672845,13.19,0.005463029347284855,2205.4880385837046
1985-04-30,11.41,0.02374359583342746,445.70447137075973,7.41,0.008982943506223823,292.3853179788985,6.928,0.00692071924081034,247.56462644323926,,,,10.952512297544288,0.009904707074158236,471.4034092939112,13.95,0.0035705760909502844,288.76650535951427,,,,12.85,0.011828771856494573,2133.4891079357326,13.19,0.010991666666666667,2229.7300279411375
1985-05-31,10.28,0.07875304820661533,480.8050570905252,7.14,0.025130849739563657,299.7332094710808,6.701,0.022028301229648863,253.01805460833646,,,,10.958188491244139,0.008788932744332758,475.5465421536445,13.8,0.019600637455921003,294.42651294047937,,,,12.85,0.010708333333333334,2156.3352204665443,13.72,-0.017276612497244725,2191.2078462749278
1985-06-30,10.25,0.010407333243033279,485.80895554460193,7.07,0.010879925568792016,302.9942844806213,6.606,0.012416222233633421,256.1595830034752,,,,10.871871418601021,0.014292552026267846,482.3433158482872,13.5,0.027638662261488523,302.5640678924691,,,,12.94,0.005759017481233655,2168.753592696611,13.38,0.029809853267773894,2256.5274306515785
1985-07-31,10.57,-0.010831534785670786,480.54689894343016,6.99,0.011546142258394714,306.49269959271504,6.513,0.012221493885960073,259.29023578098224,,,,10.567894682189198,0.027464638008984077,495.5907004141135,13.4,0.016650628536655238,307.60194979548595,,,,12.94,0.010783333333333332,2192.139985604523,13.02,0.03088480662281646,2326.219843986333
1985-08-31,10.28,0.02657910086718454,493.31940344186035,6.59,0.034612415777482336,317.10115234378105,6.433,0.011226170089973701,262.20107207052894,,,,10.513966740090082,0.012079069482963096,501.5769749195259,13.95,-0.01790788766651607,302.09344863254705,,,,12.94,0.010783333333333332,2215.7785617826253,13.07,0.008114454747209595,2345.0958496424214
1985-09-30,10.31,0.006730618323800341,496.63974805815235,6.57,0.006932343149207426,319.2994063448372,5.93,0.0426682184722201,273.3887246972846,,,,10.342699969992767,0.01922911453910301,511.2218560204303,13.8,0.019600637455921003,308.0146727970025,,,,12.93,0.011333474777782425,2240.8910322257398,13.38,-0.005863395626499589,2331.3456248939056
1985-10-31,10.01,0.027184832062548184,510.1408162046995,6.93,-0.020038886648384498,312.9010017341966,6.629,-0.04527553106812783,261.01090499857685,,,,10.421192989451384,0.003837289175280083,513.183562114704,14.55,-0.027243416878775694,299.62330066121405,,,,12.9,0.012427383876653562,2268.7394453089596,13.52,0.00362450367004042,2339.7955956674664
1985-11-30,9.59,0.03483874364660819,527.9134813241265,6.78,0.01647789863486473,318.05695272352034,6.415,0.021048314708143837,266.50474466924436,,,,10.446094941944711,0.007168929196638451,516.862538736383,15.05,-0.013218138620913419,295.6628383390185,,,,12.9,0.010750000000000001,2293.128394346031,13.15,0.03144601726014531,2413.3728483540376
1985-12-31,9.0,0.046164933735287676,552.2845722074197,6.58,0.020050234178752138,324.4340691078072,6.001,0.035952128130339385,276.0861573969364,,,,10.612820082077842,-0.0013707107098431398,516.1540697190203,14.85,0.022755957549169363,302.3909293371281,,,,13.49,-0.021001769109479075,2244.9686412695855,12.59,0.042184768517305724,2515.1804233078037
1986-01-31,9.08,0.0023417401733329332,553.5778791772699,6.6,0.004044614738145262,325.74627992527707,5.962,0.007889203063152096,278.2642571555662,,,,10.931067721691285,-0.010136910424454955,510.9218621490607,14.1,0.05179313154690576,318.0527025188771,10.041445,,100.0,13.44,0.01393775836774543,2276.2584717347668,12.17,0.03430840045935289,2601.472240498172
1986-02-28,8.13,0.07139982755907254,593.1032442910441,6.19,0.035549294648820666,337.32633041109796,5.52,0.038377871684414845,288.9434471110415,,,,10.067887866459017,0.06247652887661295,542.8424866233094,13.7,0.03310114632696555,328.58061156464123,9.4934652,0.043081238084515236,104.30812380845151,13.36,0.015527275372520312,2311.602563844425,11.83,0.029688160324007958,2678.705165452538
1986-03-31,7.39,0.05815104010675978,627.5928148372619,5.93,0.024442468792797725,345.57141871516023,4.887,0.053881830504706914,304.5122489537244,,,,8.915818596925094,0.08320011712758624,588.0070450921988,12.6,0.07272988282644091,352.47824094277786,8.9549049,0.042824046121554465,108.77501971327746,13.28,0.015474203296247718,2347.372771857481,11.03,0.05737765918891749,2832.4029975034664
1986-04-30,7.38,0.0068529135862918766,631.8936541647194,5.71,0.021425265521326554,352.97537811771406,4.903,0.0028277660140337488,305.3733383421727,,,,8.735289089018384,0.01924441236896457,599.3228951438094,12.25,0.03028361487614455,363.1525562437098,8.911470000000001,0.010283417248427153,109.89359862719499,12.85,0.034797761581301434,2429.056089915016,9.96,0.07564715260825534,3046.666219303691
1986-05-31,8.05,-0.0390275304499058,607.2324053357036,6.17,-0.028986355039402254,342.7439084874267,5.243,-0.021947056765463168,298.67129235091807,,,,9.129718765039263,-0.018098484791036158,588.4760588411294,12.65,-0.012043055401032052,358.7790898898404,9.1915148,-0.01054436613126309,108.73484028778778,13.06,-0.0007854872857897405,2427.1480972399177,9.98,0.007058888086014984,3068.172295181198
1986-06-30,7.35,0.05539401945818169,640.869449012508,6.06,0.013251794828522744,347.28588044142805,4.994,0.02365776803948485,305.7371885054093,,,,9.323577474872204,-0.004761774996732758,585.6738682579639,12.95,-0.005949533001127666,356.6445218544263,8.8804572,0.027889113729044162,111.76735861488335,13.14,0.0065185129771261115,2442.9694936091832,9.85,0.016428272713057274,3118.577066377082
1986-07-31,7.34,0.006820820060837792,645.2407042067105,6.0,0.00948589850535897,350.58019905563964,5.201,-0.011718866477235364,302.15429521618904,,,,9.512362844578767,-0.004179889563963792,583.2258161681461,14.2,-0.05465269482242683,337.152937641426,8.8722565,0.00793389932681159,112.65410958615749,13.17,0.009315123405079657,2465.7260559169977,9.67,0.019525714985620682,3179.469513335854
1986-08-31,6.95,0.03373185244376609,667.005868431723,5.82,0.018418315905248114,357.0372959119711,5.116,0.010881113108324986,305.4420702786026,,,,9.41175489198052,0.014322506320196953,591.5790716063165,14.1,0.017089084206254074,342.91457258316626,8.644452699999999,0.02236071931666577,115.17313651048246,13.15,0.012065775707755398,2495.4769534644606,9.76,0.0024211860603394197,3187.167600600817
1986-09-30,7.45,-0.028829255840134932,647.7765856038335,6.17,-0.020825306370559703,349.60188483888817,5.638,-0.034978128864761655,294.75827818367804,,,,10.76943920882452,-0.0736749747310815,547.9944984542844,13.85,0.025016977394835067,351.4932586938388,8.970065,-0.013890722281282766,113.5732984569511,12.86,0.026956687947459132,2562.746746979078,9.51,0.023959161724866902,3263.529464587868
1986-10-31,7.34,0.013862354002550165,656.7562939480371,6.42,-0.012989895468296032,345.06059289931176,5.697,0.0002750764237410006,294.83935923670884,,,,10.731960248293122,0.011228343282484846,554.1475687998422,13.6,0.024938184379048926,360.2588623871385,9.0006832,0.00549410101792242,114.19728163161223,12.95,0.005769306766328433,2577.5320191268106,9.45,0.01173291891293808,3301.8201911658616
1986-11-30,7.15,0.019449994922566945,669.5302005306903,6.12,0.02740781548275665,354.5179499598667,5.487,0.020645128793971387,300.9263557816827,,,,11.000317944170147,-0.007016430809473213,550.2594307251203,13.6,0.011333333333333332,364.3417961608594,8.7328907,0.025027787084135236,117.05538688187525,13.02,0.00695434315667467,2595.4570612851353,9.72,-0.009065120645682288,3271.888792782593
1986-12-31,7.23,0.00036436152464674066,669.7741515753527,6.13,0.0043650760020771465,356.06544775554215,5.364,0.013937340332382496,305.1204688171956,,,,10.337922274969142,0.049659292260490456,577.5849246145901,13.4,0.022134590406644256,372.40635258690116,8.620417499999999,0.014674835840586759,118.77315546862314,13.37,-0.008074415532719174,2574.500262474989,10.58,-0.04394382232544335,3128.1094930039453
1987-01-31,7.18,0.00952906098189282,676.1564703098097,6.04,0.011749980661571797,360.2492098809237,5.152,0.020771392308883058,311.4582457764679,9.1,,100.0,10.092741740160708,0.02375773175586774,591.3070323198166,13.8,-0.010101699882456452,368.644415378748,8.4589915,0.01787552422452241,120.89628788642547,13.26,0.017115050236576508,2618.562963801328,11.8,-0.061406029649745536,2936.0247087288944
1987-02-28,7.19,0.005282834695601638,679.7284931708178,6.17,-0.004503209032874601,358.626932384902,5.088,0.009229261128525918,314.3327752573715,9.02,0.012754916840863221,101.27549168408632,9.6048978602804,0.03916837252920417,614.4675664408574,14.0,0.000947850593279554,368.993835206574,8.469254,0.006369739778096886,121.66636578039989,13.14,0.017597230534310608,2664.6424199439475,11.4,0.03323499855299358,3033.6034856750525
1987-03-31,7.51,-0.016106682246414823,668.7803223174811,5.85,0.028963508287444494,369.0140265131329,4.485,0.05208556571289422,330.7049756787558,8.71,0.027826516767478986,104.09363585156822,9.180133271374654,0.035274704007008585,636.1427279689655,13.45,0.04131208093444911,384.23773839094076,8.4253655,0.009968870894205928,122.87924207303192,13.12,0.012042064637409517,2696.7302162004958,11.05,0.030272586380781723,3125.4385092401913
1987-04-30,8.21,-0.04061204564732838,641.6197853394887,5.82,0.007111385984208056,371.63822768925456,4.104,0.03452151646266804,342.1214129409362,8.71,0.007258333333333334,104.84918215845752,8.934368453334736,0.023596218991151826,651.15329108775,13.05,0.03310995989061445,396.9598344975252,9.0890943,-0.03575821451480579,118.4852997755677,13.1,0.012026258568098452,2729.1617910689265,11.4,-0.011268123733869357,3090.2206813954726
1987-05-31,8.49,-0.011678756584724026,634.1264640465658,5.82,0.00485,373.44067309354745,3.78,0.030008459039329048,352.3879493476516,8.92,-0.006375666411073044,104.18069874954136,8.83652311202247,0.013820724164668438,660.1527011127897,13.0,0.013618110029350238,402.36567720094513,9.1280762,0.005065944607492378,119.08553974103285,13.14,0.008734256488562945,2752.998990150908,11.93,-0.02084654144721982,3025.800267879706
1987-06-30,8.38,0.014385832935619517,643.2489014183949,6.26,-0.027295068947759814,363.2475841735612,4.602,-0.061712003373537425,330.6413830287154,9.26,-0.0143207022352448,102.68875798408943,9.218630384358663,-0.017127739283385592,648.845777760907,12.8,0.021892944858100755,411.17464678469776,9.1803599,0.004250058666972459,119.59166027132032,13.14,0.01095,2783.1443290930606,11.55,0.03203759714171099,3122.7396378933176
1987-07-31,8.66,-0.011400836609702487,635.9153257939531,6.43,-0.007107188630046205,360.6659150734311,5.253,-0.04598708363934382,315.43615009274555,9.5,-0.0074825982685739305,101.92037926139568,9.826777949656812,-0.030301639571328216,629.1846868658179,12.95,0.002421066832769613,412.1701280845039,9.8585426,-0.03465097308270992,115.44769287034221,13.14,0.01095,2813.6197594966297,11.98,-0.01494611721633265,3076.066805229276
1987-08-31,9.0,-0.014781487237284657,626.515551521736,6.6,-0.0068707747257654925,358.1878608196995,5.489,-0.01348674856594937,311.1819420478336,9.8,-0.010842040225223963,100.81535440967355,10.230801864690537,-0.016620079737051964,618.7275872007759,12.95,0.010791666666666666,416.61813071674925,10.176511000000001,-0.011353882087131477,114.13691337826097,12.89,0.024725315476758145,2883.1873956818245,12.14,0.0008993410421923483,3078.8332383557436
1987-09-30,9.63,-0.03217813934687048,606.3554468018882,6.91,-0.01649007654131946,352.28131557861116,6.307,-0.055058429066156316,294.0487531649242,10.58,-0.039035869861060876,96.8799393549408,10.139366174574501,0.014161850671171166,627.4899148968474,12.5,0.035974540808891974,431.60577666194325,10.732909,-0.024977449418160685,111.28606439761046,12.51,0.03199872050811782,2975.4457033287754,12.02,0.01696266624757293,3131.0584590099065
1987-10-31,8.88,0.05680193996057731,640.7976124858981,6.58,0.02951871972827427,362.6802089986839,5.285,0.08335454316374401,318.559052652855,10.08,0.03971412556822737,100.72744143152518,9.424600790919396,0.05386143422995407,661.2874216780234,13.65,-0.051087415752474184,409.55615290844503,9.4415344,0.0909311691720722,121.4054363458437,12.8,-0.005611436710912816,2958.7491780777887,11.62,0.033209360750420795,3235.0389089058226
1987-11-30,8.99,0.0002798860065644053,640.9769627706728,6.4,0.018549943540627604,369.4079063989125,5.272,0.005398196653737654,320.2786970649035,10.02,0.01211706752050871,101.94796264051905,9.371528194635333,0.011233397938732731,668.7159264376112,13.3,0.030351409864398302,421.9867595678554,9.9642572,-0.02459146007226666,118.41989940538878,13.01,-0.0008498482717316687,2956.234690202312,11.86,-0.004097446842510278,3221.7835089431287
1987-12-31,8.83,0.01791990154843503,652.4632068383381,6.55,-0.0054815460686480025,367.382979941864,4.824,0.0393756066335301,332.8898650536307,9.98,0.010832223827970031,103.05228579064669,9.661390829350376,-0.010421973915806796,661.7465864951938,12.85,0.035918200104462894,437.1437644394475,9.8569967,0.01499429938546707,120.19552283027006,13.03,0.009745721057531603,2985.0453288736217,11.67,0.020877492820369083,3289.046271019872
1988-01-31,8.26,0.04544080777083035,682.1116619978186,6.59,0.002579591755585077,368.3306780480643,4.138,0.05935743128973701,352.64935234560136,9.33,0.0497809443173213,108.18232589136356,9.393771203943555,0.02507650453519962,678.3408777725934,12.4,0.0359920205310993,452.87745178419414,9.1960232,0.05062091265726236,126.27992989325514,13.09,0.007578265551405646,3007.666795058809,11.53,0.017872242555856413,3347.8289037529744
1988-02-29,8.16,0.013593782152445647,691.3841393346596,6.31,0.025901009944554236,377.87081460307166,4.583,-0.03169709475858079,341.47139240775067,9.09,0.023243132669397506,110.69682204454053,9.244589630726047,0.017379445028094243,690.1300657681514,12.3,0.015974471820684483,460.11192987594416,9.195846000000001,0.007674721553538588,127.24909319298627,12.97,0.017499602109022384,3060.2997672488564,11.18,0.030270170338263628,3449.16825493294
1988-03-31,8.57,-0.020225027912093047,677.4008758186377,6.34,0.0030746063010458026,379.0326185906316,4.786,-0.012060563103079498,337.35305513172057,9.35,-0.008996544146640304,109.70093319812403,9.134108292543583,0.014810935338794514,700.3515375476014,11.9,0.03318083712416211,475.3788288800418,9.553767500000001,-0.014952255630595717,125.34643222280323,13.02,0.0080673879690534,3084.9883927728565,11.29,0.0028521778357306887,3459.005896181365
1988-04-30,8.87,-0.012377531293476341,669.0163252799642,6.6,-0.01342000840411181,373.94599766371283,4.788,0.003831897531669643,338.645757470981,9.3,0.010985319668755735,110.90603301726624,9.38843803881501,-0.008571800256894887,694.3482640581342,11.5,0.03322298945131506,491.1723346973019,9.780517099999999,-0.006228651489386717,124.56569298104937,13.01,0.011398405473256963,3120.152341353973,11.6,-0.008580635929354338,3429.325425908743
1988-05-31,9.2,-0.013776870621598178,659.7993739228451,6.75,-0.005217407683223712,371.9949689423914,5.086,-0.018995065263343873,332.2131592066652,9.04,0.024543193779238047,113.62802127689557,9.478869848637446,0.0020914711922015196,695.800473449767,12.3,-0.03554577456547653,473.7132336153528,9.7801145,0.008175626292670206,125.58409553574992,12.62,0.03256268560332479,3221.75288107996,11.47,0.017250497159698463,3488.4829944280636
1988-06-30,8.82,0.03244442691582346,681.2061864891909,6.75,0.005625,374.08744064269234,5.38,-0.018129264164424185,326.19037908450963,8.85,0.019906170234671835,115.88992001186237,9.703891044804504,-0.0062286817606759925,691.4665537317206,11.95,0.030273984921238693,488.05442090681527,9.664787599999999,0.015402802125321854,127.5184425093746,12.43,0.021179204080978335,3289.9870428468325,11.27,0.02132158545114371,3562.862982688623
1988-07-31,9.12,-0.011960272419872154,673.058774924678,6.94,-0.007834605210909054,371.15661323089745,5.358,0.006158813133930457,328.19932467537706,9.03,-0.004256058447318488,115.39668573883682,9.636843411245469,0.012308087772059283,699.977184766494,11.95,0.009958333333333333,492.9146295150123,9.926387,-0.008216456596125394,126.4706927612908,12.59,0.0014364947093411257,3294.7130918276825,11.5,-0.004009468934506287,3548.5777942416307
1988-08-31,9.25,-0.0007212806232160217,672.5733106720394,6.89,0.00933331528634826,374.6207349227946,5.615,-0.014875601200533491,323.31716240722176,9.34,-0.012241822505439707,113.98401999430598,9.936099828252289,-0.010574235949783255,692.575460855308,11.8,0.018592271405023328,502.0790320864619,10.365462,-0.018537857200977163,124.12619711877335,12.69,0.004937660271842382,3310.9812657683187,11.51,0.009000912802711925,3580.5182335412396
1988-09-30,8.87,0.032432650749514416,694.3866459605104,6.63,0.024419606759575573,383.7688259535925,5.165,0.0392601635575197,336.0106470842824,8.77,0.04503039783335025,119.11676576129412,9.669015552065947,0.02507353280337189,709.9407743918741,11.95,0.0012516255099452606,502.70744701102996,9.932409700000001,0.03556517981683731,128.5407676392827,12.79,0.005043000916192473,3327.6785473250843,11.56,0.006685491391518196,3604.4557573687534
1988-10-31,8.65,0.021842636387295424,709.5538809804194,6.35,0.02589716775189643,393.70735161726105,4.787,0.03387192586880172,347.3919748134493,8.61,0.017836383860165256,121.24137811959395,9.374286431837685,0.02682310355933347,728.9835893043806,11.9,0.01282468797385343,509.15451316107885,9.6689052,0.02484544978944183,131.73442082756083,12.36,0.034857000509026854,3443.6714401430727,11.12,0.035672332087424104,3733.0351001400395
1988-11-30,9.06,-0.019250480199570246,695.8946280440776,6.55,-0.009128172535975226,390.1135229830168,4.688,0.01176933775793283,351.4805482994241,8.66,0.003892112510172143,121.71326320412372,9.785144278138391,-0.0178947877521052,715.9385826990109,12.35,-0.01541766036668481,501.3045418029966,9.8130841,-0.0009529566321180953,131.60888363755495,12.12,0.02393695622052008,3526.1024526436327,11.1,0.010451231442154228,3772.049913953289
1988-12-31,9.14,0.0024050123904349454,697.5682632469608,6.63,-0.0002887251567924671,390.0008873949267,4.611,0.009979962675173034,354.9883110525017,8.63,0.009188963682939883,122.83168195943851,9.785383042309707,0.008139347971721667,721.7658559499793,12.95,-0.022690732668922,489.9295744592284,9.9097528,0.0021609382215668476,131.89328230450508,11.59,0.04086785367953061,3670.2066917373068,10.78,0.02845504160879877,3879.3837512052955
1989-01-31,9.01,0.01602410652146353,708.7461714032223,6.76,-0.0037592256987583087,388.53478603649313,4.831,-0.013330636499972097,350.2560909161217,8.69,0.0032573207512165015,123.23178414599182,9.423699191280981,0.031134620901845336,744.2377622548777,13.3,-0.008184743197731636,485.91962670730567,9.7198785,0.020171127744637942,134.55371855052883,10.97,0.04657701329466902,3841.1539576125383,10.37,0.034013117864885464,4011.3336879781627
1989-02-28,9.32,-0.012275391352668759,700.0460347795421,7.03,-0.013416262437558713,383.3221013809068,5.106,-0.017165374843722554,344.2438138242495,9.19,-0.024845624379679,120.17001352546283,9.598788085571766,-0.003188850101947088,741.8644995908382,13.65,-0.007635300446405147,482.20948436459037,10.139742,-0.017780476163631376,132.1612893651132,10.78,0.020544660121890886,3920.0691601475437,10.82,-0.01832073422783597,3937.8431095815495
1989-03-31,9.3,0.009044127867502161,706.3773406312262,7.01,0.007270682524561457,386.10911468469516,5.112,0.0037927761269499396,345.5494535431723,9.0,0.019951419338482445,122.56757585722045,9.646361119336369,0.00500486494092703,745.5774312157589,13.65,0.011375,487.6946172492375,9.9275866,0.021644342556046817,135.02183358478052,10.79,0.008383424289182585,3952.93276316,10.99,-0.0010978510135899507,3933.5199445323374
1989-04-30,9.02,0.025850542276354714,724.6375779382727,6.89,0.014361623353902486,391.6542683633055,5.166,0.00011047426615835854,345.58762786547396,8.72,0.0258364383628839,125.73428547614363,9.702261470720725,0.004528741856069128,748.9539589354462,13.4,0.02487657134163865,499.8267871881713,9.790845200000001,0.016826607418633684,137.2937929714557,10.56,0.022921950747015907,4043.5416932634193,11.14,0.0002886972071347131,3934.655540754533
1989-05-31,8.6,0.03516479817936618,750.1193121196567,7.07,-0.006935284795941499,388.9380344706599,5.054,0.012956634915152195,350.0652805909204,8.83,9.725518545102962e-05,125.74651378739516,10.018963919694231,-0.011535711151601425,740.3142423993185,13.9,-0.015315939929763758,492.1714701403104,9.4205872,0.031687066979037636,141.64423058514836,10.63,0.004572671967014134,4062.0314830116577,10.95,0.02060646216844433,4015.734871300951
1989-06-30,8.1,0.04080731015661544,780.7296635437906,6.86,0.02082175545415769,397.0364071112287,5.305,-0.014951264980339666,344.83136182038857,8.74,0.013247087671439872,127.41228887991471,9.973895148826582,0.011146625673616977,748.5662481401911,13.5,0.03310154968198448,508.46310851121524,9.0873671,0.029329138185284723,145.7985337971285,10.85,-0.00430693504200449,4044.536577275749,11.29,-0.010856147295620617,3972.139462037948
1989-07-31,7.82,0.02582236479385599,800.8899497212028,6.67,0.019341237956472433,404.7155827385498,4.914,0.03482330411005431,356.8395291997441,8.36,0.032560984617304306,131.56095845818913,9.536800050300148,0.035949606712602944,775.4769103591597,13.35,0.019366820779032085,518.3104224065015,8.934717899999999,0.017477087482745256,148.3466675271569,10.91,0.005460031804639217,4066.6198756227013,11.18,0.0159020535348827,4035.304636411295
1989-08-31,8.26,-0.02288033114473437,782.565322461092,6.89,-0.010061587259932335,400.64350158737153,5.083,-0.00894198496384742,353.6486754951336,8.41,0.0036479050112766427,132.0408803378371,9.648476389760171,0.0009193410667412,776.1898381291624,12.95,0.033113266223725846,535.4733734101799,9.1622717,-0.007174944107635103,147.28228847909563,10.89,0.010286531808331558,4108.451290325688,10.99,0.020621127603423856,4118.51716823742
1989-09-30,8.31,0.003550057857309977,785.3434746329533,7.06,-0.0062363827535811605,398.14493536373766,5.025,0.008722235704293875,356.73328259931355,8.83,-0.020365783231308617,129.35176439120556,9.976730024259524,-0.012332385116575577,766.6175661217811,13.65,-0.026645600892810296,521.2053636135654,9.4211824,-0.008816825652399636,145.983726219889,10.57,0.02844820145233734,4225.329340289988,11.01,0.00796937074742039,4151.3391584807205
1989-10-31,7.92,0.03337318753027556,811.5528896875571,7.2,-0.003919260678285315,396.58450157430815,5.429,-0.026478990947276692,347.28734523877404,8.95,-0.0004224564209066809,129.2971189077829,9.980046782341368,0.008108118694095006,772.8333923408748,13.55,0.01674406471460452,529.9324599515098,9.110301,0.02787000157810065,150.05229290001432,10.73,-0.000814105589436594,4221.889476056847,11.48,-0.01823227884213423,4075.6507853750295
1989-11-30,7.84,0.012044438925570116,821.3275889022688,7.5,-0.014726412142759942,390.7442347546939,5.421,0.0051316496990185855,349.06950223944153,9.14,-0.004761012239383534,128.68153374214592,10.219387141879798,-0.0063870069733891754,767.8973000747256,13.1,0.035882484448880946,548.9477532046772,9.2930134,-0.004081970143192549,149.43978392047887,11.15,-0.015883110713535945,4154.832738088324,12.65,-0.05551864538135193,3849.376174723565
1989-12-31,7.93,0.00043259323581473514,821.6828896616158,7.44,0.010406360009144989,394.8104599330491,5.616,-0.010156596102777589,345.5241442933979,9.34,-0.00513612204652019,128.02060967971286,9.933203751818192,0.026310511028977836,788.1010704574641,12.9,0.021932559177690415,560.9875822872989,9.2124341,0.0129103515926425,151.3691040728208,10.91,0.023618206114775577,4252.9624340689115,12.78,0.0033472147924421495,3862.260863597274
1990-01-31,8.43,-0.026550368822069396,799.8669058863162,7.93,-0.02701514053093444,384.1445998748749,6.376,-0.0505504403955226,328.0577466320806,9.66,-0.012344994552832698,126.44019595056649,10.56528751746915,-0.029996978781449204,764.4604193693141,12.8,0.016279805762383602,570.1203511620454,9.70346,-0.02315212508074167,147.86458764196703,10.64,0.0253903013528895,4360.94643191244,13.1,-0.006836803756241343,3835.8553440174483
1990-02-28,8.51,0.0017380527903242925,801.25711679398,8.82,-0.05142378935548119,364.39042888886377,6.436,0.0009649240664218435,328.374297446982,10.1,-0.01911691164530782,124.0230498961641,11.035267404144502,-0.019105946080740302,749.8546798159838,13.3,-0.016442490282473732,560.746152828223,10.252076,-0.02557149364773157,144.08346927835603,10.59,0.011891211982150462,4412.803370377113,13.62,-0.01692638438522167,3770.9281820185024
1990-03-31,8.65,-0.0021044049737335944,799.5709473321593,8.57,0.023828675556154345,373.07337019462443,6.816,-0.02170666579363228,321.24638631708154,9.59,0.04059168871373868,129.05735493087766,11.68886641922629,-0.02859482095268829,728.4127195061103,13.44,0.003534276570312578,562.7279848180567,10.677340000000001,-0.01708802128708157,141.62136788821093,10.91,-0.01027705259747877,4367.452758037416,13.78,0.002836046997861469,3781.6227115682673
1990-04-30,9.04,-0.017981457335523848,785.1934964559817,8.98,-0.019408368527089093,365.832624738244,6.723,0.012332904189202725,325.20828722065767,9.66,0.003588594941567871,129.52048950195476,12.368108946786474,-0.02847190534815173,707.6734215019426,13.78,-0.006892150129544349,558.8495790645946,11.087291,-0.01539559091118838,139.44102324392114,11.01,0.003146853737102386,4381.1964930706645,13.71,0.01521833135015087,3839.172699034169
1990-05-31,8.6,0.036498042537113695,813.8515220894973,8.88,0.013986925328076931,370.9494983430322,6.263,0.039204106823753235,337.95778765282614,9.67,0.0074212565748729125,130.4816942862519,11.472167663726694,0.0625688023050785,751.9516999084561,13.51,0.026002458235648437,573.3810419042314,10.363849,0.05341563508915116,146.88935405797628,10.74,0.025406134839971516,4492.505761934028,13.24,0.03696769114118846,3981.0980496097472
1990-06-30,8.43,0.018440625399503655,828.8594531391657,8.8,0.012620881232552488,375.63120790489455,6.704,-0.02635558443005281,329.0507126465482,9.62,0.011208729538034368,131.94422830717096,11.011092520260794,0.03696896028880218,779.7505724414691,13.4,0.017199024723654387,583.242636620017,10.291187,0.013087075008582099,148.8117060524952,10.72,0.010153303760705765,4538.119537581665,12.67,0.04271635056911471,4151.156029546895
1990-07-31,8.36,0.01168140944704715,838.5416997853399,8.6,0.02049911024414267,383.3313134468775,7.023,-0.01692715365276794,323.4808206740273,9.49,0.016253108497675466,134.08873216548946,11.159765107541135,0.00039190231090664544,780.0561584927398,13.16,0.024250825724099097,597.3867521555532,10.18944,0.014834602408953937,151.01926854558207,10.6,0.016189224058252946,4611.588171578709,12.83,0.0017211591684794768,4158.300829806938
1990-08-31,8.86,-0.025579375642886492,817.0923266543061,9.05,-0.021885981440338584,374.94173143527854,7.557,-0.030947213101426934,313.4699907824037,10.27,-0.03990892216225468,128.73739539066153,11.50792523836555,-0.010979471994460714,771.4915537464622,13.49,-0.0067927974115166295,593.3288249718366,10.442537999999999,-0.00691326274613272,149.97523266239767,10.58,0.01004365478276212,4657.9053711743145,13.42,-0.021147113423922823,4070.3647705082185
1990-09-30,8.82,0.009991518622718222,825.2563198525528,9.22,-0.0033539966205090605,373.6841781351568,8.105,-0.030564556935661357,303.8889194015137,10.61,-0.011991478028747006,127.1936437423563,11.575926300503848,0.00564004007021583,775.8427970234253,13.63,0.003748379894323712,595.5528468100838,10.977256,-0.0231288129201634,146.5064835634911,10.6,0.007607351545846769,4693.3396948001255,13.45,0.009566310736908844,4109.303144715467
1990-10-31,8.65,0.018516658420485922,840.5373092366098,9.04,0.019309390565113452,380.89979187877196,7.441,0.05274917025916031,319.9188077508964,10.27,0.02968508572884601,130.96939796101245,11.105187208720663,0.037521704450400865,804.9537411533106,13.35,0.026509732120859802,611.3407932428346,10.785736,0.02063920038381631,149.53026023528628,10.59,0.009438242396430182,4737.636572488436,13.28,0.020432682004526262,4193.267229131638
1990-11-30,8.26,0.03326476321162082,868.4975837988984,8.9,0.016630509236702003,387.2343493858698,6.959,0.040316559009360056,332.8168332417896,10.05,0.02217038167504748,133.8730395015593,10.554395486332169,0.04262160563007388,839.2621620591996,12.23,0.07448340390663905,656.8755364705457,10.304808999999999,0.03842801479658781,155.27641128814548,10.62,0.007012534905980333,4770.859414324861,12.61,0.048397121704608526,4396.2092935598685
1990-12-31,8.08,0.01900460068034302,885.0030335708392,9.08,-0.004189417943334566,385.6120628542771,6.619,0.030236337295538852,342.8799952693214,9.99,0.012096767189126313,135.49247049331038,10.604850743170102,0.0057451295738393995,844.0838319266502,12.07,0.019301290074193192,669.5540817426049,10.081434999999999,0.022389885915738636,158.75303242229236,10.61,0.009454406216531793,4815.965057229853,12.2,0.033729992469735175,4544.493399927022
1991-01-31,8.03,0.010107754865021544,893.9484272889736,8.7,0.032473397876888466,398.13419679747176,6.493,0.014623867512471415,347.8942268928168,9.52,0.03806489570872182,140.6499772519553,9.876311903376166,0.05424548734435353,889.8715707490009,11.52,0.04207840601881335,697.727850245724,9.8843758,0.02067925008494588,162.03592608149648,10.55,0.012477166652935997,4876.054655843626,11.42,0.05576263737998,4797.906337462866
1991-02-28,8.02,0.007366847667582014,900.5340091754861,8.38,0.028517877630892995,409.4881391024159,6.467,0.007292490364741302,350.4312421903818,9.0,0.04157756871584682,146.49786134603076,9.96304517725603,0.0028441272542750924,892.4024787361727,11.53,0.009018054103153096,704.0199977485165,9.5647553,0.02842293715050077,166.64146302463405,10.37,0.01978035255856772,4972.504736031059,11.19,0.023088871479475963,4908.684580259109
1991-03-31,8.05,0.004660458835576267,904.730910855285,8.53,-0.0029210746015943057,408.29199369962976,6.572,-0.0021736989657062953,349.6695101616814,9.1,0.0010577124399673773,146.65281395640505,9.917483198486583,0.011137377025860793,902.3415016006701,11.38,0.018391135303159948,716.9677247832399,9.5540397,0.008647692472347382,168.0825271500131,10.36,0.009252404405486477,5018.512360757015,11.5,-0.008737400158102676,4865.7954388314765
1991-04-30,8.02,0.008733876336079156,912.6327187481232,8.34,0.01975819664440765,416.35910719948424,6.65,-0.00012164349601797176,349.62697514001445,8.82,0.025840630359027787,150.44241511296377,10.036985799637936,0.0008665405697116432,903.1234171195416,10.98,0.03329201441402145,740.8370246111116,9.5679911,0.007080706129222352,169.27267013021938,9.97,0.03284521774683686,5183.346492011271,11.31,0.02074012577532175,4966.712648229828
1991-05-31,8.06,0.003987351787581209,916.2717064506287,8.26,0.012294908692982208,421.4782044059935,6.562,0.011882943358687448,353.7815726822725,8.88,0.0034478448031536654,150.96111721208487,10.23712731948124,-0.003922264124944718,899.5811285401762,10.75,0.022970792204149777,757.854637960594,9.6080896,0.005445524199726109,170.19444855176576,9.77,0.020830024859495005,5291.3157282952425,10.43,0.06301302277103836,5279.680225429938
1991-06-30,8.24,-0.00531990302508593,911.3972298276814,8.48,-0.007674762117131825,418.24345944962164,6.774,-0.009662528019681557,350.36314832338303,9.14,-0.00932120973108604,149.55397697731195,10.270507399230443,0.006484644707354407,905.4145925442001,11.17,-0.015846055678041274,745.8456311716086,10.093283999999999,-0.021959065690137294,166.45713747592086,9.8,0.006265795977477515,5324.470033101158,10.7,-0.0075664170260746205,5239.731963080016
1991-07-31,8.2,0.009546146935358914,920.0975617000954,8.7,-0.007353019823461591,415.1681070012554,6.516,0.02427531641667412,358.86832460967526,9.26,-6.122823989034715e-05,149.54482005053302,9.913201805690447,0.030794115911413962,933.2960344548919,10.99,0.02001782264184024,760.7758367345932,9.9064559,0.020040814949565035,169.79307416511008,9.74,0.011927949348179213,5387.980041961887,10.78,0.00411540626446703,5261.2955888250035
1991-08-31,7.82,0.032717256982138204,950.2006300748761,8.41,0.026498817601261514,426.1695709425427,6.322,0.019563024827329478,365.88887455375647,8.95,0.02781704019845351,153.70471432134917,9.699965643756572,0.021651057526851224,953.5028805864569,10.67,0.028451180738282743,782.4208075668474,9.6916216,0.021750563794374206,173.48616925658123,9.68,0.011887527313482532,5452.029801875208,10.48,0.02721391660590643,5404.476048218311
1991-09-30,7.47,0.030729758488814592,979.4000659529966,8.38,0.009002196861229545,430.00603331643316,6.083,0.022870864977395558,374.2570696004067,8.84,0.014624648754447677,155.95259178020163,9.378827762222368,0.028526394003226006,980.7028794412772,10.31,0.03092424678106235,806.6165817066827,9.132718500000001,0.0440319540505965,181.12510428970103,9.8,0.0005631839099102809,5455.1002973359755,9.96,0.04102945734232962,5626.218767696326
1991-10-31,7.47,0.006225,985.4968313635538,8.36,0.008313736032489853,433.580989969804,6.025,0.009352285348745312,377.75722850909494,8.76,0.012596586750917606,157.9170621315914,9.464567297101635,0.0023775804265866295,983.034579411734,9.82,0.03920498067024025,838.2399692007886,8.8449075,0.02635702894067901,185.89902390534817,9.9,0.0019401329742896444,5465.683917300894,10.04,0.0033480808107662335,5645.055802789622
1991-11-30,7.38,0.012476222276627555,997.7921088845576,8.26,0.013647802532894205,439.49841770292863,5.971,0.009018461502555778,381.16401753171635,8.92,-0.0030878093290715733,157.4294443539219,9.609408363387598,-0.0012431020110249356,981.8125671491601,9.78,0.010686611833148021,847.1979143746674,8.8349591,0.008019018943104361,187.38975169954978,9.78,0.015759835499444284,5551.822196729515,9.96,0.013335301129589172,5720.334321813157
1991-12-31,6.71,0.05410769871035627,1051.7803436876543,8.05,0.021043454817632125,448.746982798281,5.575,0.03483215790138698,394.44078277670815,8.57,0.030503479111949325,162.23159012137756,9.44361647614335,0.018532738314466467,1000.0082425299901,9.39,0.03296489731976083,875.125706631544,8.400405699999999,0.03621811584980005,194.17665543566935,9.74,0.010657521787674882,5610.990862752457,9.91,0.01141195303670564,5785.614508447944
1992-01-31,7.31,-0.0362134574507078,1013.6917409640306,7.8,0.023752275698368148,459.40574485251665,5.566,0.0053246691231888365,396.54104943368566,8.44,0.01575917402310918,164.78822598214606,9.162286125237085,0.025945404762027086,1025.953861147794,10.11,-0.03661126691487546,843.0862458019875,8.6829868,-0.011534823751180649,191.93686193862516,9.42,0.02845156273875949,5770.632321310666,9.43,0.0387476714960416,6009.793598824017
1992-02-29,7.27,0.008883657159571682,1022.6970308562443,7.76,0.009231854742991312,463.64691195709077,5.56,0.00509101634984147,398.5598463997358,8.46,0.005708717291089791,165.72895537717832,9.044366619537088,0.015250135793106228,1041.5997968477595,10.04,0.012757929290579601,853.8422805117893,8.67656,0.0076574887546707856,193.40661630052696,9.3,0.015514767205013411,5860.1623384015265,9.39,0.010403451007154929,6072.316192092496
1992-03-31,7.54,-0.012562314208608816,1009.8495894144168,7.87,-0.0010095362787293045,463.1788435789492,5.508,0.008566055437815589,401.9739321392832,8.72,-0.009976692765535033,164.07552850702714,9.553510919896063,-0.024633932699700604,1015.9410975521901,9.89,0.017710411148233386,868.9641783553983,9.084393,-0.019060927811914753,189.72010674887593,9.42,0.000124413972965331,5860.891424480268,9.48,0.0021204187194243957,6085.192045016473
1992-04-30,7.61,0.0014707319166709348,1011.3348074366055,7.97,-0.0002083405696343679,463.0823446348354,5.794,-0.0167557777488677,395.23854627151894,8.75,0.005304597869579176,164.94588320599559,8.93767423301057,0.04791327212132221,1064.618159818443,9.43,0.037460615739262036,901.5161115319535,9.2127735,-0.000660400815169466,189.59481543572494,9.37,0.011034114505632162,5925.56117156306,9.64,-0.0021727104252567027,6071.970684820576
1992-05-31,7.33,0.025833321363503338,1037.4609445232122,7.93,0.00935310671000834,467.41360321972587,5.664,0.014589367946070807,401.0048268495443,8.49,0.02448920254295814,168.98527634845433,8.686370467784052,0.023929252671436325,1090.0936767633382,9.12,0.02781228150053442,926.5893314031473,8.8532553,0.031085915763304398,195.48854389751912,9.35,0.00908306749845958,5979.3834436506195,9.43,0.02137241877951834,6201.74338511352
1992-06-30,7.14,0.019447635001915216,1057.637106301042,8.04,-0.0008121325308456601,467.03400142719136,5.534,0.014539958228705737,406.8354202814461,8.79,-0.012511770315275002,166.8709713841192,8.894569989933991,-0.006293296239756286,1083.2333943263814,8.9,0.021895562133864958,946.8775256814613,8.6323907,0.02189655987490026,199.76907050382823,9.5,-0.0017078739178588457,5969.171410622332,9.74,-0.011574960521148115,6129.958450268539
1992-07-31,6.72,0.03599944807458853,1095.7114583910843,8.1,0.002663122781206244,468.27777031599,5.299,0.022558072875911814,416.0128433406572,9.22,-0.0202346189028563,163.4944008722121,9.005773000010583,0.00021904396823748708,1083.470670067602,8.3,0.0474334514602404,991.7911948346654,7.7139464,0.07004795676462248,213.76248571738918,9.77,-0.008987616893651478,5915.522784811121,10.17,-0.018354873582409385,6017.443837848438
1992-08-31,6.62,0.012787077561826794,1109.7224057949136,8.0,0.013507749729078054,474.60314924110907,5.143,0.016416244880965762,422.8422120505642,9.16,0.011538764532271387,165.38092426622134,9.314994818420399,-0.012233474194890452,1070.2160595844093,8.97,-0.03648866410412056,955.6020590649189,7.6757057,0.00904974807376235,215.69698236075277,10.04,-0.008571060596997462,5864.820480559586,10.95,-0.03800942363887651,5788.72426579251
1992-09-30,6.37,0.023689539244415466,1136.0112182773992,7.54,0.03839073284923507,492.8235119530301,5.032,0.012869063203249109,428.2837952024446,8.71,0.037115373802254444,171.51909909012448,8.967903317632935,0.03025052840552852,1102.5906608949203,8.94,0.0094210358333121,964.6048203057562,8.162133200000001,-0.026241995635349312,210.03666309108388,10.5,-0.019563602012118785,5750.083466805395,11.07,0.0020088322820303647,5800.352841969407
1992-10-31,6.8,-0.025345627117916575,1107.2183015371702,7.25,0.026543360798119503,505.9047042405958,4.97,0.009001527623716372,432.13900361574946,8.19,0.042106834462382024,178.74122540264926,8.281596504370677,0.053283068358616945,1161.340074450957,8.86,0.012657366769528486,976.8141773040212,7.9272833,0.02272321818518818,214.80937201339145,9.91,0.04547104583312552,6011.5457756688,10.87,0.02118353238439626,5923.224804238191
1992-11-30,6.95,-0.004954558632217763,1101.7325235435399,7.18,0.010947352041316527,511.4430211372757,4.907,0.009041885699584152,436.0463550927753,8.32,-0.0018377315711891311,178.41274700965377,8.65726234453342,-0.017766971247651184,1140.7065787394417,9.14,-0.010624123300144027,966.4363830430145,8.496429599999999,-0.031029222716772414,208.1440041675379,9.72,0.020179158972887322,6132.8537135488095,9.98,0.06428781350566565,6304.015975805189
1992-12-31,6.7,0.023694423216920085,1127.837440228226,7.05,0.015147129703653499,519.1899149144704,4.97,-0.0007965791445289413,435.6990096602605,8.07,0.02377582001429289,182.65465637081084,8.324830488727972,0.029361773604964305,1174.1997470540825,8.94,0.020590238888747177,986.335539040647,8.2069019,0.0264690919109573,213.65338694456315,9.18,0.042769133573396186,6395.150553209677,9.82,0.01831285083109893,6419.460480006974
1993-01-31,6.39,0.028097184785753463,1159.5264971946094,6.94,0.013667403016842142,526.2858927238865,4.738,0.022331029896803314,445.4286172709914,7.91,0.01758031990688038,185.86578366229102,8.37518132977716,0.00359023174912377,1178.4153962657692,8.6,0.02983182074837569,1015.75972403906,8.4054552,-0.006342547932143021,212.29828009700256,8.77,0.03444174814913487,6615.410717939125,10.2,-0.015180695107655504,6322.008607704344
1993-02-28,6.03,0.031903777441020215,1196.519772498072,6.62,0.028781981531178807,541.4334435683853,4.248,0.043268212666043415,464.7015174106143,7.6,0.027914070364360003,191.05405422576715,8.090552239093284,0.02613747115537634,1209.2161946947172,7.98,0.04910158949526035,1065.635141034645,7.643691,0.05929877738521905,224.88730854773956,7.97,0.061441724557074945,7021.872961102661,9.62,0.04504459597453119,6606.780931185895
1993-03-31,6.03,0.005025,1202.5322843548747,6.67,0.0019312531693494424,542.4790886222685,4.565,-0.02151751381955501,454.7022960877632,7.22,0.03291658315701665,197.34290088917479,7.9802341889881045,0.01420362888814546,1226.3914527696963,7.82,0.01754849416791777,1084.3354330922195,7.8584661,-0.008234978063975659,223.0353664949824,7.63,0.02999644067219599,7232.504156788074,9.72,0.0017425479090065147,6618.293563482796
1993-04-30,6.05,0.0035497550347211564,1206.8009793856781,6.75,-0.0001576174310526906,542.39358446192,4.688,-0.0058621065073304855,452.03678279896906,7.19,0.008118162579861529,198.94496264257458,8.329336723463332,-0.016603256549823434,1206.0293608488505,7.55,0.02512904699158652,1111.5837491450363,7.964646999999999,-0.000637886251016781,222.89309530120477,7.26,0.03219578582563396,7465.36031160303,9.34,0.0323302985550551,6832.264970315195
1993-05-31,6.16,-0.0030314071095827733,1203.142674316917,6.81,0.0013496325895041659,543.1256165198478,4.85,-0.008727707112912434,448.0915381544364,7.23,0.0031946807623233703,199.58052828748995,8.364576122088113,0.004597452412241418,1211.574023443119,7.71,-0.00465994352347457,1106.4038316524084,7.5777521,0.0332748703510431,230.30983414949503,7.08,0.01872126613279501,7605.121308773757,8.99,0.03043824149426441,7040.2271014344515
1993-06-30,5.8,0.03199471347540141,1241.636879451715,6.66,0.01643610916372519,552.0524884425836,4.674,0.0178822265791842,456.1044125679292,6.72,0.042513615519143066,208.06541813221176,7.86286629120396,0.041080159972672704,1261.345678144897,7.37,0.030051256532231604,1139.6526570256387,7.5139267,0.010721636724372686,232.77913252529646,6.53,0.0455905603832578,7951.8430510234075,8.4,0.046670130359229615,7368.795418016979
1993-07-31,5.83,0.00259797748720878,1244.8626241118186,6.51,0.016384530293188038,561.0976091629009,4.398,0.02588505420301403,467.91070000948395,6.63,0.012065440801391554,210.57581911750276,7.577794849912908,0.02617948371423532,1294.3670567839124,6.88,0.04094716294908936,1186.3182000782303,7.210532799999999,0.02749479345404127,239.1793466944904,6.53,0.005441666666666667,7995.114330292726,8.09,0.02786635448122065,7574.136883235034
1993-08-31,5.45,0.033674927514237986,1286.7832827439684,6.19,0.028878108018591794,577.3010465292807,4.292,0.012153128295367936,473.5972787774746,6.12,0.04302328632068608,219.6354828756081,6.9943255052447055,0.047546978260607616,1355.910299094064,6.64,0.022966703332753156,1213.5640182376728,6.7509207,0.03884641330917089,248.47060645120203,6.12,0.03558734782643401,8279.639244876958,7.61,0.03974236209520867,7875.1509738072355
1993-09-30,5.4,0.008342143561249182,1297.517813620834,6.15,0.008095339889250222,581.9744947193551,4.014,0.02613540798508162,485.9749368789483,6.06,0.009523706270103356,221.7272267010077,7.092956342611416,-0.0011105710583420372,1354.4044643581822,6.84,-0.008698623050572176,1203.0076822952856,7.0911588,-0.018313624453243995,243.92020907698492,6.12,0.0051,8321.865405025832,7.99,-0.019349078857280787,7722.7740566020475
1993-10-31,5.43,0.002222891130548684,1300.4020544604605,5.92,0.022191887604044513,594.8896072945877,3.91,0.011826417937259207,491.72227958951186,5.99,0.010227591219677867,223.99496213797846,7.047791172480572,0.009094838922065154,1366.7225547968458,6.49,0.03100354270173807,1240.3051823438464,6.8394722,0.02381968875125847,249.7303125373406,5.76,0.03201097706450285,8588.256447639995,7.48,0.04192457907669457,8046.548108229506
1993-11-30,5.83,-0.02527974461499427,1267.5282226268862,5.89,0.007162522909201928,599.1505177352813,3.604,0.028583628903858765,505.777486753058,6.03,0.002038469173219976,224.45156896325332,6.788065677655102,0.024398517832391144,1400.0685594219879,6.81,-0.01739362618931152,1218.7317776414916,6.972745399999999,-0.003727624034453209,248.79941182219488,5.78,0.0033063243402565454,8616.652008973191,7.64,-0.004752278398361766,8008.308671473388
1993-12-31,5.83,0.004858333333333333,1273.6862972418153,5.73,0.016885338976151007,609.2673773249778,3.413,0.01895775263456598,515.3658912350548,5.64,0.034340621628988266,232.15937536705317,6.249294615402706,0.04503694681137012,1463.1233726649475,6.68,0.01499285838894239,1237.0040505977747,6.7944187000000005,0.01852642709914967,253.4087759876301,5.59,0.01913172299954311,8781.503408392324,7.01,0.050855666190349015,8415.576544019115
1994-01-31,5.7,0.014603141967089707,1292.2861190619744,5.79,0.00029603886164500295,609.4477441457985,3.993,-0.04426819254768275,492.5515747293533,5.7,0.00020239601518941622,232.2063634995163,6.369416285872903,-0.0035243098488467236,1457.9668725525864,6.36,0.02883854028434735,1272.6774417428396,6.5609468,0.022486795565023185,259.1071273276467,5.51,0.010708113770597008,8875.536745966276,6.85,0.017222100386289053,8560.510448068713
1994-02-28,6.15,-0.028291323754063433,1255.72563408471,6.36,-0.036628024881493824,587.1248770092559,4.165,-0.010529317494036333,487.36534281684044,6.14,-0.027571859046953837,225.8040023753019,7.063555732165526,-0.04359280103315052,1394.4100127644767,7.05,-0.04333861150400717,1217.521368525233,7.1466454,-0.03564036055151682,249.8724558882216,5.65,-0.0059270237427239076,8822.931228943515,7.53,-0.04120894718668465,8207.740825123188
1994-03-31,6.77,-0.039133624630147294,1206.5845384819854,6.53,-0.006967991391188726,583.0337959207027,4.137,0.005729611868101857,490.1577570691453,6.47,-0.018762647602493125,221.56732145150158,7.604683565837496,-0.03132579881330633,1350.7290052413568,7.95,-0.05507869789581029,1150.461876886538,8.0193685,-0.052970703510445,236.63653611193988,6.49,-0.056020169150838274,8328.669129091886,8.2,-0.03860629450059541,7890.870365643923
1994-04-30,7.06,-0.014791476461991294,1188.7373716816264,6.82,-0.015213289935331675,574.163933741264,4.15,0.0023994321970989903,491.3338573731149,6.79,-0.01743087993577765,217.7052080735886,7.941915359258715,-0.016510366803969355,1328.4279739120614,8.44,-0.025856373881975363,1120.7151044608006,8.29735,-0.011859216235548439,233.8302122609572,6.97,-0.028549033651109293,8090.893673856487,8.77,-0.03041373116668358,7650.879555672079
1994-05-31,7.17,-0.0018290522558208804,1186.5631089103736,7.1,-0.014009854978232079,566.1199802958176,3.942,0.020395149778309467,501.3546849853941,7.31,-0.030572774235057873,211.04935589735848,8.636400056149148,-0.03902673219885667,1276.5837711287256,8.79,-0.015817898701154246,1102.9877464655863,8.7437609,-0.022289722344035187,228.61820175401368,7.95,-0.06056347104210466,7600.881069135132,9.6,-0.04503269221087383,7306.339851499031
1994-06-30,7.34,-0.0058539410342441445,1179.6170384374027,7.13,0.003809517344759857,568.2766241799696,4.359,-0.030000725925705556,486.3136804895788,7.5,-0.007035061023748119,209.56461079959783,8.731165801985158,0.0009940485361570753,1277.852757357698,9.63,-0.04557918579582734,1052.7144630389105,9.2781026,-0.02687555410841363,222.47396090260548,8.0,0.003246125135461083,7625.5544802253025,10.21,-0.02948968872048275,7090.878163592267
1994-07-31,7.12,0.02157602077876842,1205.0684801697175,7.1,0.008051651128620095,572.8521893024167,4.473,-0.0054180781771782476,483.678794950055,7.29,0.020894863120283123,213.94343465711086,8.550946956322663,0.01916488116208607,1302.3426535951023,9.57,0.011813516038963464,1065.1507222324694,9.2064152,0.012329025743453188,225.2168480938217,7.76,0.023057795124614103,7801.382953141921,10.96,-0.03616978822029982,6834.402602119186
1994-08-31,7.19,0.0010298428692119147,1206.3095113509323,7.38,-0.013531580416174097,565.1005938362897,4.823,-0.023603687372770625,472.2621918852155,7.84,-0.03135551761329408,207.2351275234712,8.494811949195464,0.01083802637979929,1316.4574776303039,9.36,0.021353992993049454,1087.8959432915633,8.7885961,0.034952757686188045,233.0887980120921,8.28,-0.028244873540183745,7581.033878191882,11.46,-0.0200471521141835,6697.392293544931
1994-09-30,7.62,-0.023558350549915792,1177.8908490108295,7.65,-0.01238000681803252,558.1046446317222,4.6,0.021617213910320326,482.4711847089549,8.14,-0.01361566990332647,204.41348243473783,8.742038165728449,-0.009095723753416139,1304.4833440806597,10.33,-0.051515914944349844,1031.851988408652,8.8884129,0.0008345087136991287,233.28331264509885,9.0,-0.039684325914249544,7280.185659002748,11.34,0.01658774714721961,6808.486943455991
1994-10-31,7.81,-0.0065976771348225886,1170.1195054889938,7.64,0.0070616007332309026,562.0457567994731,4.707,-0.0045680018986476115,480.2672554211617,8.31,-0.004549803285146344,203.48344130082805,8.653832451559506,0.01307796946639363,1321.5433374239656,10.51,-0.002316349361940912,1029.4618587136843,9.1414088,-0.00886276531487223,231.21577739324937,8.69,0.02782745389649193,7482.774689786549,10.97,0.031482115460796975,7022.832515523201
1994-11-30,7.91,-0.00027624160846673705,1169.7962697946991,7.49,0.01673448079245147,571.4513007211127,4.63,0.009990343836488284,485.06529043622567,7.88,0.03613727312814523,210.83677799617098,8.361341401290494,0.026666932339677336,1356.784844187002,10.47,0.011190091441530735,1040.9816310482586,9.1234945,0.008770767745839028,233.2437172759392,8.21,0.03938135511054893,7777.45649705726,11.02,0.006170484885701441,7066.16679741505
1994-12-31,7.84,0.01135555072654049,1183.079950676071,7.7,-0.008138684429893107,566.8004389174916,4.555,0.009789573845780978,489.81387291697627,8.28,-0.020134518107833677,206.59168107180977,8.589144347659055,-0.008035299052049107,1345.8826722146714,10.04,0.03534156564213199,1077.7715516942044,9.016395300000001,0.014527391603116922,236.63214009577345,8.0,0.021032941097730608,7941.039281450027,10.8,0.022375868613010455,7224.278417271626
1995-01-31,7.6,0.02304100071219267,1210.339296662179,7.5,0.020234274761839963,578.2692347336797,4.633,-0.0023499422774280175,488.6628385889379,8.11,0.018332801300010453,210.37908531113436,8.468611096256778,0.015137641757452011,1366.2561619542194,10.4,-0.013583179574408544,1063.1319871673531,9.0694801,0.004089300214710118,237.59979995707442,8.05,0.003295209170405113,7967.206666912808,10.99,-0.002304460936757409,7207.630349862764
1995-02-28,7.22,0.03291658315701665,1250.1795307689647,7.39,0.013886978934788541,586.2996474150626,4.425,0.020411816657062952,498.6373348573353,8.0,0.014191858035319216,213.3647554234703,8.535839570300855,0.002619247866266933,1369.834725491192,9.85,0.042984999939857785,1108.8307155718026,8.4541943,0.048319075941879105,249.08040273497556,7.92,0.015524395843425038,8090.892736976337,10.71,0.02601157492400592,7395.112166732759
1995-03-31,7.2,0.007417037239755172,1259.4521589050576,7.27,0.014534304812048161,594.8211052017895,3.807,0.05433669446466853,525.731639370155,7.91,0.012772784114286687,216.09001738209187,8.41251771494606,0.015297818266442954,1390.790208176819,9.83,0.009457328140607584,1119.31729150135,8.5290288,0.002103677156387109,249.60438748831285,7.96,0.0038921389898031785,8122.383616060239,11.54,-0.039356830552825864,7104.063990267517
1995-04-30,7.07,0.015155576056328219,1278.53988188865,7.11,0.01730654020839989,605.1154005757691,3.598,0.020474856144466293,536.4959190568534,7.84,0.01135555072654049,218.54383853597326,8.353928669942857,0.010908815363971588,1405.9620817678397,9.69,0.016986610787381576,1138.3306986796695,8.2969913,0.022585216480498906,255.24175661421873,7.65,0.027908526346629943,8349.067373206492,11.23,0.027879635384749305,7302.1227040661015
1995-05-31,6.3,0.06204296167274585,1357.8642827777444,6.72,0.033828058926403545,625.5852800037204,3.032,0.05116212181013425,563.9441886182801,7.44,0.03424240006096585,226.02730408598117,7.876562030452549,0.039396673875900685,1461.3523113851295,8.94,0.056725895832801576,1202.9035273162526,7.8997815,0.03387529357712676,263.8881460526669,7.34,0.027945421885974688,8582.385583305173,10.54,0.05118399177655683,7675.87449250243
1995-06-30,6.21,0.011840159714021215,1373.9416127557977,7.13,-0.0231977073993928,611.0731357248269,2.971,0.007732975958807942,568.3051554709747,7.63,-0.006851197238383993,224.4787464444279,8.402279218877975,-0.028342546032982197,1419.9338662292914,9.21,-0.009862292268168885,1191.0401411594485,7.9696879,0.0018527481583564794,264.37706432927814,7.74,-0.021226048145257186,8400.215453712775,11.01,-0.019157287435618543,7528.825558529828
1995-07-31,6.45,-0.012207568415473144,1357.1691265192158,6.95,0.018687137025328024,622.4923431446136,3.105,-0.008886312013229546,563.2550185407326,7.43,0.02021903512564536,229.01749010374863,8.174996389104482,0.022243578481928542,1451.518276621911,9.42,-0.005669775547310838,1184.287210891237,8.441533399999999,-0.024634443184466177,257.8642825587826,7.54,0.02024307225329063,8570.261622085492,10.41,0.04574280446335706,7873.215153892383
1995-08-31,6.28,0.017783354856506377,1381.3041466964016,6.84,0.013619242677814586,630.9702174309815,3.308,-0.014455950606430311,555.1126318138838,7.38,0.009664567931459605,231.23084519434866,8.07860125738157,0.013304179848123432,1470.829536826927,8.98,0.03634272069573816,1227.327430220192,7.9937698,0.03730164663736886,267.4830449071889,7.3,0.023012848900613087,8767.48775783327,10.24,0.019109815292955204,8023.670841244962
1995-09-30,6.17,0.013302715335509328,1399.6792425516626,6.81,0.007837683705248028,635.9155624226371,2.875,0.03988717405502632,577.254505979188,7.48,-0.0007649501457572703,231.05396512561367,8.137894718257016,0.0027494529845418147,1474.8735134867081,8.57,0.03450836124542649,1269.6804885486513,7.8050444,0.01952510815832674,272.70568028952033,7.12,0.018731895788689393,8931.719424841614,9.35,0.06525900368144871,8547.2876062125
1995-10-31,6.03,0.015477857893730084,1421.3432789646808,6.6,0.020781545249474967,649.1308704579685,2.962,-0.0050328308247896,574.3492817077473,7.28,0.020187051848821212,235.71826349948014,7.95234648093395,0.019346782244703584,1503.4075701906163,8.78,-0.0065750023780490234,1261.3323363170816,7.6499076,0.01715123229963829,277.3829187615968,6.92,0.02011409502703619,9111.372878107704,9.21,0.01676841080571714,8690.612036068085
1995-11-30,5.76,0.025208232798377084,1457.1728312272312,6.34,0.024425634279825408,664.9863036995196,2.93,0.0052050010760074485,577.3387703370403,6.9,0.03303438290195371,243.50507087290558,7.605374038438723,0.0304867079268929,1549.2415176780974,8.17,0.04823247098525221,1322.1695116312555,7.2390441,0.035092795072858694,287.11706068640893,6.52,0.034645633728368236,9427.042165605213,8.76,0.03709330047391192,9012.975519624155
1995-12-31,5.58,0.01836791412393088,1483.938056654938,6.14,0.0199750874455851,678.2694632660339,3.165,-0.017426249145952484,567.2779210835291,6.64,0.024419484166038195,249.45133909543648,7.467235964607435,0.015895414888842364,1573.8673543646105,8.18,0.006137876242367862,1330.2848244650802,7.2246452,0.007039615846179142,289.13825449652535,6.4,0.014144406804862994,9560.38208496213,8.44,0.028512325800473498,9269.956414071372
1996-01-31,5.6,0.0031438494718246243,1488.603334530573,5.99,0.01621150499454794,689.2652320574206,3.218,-0.0018317933011392099,566.2387851878041,6.37,0.02516003571730202,255.7275436968065,7.545600737917243,0.0008195858137628118,1575.157273720992,8.01,0.01829979079191954,1354.6287584464567,7.14193,0.011827209351573893,292.5579531640044,6.48,-0.0004529615755984543,9556.051599229602,8.33,0.014360136646901608,9403.074254888257
1996-02-29,6.13,-0.034284305223243924,1437.5676034531882,6.51,-0.032568038349718505,666.8172155466468,3.448,-0.016497891985329832,556.8970388718714,6.68,-0.0169111751326059,251.40289041911868,8.052828003267978,-0.027909654148452066,1531.1951789820205,8.59,-0.03152233368464995,1311.9276987038843,7.745004799999999,-0.03526352488564785,282.24132850211134,6.9,-0.02440642320742266,9322.822559706836,8.83,-0.025646567338859463,9161.91767781797
1996-03-31,6.34,-0.0101777558926796,1422.9363913060174,6.53,0.003981706895154189,669.4722862515964,3.204,0.02346298155300524,569.9635038218453,6.6,0.011321541047418952,254.2491585624385,8.191766906189587,-0.0025997674047531765,1527.2144276653878,8.88,-0.011702083451423251,1296.5754112914178,7.8247151,0.001025786677655978,282.53084789677274,6.79,0.013595250394590275,9449.568666790385,8.57,0.024496155911733798,9386.34944170427
1996-04-30,6.66,-0.017673699549280636,1397.7878410483372,6.39,0.015609212483888791,679.9222214197723,3.432,-0.01635752947880493,560.6403090062365,6.39,0.02075131872583296,259.52516388754253,8.064869952219496,0.015377439540234291,1550.6990751917856,8.72,0.017877964778790927,1319.7555408275323,7.996006599999999,-0.005056888045806934,281.10212102947185,6.69,0.0128226752518419,9570.737417074619,8.21,0.031246432999578366,9679.63938064511
1996-05-31,6.85,-0.007964265042051666,1386.655488209671,6.52,-0.0040606642950530535,677.1612855318399,3.244,0.018693289164916888,571.1205204199985,6.49,-0.001904583629068115,259.0308765090711,8.166554684999607,-0.00010081728296143858,1550.542737924334,8.85,-0.0011989585816175362,1318.1732085962199,7.8497685,0.01661135520932685,285.77160821198754,6.95,-0.012835123851399729,9447.895816977241,8.45,-0.009060649508980856,9591.935560843756
1996-06-30,6.73,0.014290010528634229,1406.4708097357757,6.64,-0.003183351666376579,675.0056430251364,3.263,0.001104639178157561,571.7514025223041,6.47,0.006855564501161301,260.80667939077136,7.9349433269390754,0.022502052415276252,1585.4331318852335,8.88,0.005423922401576721,1325.322877791483,7.8240771,0.008291143643885251,288.14098166501725,7.02,0.0008506642736690051,9455.932804410091,8.14,0.02786230334454803,9859.188979101342
1996-07-31,6.8,0.000618153724990419,1407.3402249059043,6.46,0.018564334764893997,687.5366737504476,3.306,-0.0008913733293486829,571.2417585710781,6.34,0.014854483806579371,264.68082798642934,7.94301337727776,0.00606572972663374,1595.0499407628997,8.3,0.04608289196712116,1386.3975887903023,7.7207101,0.013591931569365931,292.05737417013813,7.0,0.007262983833950498,9524.611091503442,8.33,-0.005872054208284657,9801.295286966337
1996-08-31,6.96,-0.0056575462997156415,1399.378132424047,6.46,0.005383333333333334,691.2379128441374,3.009,0.028056664265032553,587.2688968054737,6.42,-0.0005187665498546943,264.54352042648213,7.967362629888252,0.004971352057395626,1602.97949556756,8.07,0.022411754413149673,1417.4691910692534,7.623248,0.01313065076129065,295.89227755262584,7.09,-0.0004994589517506543,9519.853939231847,8.09,0.023096263684385707,10027.668587362637
1996-09-30,6.72,0.02297111318547926,1431.5234058932444,6.19,0.025171893224020175,708.6376797786446,2.904,0.011498639538322645,594.0216901619083,6.05,0.032642031857660826,273.1787584479811,7.715167323766513,0.023897676656274763,1641.286981239272,7.79,0.02582264907501477,1454.07200056488,7.3791630999999995,0.023306994160252628,302.78863713760876,6.84,0.023698278813214887,9745.458092144847,7.36,0.05749124823860854,10604.1717713732
1996-10-31,6.37,0.031042021608848454,1475.9607863925548,6.13,0.009567877320870458,715.417838163713,2.639,0.025409444381984912,609.11545125977,5.96,0.011707747720971773,276.37706643461837,7.643045650967748,0.011380517129149798,1659.9656758431163,7.38,0.03496945703796916,1504.9201089187472,6.684554299999999,0.05592571138923606,319.72230707010675,6.8,0.008551531204767444,9828.796681124577,7.48,-0.0021646068415752577,10581.217908607647
1996-11-30,6.06,0.028164149062200522,1517.5299659904774,5.86,0.025198759685934498,733.4454803426311,2.594,0.00611170767423133,612.8381868377272,5.63,0.029783670443513592,284.60858989945206,7.320167466945496,0.028855603474055108,1707.864987165787,7.17,0.02087364521565761,1536.3332773502261,6.2077712,0.04048598206679433,332.6665786605012,6.26,0.04511743310255363,10272.246757863817,6.98,0.04158969292105665,11021.287512157423
1996-12-31,6.43,-0.021772508586963224,1484.4895317749758,5.92,0.00043110178445225286,733.7616699980052,2.778,-0.013691979005587336,604.4472192497228,5.82,-0.009472111233317575,281.91274567796677,7.472847726103394,-0.0044609830553187305,1700.2462303972682,7.37,-0.007922797960136237,1524.1612191943464,6.6074457,-0.0235681155639035,324.8262542903821,6.22,0.008144288571660737,10355.906899739166,6.71,0.02514290346039236,11298.394680084824
1997-01-31,6.53,-0.0018581321908953882,1481.7311539889376,5.88,0.007906954076337335,739.563489825656,2.582,0.019366383575509728,616.1531759488632,5.58,0.022940552165241247,288.37997972623856,7.3973245222866995,0.011469017951863078,1719.7463849362819,7.41,0.0033670564937759544,1529.2931561249961,6.7677886,-0.005940996633890326,322.89646260704376,5.87,0.03121449268358513,10679.161279892964,6.87,-0.005778514507413618,11233.106742515469
1997-02-28,6.56,0.003279671691836061,1486.5907457095866,5.58,0.027513190206551616,759.9112407910503,2.602,0.0004134457258688812,616.4079218459399,5.42,0.016800225283898754,293.22482835300553,7.227527196077931,0.018038768050828234,1750.7684910803978,7.68,-0.012330400264106964,1510.4363593888156,6.6161284,0.016541671829091886,328.2377099262641,5.63,0.022940396686191782,10924.145475929528,6.78,0.01214673918091893,11369.552360308226
1997-03-31,6.92,-0.020058704381998478,1456.7716614043832,5.94,-0.02203884024224738,743.1636783569684,2.474,0.013363509211078433,624.6452947873098,5.81,-0.024569751954809874,286.0203670533805,7.6006879730092844,-0.019643002391088387,1716.3781414238633,8.0,-0.015224799133049822,1487.4402692138658,6.933480899999999,-0.016974414195956584,322.66606708324343,6.07,-0.02773397938607434,10621.175450489622,7.27,-0.028551883538086173,11044.930225436532
1997-04-30,6.72,0.020075927654565864,1486.0177038879592,5.88,0.00941043111450578,750.1571689589493,2.558,-0.005254731994686696,621.3629511714604,5.73,0.010830169488075502,289.11801610561014,7.420158684689509,0.018850702938226625,1748.73307589751,7.83,0.018241206375840438,1514.5729741363316,6.787610900000001,0.016182537837507494,327.8876229226978,6.12,0.0013820307528739665,10635.854241593868,7.25,0.007455576606766824,11127.276548848668
1997-05-31,6.67,0.009185413497317226,1499.667390962504,5.99,-0.003236214773779682,747.7294992461077,2.759,-0.015202901017664836,611.9164317287566,5.81,-0.001191444845431073,288.7735479355998,7.141370895439553,0.025755076412030457,1793.7718298914954,7.48,0.03072732551014978,1561.1117509214941,6.637510100000001,0.0164356518712616,333.27666974595076,6.06,0.009523706270103356,10737.146993322442,7.06,0.01942889837164946,11343.467274069488
1997-06-30,6.51,0.0171151656460673,1525.3344467728327,5.73,0.02445430083624516,766.014701364807,2.589,0.017083524105001947,622.3701208404417,5.58,0.022178445825022743,295.1780964241891,7.016759684126347,0.014748198173642235,1820.2267323170317,7.05,0.03654435209670017,1618.1615684094652,6.4658926,0.01795208641146238,339.25968132015447,5.94,0.013946280080749052,10886.89025255949,6.64,0.036041730832317855,11752.305468266706
1997-07-31,6.02,0.041618269847937026,1588.8162273869782,5.57,0.016840955717995182,778.9151210298251,2.375,0.020966410152687152,635.41898806076,5.43,0.016035544347256583,299.911437879738,6.862797118333039,0.016791990459790802,1850.7919622407555,6.37,0.055305213411476796,1707.6543392846008,5.8569075,0.05070866016453221,356.4630852077457,5.9,0.00792088571374715,10973.124066028122,6.38,0.024424516740655322,12039.349849917682
1997-08-31,6.34,-0.018276421677734026,1559.7783520468272,5.74,-0.008078028832810157,772.6230222238343,2.256,0.012500279419736218,643.3619029601255,5.6,-0.008277279489491309,297.4289870863122,6.982467344434484,-0.0027422710671139647,1845.7165889914556,6.56,-0.008384301507260354,1693.3368504338573,6.1056387,-0.013419497411229782,351.67952975860135,6.04,-0.005414784732815216,10913.706961364105,6.61,-0.011221101952716386,11904.255077807335
1997-09-30,6.12,0.02145906468735473,1593.2497366013356,5.57,0.017603411283703102,786.2238230512982,2.159,0.010497511518308696,650.1156019468905,5.47,0.014515824378784917,301.74641402801694,6.356179075414561,0.05137321782719503,1940.536989364981,6.13,0.03706839857734872,1756.106135731452,5.8327628,0.025417935898880875,360.618497502954,5.76,0.02596409327239113,11197.071466856509,6.15,0.03928390872637599,12371.900747739417
1997-10-31,5.84,0.02595371308743156,1634.6004831417126,5.67,-0.0028647391349443264,783.9714968965775,1.873,0.027573017062389443,668.0412505318976,5.6,-0.005231645099807,300.16778387968293,6.44164443559126,-0.0008955672420116823,1938.799108005394,5.96,0.017699819769242904,1787.1888978295601,5.5505447,0.026162523846639363,370.05318754341437,5.78,0.0033063243402565454,11234.092616786967,6.37,-0.01086712786841897,12237.453720338344
1997-11-30,5.86,0.0033784869368443746,1640.1229595209663,5.58,0.01150895706196544,792.9941911921651,2.017,-0.011323081905601728,660.4769647358044,5.45,0.016041638053865784,304.98296682411177,6.345193854657718,0.012387100351547447,1962.8152071177474,6.2,-0.012615125763936315,1764.6432851195295,5.6398348,-0.002086378875669226,369.28111639004976,5.59,0.01913172299954311,11449.020164882548,6.23,0.0155503302523293,12427.750167137201
1997-12-31,5.75,0.013109926928918308,1661.6248516747276,5.37,0.02063428911221972,809.3570625975351,1.934,0.009137851408802945,666.5123050984973,5.33,0.013692566448409549,309.158966362984,6.1766318934128055,0.017649283260896258,1997.4574886969633,6.05,0.016231003906259103,1793.2852171734587,5.6179334,0.006347834098262923,371.62525165251515,5.49,0.012227578931132702,11589.01396263278,5.98,0.023691556364527206,12722.182910706195
1998-01-31,5.53,0.021413139653658902,1697.205456675629,5.12,0.02372712259383935,828.5607768439766,2.009,-0.005101387557940218,663.1121675180539,5.06,0.02529242664501895,316.97834684136967,5.944258222146703,0.02237099940436775,2042.1426089868528,5.9,0.016182488093217817,1822.3050338481116,5.3660897,0.023854348890843494,380.4901300620818,5.32,0.01754481294246091,11792.341044794739,5.65,0.02977738929832551,13101.016303962797
1998-02-28,5.62,-0.0021630728449953873,1693.534277639916,5.0,0.013559763099354276,839.7958646913978,1.919,0.009766160857962693,669.5882276129074,4.99,0.009640182363803616,320.0340759102975,5.979147574485931,0.002371650773401679,2046.9858580848531,5.98,-0.001003298036648794,1820.4767187854766,5.4583866,-0.0025246971581065003,379.5295077120265,5.28,0.0074907467402661075,11880.674485036141,5.49,0.016819126289812546,13321.36395170404
1998-03-31,5.67,0.0009301304325278368,1695.1094854100777,4.98,0.005716969583601254,844.5969521062726,1.881,0.005022292364036023,672.9510954554961,4.97,0.005709363749586041,321.861266861932,5.776567580799286,0.020114458450713663,2088.1598700764994,5.75,0.022184392669556623,1860.8628891607996,5.3589116,0.012124168372639356,384.13098736591206,5.29,0.0036360028053537405,11923.872650793226,5.32,0.01754481294246091,13555.08479037513
1998-04-30,5.68,0.003974706292670625,1701.847047748503,5.17,-0.010447454736229864,835.7730636787846,1.759,0.012624977308942464,681.4470877656497,5.04,-0.0012691524525334941,321.45277584571863,5.723038705291033,0.008822067156690863,2106.581756684221,5.89,-0.005611218020720038,1850.4211817830512,5.3585778,0.004491180581221597,385.8561889970153,5.46,-0.008477315648089748,11822.790218584827,5.38,-0.0001314824825355389,13553.302534175911
1998-05-31,5.56,0.013786993663495638,1725.3104022120501,4.99,0.018254516554542664,851.0296969055498,1.507,0.024597475630969978,698.2089659007607,4.92,0.013528052188670942,325.80140577355263,5.5868452813972125,0.015031837672524698,2138.2475516946,5.38,0.04370926776821897,1931.3017367015907,5.292467,0.00951574744378144,389.5278990411309,5.53,-0.0007386504958611356,11814.057308727408,5.09,0.02684716273089787,13917.170252852024
1998-06-30,5.44,0.0137375381941925,1749.0119197592758,4.92,0.009599697110058106,859.1993242275076,1.629,-0.009874155709226796,691.3147418538784,4.83,0.01112570464207275,329.4261759861613,5.654791988250351,-0.00044823855347788256,2137.289106705051,5.58,-0.01059212680436767,1910.845143808952,5.299383199999999,0.003882224406872442,391.04013375794614,5.57,0.001591844403834538,11832.863449740886,4.98,0.012768332709806674,14094.869313019462
1998-07-31,5.5,-6.107296997848177e-06,1749.001238024029,4.76,0.016631385304819453,873.4889992423758,1.572,0.006572530466418469,695.8584290565972,4.74,0.01108055310680639,333.0764002239481,5.578391900257409,0.010471587995195902,2159.669917657087,5.53,0.008427607497043701,1926.9489966686058,5.4368141,-0.006012049490378431,388.68918112106917,5.32,0.023714920993815017,12113.478871582092,4.905,0.009984142285594758,14235.594493737513
1998-08-31,5.05,0.039350879699463666,1817.8259753357256,4.36,0.03589390292807914,904.8419285899266,1.338,0.02297372193514121,711.8448871119675,4.33,0.03672213066753748,345.3076753152449,5.197621750266184,0.03386502160759002,2232.8071860838063,5.91,-0.02360210267691997,1881.4689485960455,5.5591462,-0.0046992973942058145,386.86261506507094,5.88,-0.03719735706872103,11662.889472651445,4.82,0.01072601140727445,14388.285642666675
1998-09-30,4.44,0.052712732858821464,1913.6485503574243,4.12,0.023010020144106313,925.6623595940129,0.827,0.04967064697844716,747.2026832031186,4.05,0.02629025087481008,354.3859007282802,4.792033844613989,0.03604955917751999,2313.2989008705267,5.08,0.06896178785429201,2011.218411083564,4.9444489,0.05236053281141083,407.1189477146938,5.29,0.049975834484130885,12245.752106543385,4.755,0.009108741821993392,14519.344821846818
1998-10-31,4.64,-0.012053187328110929,1890.5829858997984,4.28,-0.009386257307650258,916.9738545068567,0.879,-0.004238786979366378,744.0354501986095,4.23,-0.011081432401358855,350.4587973253651,4.995095462473162,-0.011735848870456873,2286.1503745777163,4.94,0.015105844586852402,2041.5995638316085,5.1250351,-0.009783022165811051,403.1360940250793,5.51,-0.012228562869141327,12096.0041570286,4.675,0.010253366560601183,14668.216986524982
1998-11-30,4.74,-0.003972836785340458,1883.072008267677,4.13,0.015671312196496593,931.3440380568585,1.134,-0.023121145989191374,726.8324979334337,4.03,0.01974188366917118,357.3775141330001,4.599176501581152,0.035407745126809734,2367.097804362325,5.03,-0.0028433611584960288,2035.7945589306073,5.0026122,0.013750433215251288,408.6793899626284,5.29,0.021399604948884828,12354.853867449081,4.365,0.028633561855003667,15088.220284911262
1998-12-31,4.65,0.011035585885766355,1903.852811143997,4.02,0.012365223454412145,942.860315200366,2.117,-0.08656794061253201,663.9121054170739,3.9,0.013965195059046013,362.3683608275844,4.320396978128343,0.026126240369797646,2428.9411705779153,5.01,0.005739790059138345,2047.479592302405,4.900769700000001,0.012092600160237036,413.6213864191761,5.32,0.002119542814075434,12381.040509182785,4.185,0.018124987452084837,15361.69408824957
1999-01-31,4.66,0.0030880844704265606,1909.7320694440689,3.77,0.02387566189012017,965.371729295702,2.07,0.005958223942636664,667.8678424193762,3.72,0.018064102706143472,368.91422011503073,4.126419149986382,0.019256560830071254,2475.714223981813,5.02,0.0034013010629323093,2054.4436868160356,4.8352906,0.009194222519146925,417.42431348459206,4.67,0.05555869287804786,13068.91493634314,3.985,0.019739368602445097,15664.92423021553
1999-02-28,5.29,-0.0442484899293827,1825.2293092014538,4.13,-0.025909482604925024,940.3594472682287,1.993,0.008622580124642922,673.6265864033096,4.09,-0.026815250832874164,359.021692766832,4.562447210685379,-0.031031662003988707,2398.8886969647424,5.55,-0.035822200468802454,1980.848993215046,5.1470537,-0.0199486464416784,409.0972634387276,4.88,-0.01246313638118886,12906.03526713734,4.41,-0.030521372554005995,15186.809241754847
1999-03-31,5.25,0.0074700264351188345,1838.8638203913424,4.15,0.001829254662203618,942.0796041712913,1.716,0.02682103331939023,691.69394752206,4.1,0.002600199421040825,359.9552207645054,4.53230682235492,0.006188200365963502,2413.733500877205,5.49,0.009166547358679621,1999.0065393217449,5.0551508,0.011388028239318455,413.7560746273957,4.84,0.007187733095404662,12998.800403957403,4.375,0.006466642386194671,15285.016906108633
1999-04-30,5.36,-0.004001619382848171,1831.5053872852461,3.95,0.01973748773435146,960.6738888034048,1.387,0.031813353774903644,713.6990517785389,4.0,0.011536764103493179,364.1079392342863,4.629124221041785,-0.0038529110506817926,2404.433600398275,5.51,0.0030625548906841925,2005.1286065752543,5.1777606,-0.005203912382115508,411.60292426746673,4.69,0.01582035857047237,13204.44608733401,4.165,0.02056404073884298,15599.338616459754
1999-05-31,5.64,-0.01658044629773498,1801.1382105673506,4.21,-0.017609766212000305,943.7566462156037,1.448,-0.004460203282288045,710.5158089252304,4.26,-0.017518352411805736,357.7293680388437,4.918340985249321,-0.018626057386371145,2359.6484821755375,6.0,-0.031634837793765296,1941.6966883506075,5.3829569,-0.011294441230023537,406.954099229222,5.1,-0.027694702133963703,12838.752886101312,4.615,-0.032015743508621776,15099.914192411039
1999-06-30,5.81,-0.007978695296541088,1786.7674775982766,4.65,-0.03113230877485818,914.375322897295,1.868,-0.036652525074995744,684.4736104224176,4.66,-0.027926621182939367,347.73919549161064,5.101204158950024,-0.009995786822721309,2336.061938971153,6.27,-0.014716382156583333,1913.1219378526675,5.4353673,0.0005086497513312549,407.1610963305982,5.64,-0.03634086071706053,12372.181555686746,5.055,-0.03014114055422467,14644.785556380846
1999-07-31,5.92,-0.003320757839615463,1780.8340554894721,4.85,-0.01172299232046799,903.6561080089444,1.74,0.013169029528790526,693.4874636097483,4.95,-0.01862772677554005,341.26160476884684,5.364934513393957,-0.01582773859581696,2299.08736125748,6.24,0.007418711494392847,1927.3148375631904,5.6727878,-0.013289976992000782,401.74993472832676,5.91,-0.015344257165179991,12182.339620201992,5.34,-0.017510770897779478,14388.34407165595
1999-08-31,5.98,0.0004933598058467371,1781.7126474333336,5.02,-0.009111215263483408,895.4227026847134,1.911,-0.013930945910922317,683.8265272642981,5.03,-0.002061691400144495,340.5580286530954,5.167977870554433,0.0196041330870934,2344.158975866426,6.35,-0.0028033516168165344,1921.911896397193,5.6944616,0.003102237924143195,402.996258611863,5.88,0.00715521555725289,12269.506886176201,5.52,-0.009155694351119136,14256.60879111713
1999-09-30,5.9,0.010925104760827191,1801.1780447602334,5.21,-0.010386878166053198,886.1220561648091,1.619,0.02824490705125216,703.1411439660588,5.24,-0.011889721764650234,336.5088884476923,5.626915419541816,-0.030211777333144153,2273.337766854058,6.3,0.008937854654074345,1939.0896655851275,5.7089262000000005,0.0036615642608119154,404.4718553096372,6.16,-0.015649642339544148,12077.49349172497,5.765,-0.013710190781405833,14061.147964695048
1999-10-31,6.02,-0.00394699125527699,1794.068810768368,5.27,-0.0002465918379193294,885.9035456983586,1.743,-0.009898614824128639,696.1810206149416,5.28,0.001309253259733893,336.9494638068219,5.378969962830142,0.023553755674243303,2326.8834091795684,6.63,-0.01845661627176918,1903.3006317108695,6.0171513,-0.01801221954958697,397.18641945017123,6.18,0.0036668437506871647,12121.779773259068,5.755,0.005551866280433195,14139.213577944422
1999-11-30,6.18,-0.00671524999450335,1782.021190196717,5.24,0.006689007871140446,891.8293614886061,1.808,-0.004424309609354994,693.1009002355844,5.26,0.005930132783872818,338.9476188686511,5.1531615063710525,0.021844703324364965,2377.713486923483,6.64,0.0048069429166908125,1912.4496892008053,6.0787742,0.0004748404167246485,397.37501961510037,6.13,0.00882461998961427,12228.749873355871,5.64,0.013440183300855502,14329.247200161939
1999-12-31,6.45,-0.014405389467407425,1756.3504809127603,5.36,-0.0047714635691677625,887.574030180349,1.68,0.013154102308058479,702.2180203870907,5.47,-0.01152684450931914,335.0406223691482,5.375622351237639,-0.012634025140499001,2347.673394952788,6.96,-0.01711509259943128,1879.7179356783802,6.2311897,-0.006084028090161253,394.9573788334337,6.15,0.0036398300553748897,12273.260444684573,5.73,-0.0020370656740849417,14300.057582555011
2000-01-31,6.68,-0.011110441765051732,1736.8366511755585,5.63,-0.015838154605298978,873.5164954667043,1.671,0.002219331136208801,703.7764747041427,5.66,-0.00971043272730598,331.78723294471786,5.613887411230072,-0.013451936471051484,2316.0926415891054,7.16,-0.008228798734255999,1864.2501151085116,6.4824533,-0.012978882564110752,389.8312733957256,6.37,-0.01086712786841897,12139.885354069776,5.97,-0.012993052381870401,14114.25618532111
2000-02-29,6.42,0.024423491287027758,1779.2562659925352,5.52,0.013006257659017213,884.8776760761461,1.827,-0.012698410288218184,694.8396322771538,5.6,0.00923511825119313,334.8513272751985,5.334981696535275,0.025941958937194618,2376.1766217919485,6.65,0.042571002345758606,1943.6131111318768,6.0732157,0.03555622172465275,403.69220058778774,6.31,0.009681764035737924,12257.42085948879,5.835,0.01503178466846538,14326.418645054411
2000-03-31,6.03,0.03414367556110535,1840.006614678648,5.26,0.02449172619034618,906.5498578305529,1.776,0.0061409448379695815,699.1066041302029,5.33,0.025256191175588263,343.3083964122604,5.147788590901799,0.018842558585438797,2420.9498689974134,6.36,0.026631802132689786,1995.3750309300424,5.869905999999999,0.02018218478886862,411.8395911778755,6.11,0.019970278539370025,12502.204968227066,5.375,0.03986756160801686,14897.57802300836
2000-04-30,6.23,-0.009606424169994078,1822.33073066245,5.41,-0.00701279831484743,900.1924065152336,1.739,0.004836867255708496,702.4880899719698,5.41,-0.0016362702123630217,342.74665110955686,5.097727079486093,0.008149004294024549,2440.678199875492,6.39,0.003121240182023894,2001.6030756547887,6.118021199999999,-0.013352995535905996,406.340298955368,6.18,-4.104687259514576e-05,12501.691791812578,5.455,-0.0015860762054501825,14873.94932898723
2000-05-31,6.29,0.0008142448625642791,1823.8145540977848,5.34,0.00984387355384064,909.0537867390971,1.648,0.009743107493892676,709.3325069457461,5.37,0.007552959830898984,345.3354027975625,5.051331542337303,0.007832457870623859,2459.794709051767,6.27,0.014087836514037087,2029.8013325506072,5.9646417,0.016456375279745084,413.0271874062613,6.2,0.0036848506307830663,12547.758658697496,5.175,0.026052847427384757,15261.458061497984
2000-06-30,6.03,0.02443745037407038,1868.3839317550567,5.3,0.007504565117228014,915.8758400767434,1.712,-0.004441022425816792,706.1823453750392,5.37,0.004475,346.8807787250816,5.0730534590235665,0.002532992118394364,2466.025349662663,6.16,0.013298073776249551,2056.793780421995,5.790124,0.017998093537689795,420.4608893588081,6.16,0.00810232985803018,12649.424738329219,5.28,-0.0037132101931986435,15204.789059860957
2000-07-31,6.04,0.004287039185751294,1876.3937668845185,5.31,0.003653381061147807,919.2218835252427,1.649,0.007168336731944593,711.2444982208418,5.35,0.005998730643915311,348.96162308220494,5.135726990091003,-0.0005953012469311642,2464.5573216970447,6.25,-0.0014447967713247974,2053.8221314087605,5.8382324,0.0012418160039571495,420.9830244202519,6.17,0.004399753151317253,12705.079084684034,5.305,0.0024913414694216892,15242.669381379597
2000-08-31,5.73,0.028238781766292465,1929.380840975202,5.35,0.0013775387121694885,920.488147254872,1.863,-0.017920825635215475,698.4984095842198,5.46,-0.003879439536999216,347.6078475647244,5.249072592896915,-0.004396339050317436,2453.722292101922,6.28,0.0030186236527733517,2060.0218474732205,5.6273258,0.020727974031605822,429.70914961818175,6.29,-0.0036131769415382207,12659.173385894834,5.34,0.0017530632230796797,15269.390744493658
2000-09-30,5.8,-0.0004480461387353649,1928.516389339253,5.29,0.009042316501210892,928.8114924179637,1.824,0.005075757511655942,702.0438181335467,5.37,0.011400409619522768,351.5707194139229,5.136670812644608,0.013023373347247352,2485.678033602429,6.2,0.011093930810201068,2082.875587316591,5.7011098,-0.0008411318249134138,429.3477075769814,6.3,0.004512429069185109,12716.2970078732,5.255,0.01095458082878802,15436.660519610563
2000-10-31,5.77,0.007074880440381825,1942.160412221145,5.28,0.005172686685066527,933.6159432577308,1.799,0.0037813320979447683,704.6984789572188,5.35,0.005998730643915311,353.67969746197457,5.087404511080363,0.008080272835297471,2505.7629902946423,6.175,0.007000197813015321,2097.4561284477077,5.7735573,-0.0006613365039884215,429.063764265057,6.36,0.0008865236966848714,12727.570306504762,5.185,0.009753409238804144,15587.220586938814
2000-11-30,5.48,0.026769334985059096,1994.1507548906131,5.11,0.017497568413131367,949.9519520964731,1.61,0.018758032044533805,717.9172356072324,5.13,0.021392280074001728,361.24571260656927,4.78913927496488,0.02756793254310406,2574.8416953800916,5.765,0.03578737708997186,2172.518581846138,5.468859699999999,0.027897248415624465,441.03346268290215,6.08,0.025925047828019215,13057.533175435376,5.08,0.01242187276068352,15780.843057762475
2000-12-31,5.12,0.032289723201795184,2058.541330788682,4.91,0.01981239181043012,968.7727723724912,1.65,-0.0023036546774023634,716.263402209438,4.98,0.015902271877009183,366.99034014284285,4.780946478345161,0.0046319857053901846,2586.768325306735,5.46,0.027922536898043304,2233.180812109422,5.3648793,0.01247380589667304,446.5348284903463,5.97,0.013210357341690519,13230.027854683858,4.86,0.021383056592819714,16118.285717949017
2001-01-31,5.19,-0.0011063210698989152,2056.2639231411727,4.84,0.009553532916958325,978.0279749424047,1.455,0.019321554335410038,730.1027244536932,4.94,0.0072564317867197655,369.65338051247454,4.67176509700724,0.012571002308024984,2619.2865958944917,5.325,0.014847159388769961,2266.3372035707534,5.4092478,0.0010997531067813591,447.0259065552646,5.93,0.007941790070686898,13335.097958535096,4.85,0.004829899616023539,16196.135419949098
2001-02-28,4.92,0.02531311742450946,2108.3143732834274,4.78,0.008728176298763879,986.5643755328251,1.323,0.013442351509372836,739.9170219137505,4.9,0.007228940325328402,372.3255827412552,4.7079241144928,0.0010541583084733843,2622.0477386218267,5.225,0.012100665457434174,2293.7613918849,5.3581282,0.008400858602525166,450.7813079879011,5.95,0.0034596345497324597,13381.23252415651,4.86,0.0032621337912354673,16248.96938058994
2001-03-31,4.93,0.0033230273099347308,2115.320359523776,4.76,0.0055497564964358485,992.0395675850905,1.24,0.008824920070108926,746.4467304906524,4.86,0.007201464835058131,375.0068723325589,4.721793996902942,0.002835006220569711,2629.4812602714505,5.275,0.0005315090616994167,2294.9805468500635,5.4307643,-0.0010480409688528132,450.3088707091367,6.06,-0.0031517948285227446,13339.057624687613,4.751,0.012590628511614303,16453.554117757547
2001-04-30,5.35,-0.027890010188887086,2056.324053143898,5.1,-0.022240728598896815,969.9758848030635,1.325,-0.006841151802483678,741.3401750948982,5.17,-0.01976689983279611,367.59414905055104,5.065021829916046,-0.022564721332010682,2570.147748385681,5.78,-0.033319477075187495,2218.5129951312915,5.8216334000000005,-0.024609976071302407,439.22678017628965,6.35,-0.016049745171607066,13124.969148981994,5.135,-0.025591358174987436,16032.485321078473
2001-05-31,5.43,-0.0016139569852035105,2053.0052345744843,5.25,-0.007231349131695185,962.9616505307276,1.216,0.011258023093959828,749.6861999065968,5.31,-0.006377665143932035,365.249756659038,5.16269102010875,-0.0032855093349321886,2561.703503966205,6.025,-0.013275817421424276,2189.0604216608713,5.8563462,0.0022679823525761245,440.22293876250836,6.73,-0.021883644451786283,12837.74699068501,5.425,-0.01773800033243561,15748.101091123413
2001-06-30,5.42,0.005284389080243533,2063.8541130177523,5.12,0.014386103748796435,976.814916741375,1.183,0.004092594538040584,752.754361553579,5.25,0.009017539652678028,368.54341082284185,5.232899118385839,-0.0010759375005417694,2558.9472711010185,6.04,0.003913892111960219,2197.628167977814,5.9321538,-0.0007417857156110062,439.89638767485,6.67,0.009910829530114136,12964.979712660426,5.475,0.0007335748938183378,15759.653502709176
2001-07-31,5.07,0.031532776206040614,2128.9331628854575,4.99,0.014338910104206652,990.8213780209776,1.333,-0.012904685746121932,743.0403030737074,5.0,0.02373561756809937,377.29101627937575,5.000247339409385,0.022377668784804565,2616.2105455714964,6.075,0.0024546115662368298,2203.02249149722,5.7045298,0.022002601662068775,449.5752526654427,6.53,0.015661385067253564,13168.029252329532,5.25,0.021784523697542666,16102.970047904006
2001-08-31,4.85,0.021382791552514956,2174.4556969366736,4.87,0.01350832995577507,1004.2057201225206,1.328,0.0015739679392303087,744.2098246883014,4.91,0.011165992981360132,381.50384511908146,4.8651844299257485,0.01469290392706439,2654.650275770551,5.535,0.0458512047270159,2304.0337267730797,5.4283675,0.025717085642862847,461.13701794115156,6.42,0.013419554006050317,13344.738332034418,5.135,0.013224766554141159,16315.928067615863
2001-09-30,4.6,0.023770419181973368,2226.1434203454883,4.86,0.004837866208764532,1009.0639330425494,1.409,-0.006365412386815905,739.4726222518404,4.87,0.007208332207480579,384.253851573131,4.9171919093478484,1.1049732161138963e-05,2654.6796089450795,5.515,0.006124594403710585,2318.1449988420345,5.491068,-0.0002220800562041823,461.03460860628934,6.29,0.014834413908888545,13542.699703957627,5.32,-0.009835041535423084,16155.460237381885
2001-10-31,4.3,0.027847192343397366,2288.1352643558375,4.51,0.03178817318741933,1041.1402321032842,1.326,0.008862980213174523,746.0265534710428,4.49,0.03420262216687525,397.39634087465333,4.536766216963986,0.03420892686318078,2745.4933495326595,5.205,0.0283738332526424,2383.9196584946253,4.9952543,0.04298147349756984,480.850555417563,5.86,0.03723753085784639,14046.996402082295,4.93,0.03473526824588084,16716.624482363008
2001-11-30,4.78,-0.03397541039011059,2210.394929721264,4.68,-0.009606602748550495,1031.1384114879343,1.355,-0.0015775096655433977,744.8496893721903,4.65,-0.008854930463584852,393.8774239097252,4.647876107865514,-0.004967780053316465,2731.8543424343384,5.605,-0.02577853903147497,2322.465692530221,5.3258074,-0.021049362049234417,470.7289579850032,5.93,-0.00030854929036851567,14042.662211310624,5.02,-0.002854957100275549,16668.899236604448
2001-12-31,5.07,-0.018401443142147873,2169.720473100306,5.01,-0.021644035975781253,1008.8204146136795,1.369,-0.0001649204115871806,744.7268484548483,5.05,-0.027029485658782344,383.23111972883913,5.032639018916309,-0.02587820797097829,2661.1588476144025,6.005,-0.024895037373795795,2264.6478223153226,5.4667229,-0.006239597580294274,467.7917987177855,6.32,-0.023472674844558016,13713.043367272567,5.35,-0.020958222291268407,16319.548741052937
2002-01-31,5.07,0.0042250000000000005,2178.887542099155,5.01,0.004175,1013.0322398446917,1.486,-0.009610250348453232,737.5698369999826,4.99,0.008857061073736369,386.6254211616338,4.8138372897946615,0.021287268311503682,2717.8076500231023,6.005,0.005004166666666666,2275.980497459492,5.527700599999999,-5.1885104629694444e-05,467.7675272913641,6.31,0.005995571783734247,13795.26090315451,5.36,0.0036968224803470753,16379.87921570798
2002-02-28,4.88,0.019022202757583782,2220.3347827109383,4.98,0.006500454375401659,1019.6174097006132,1.511,-0.0010560091838380883,736.7909564783887,5.05,-0.0004773395154839405,386.44086957042276,4.9230353438143455,-0.004475635080678379,2705.6437347621227,5.945,0.009451284690314057,2297.4914370905844,5.4366132,0.011518157441119848,473.15534731654935,6.42,-0.0027195540060503164,13757.743946100829,5.42,-8.966781479531009e-05,16378.410467732096
2002-03-31,5.42,-0.03694034366649124,2138.314852782932,5.27,-0.018026582772165387,1001.2371920687042,1.399,0.011596157935522234,745.3349007751765,5.31,-0.01563709241015935,380.39805798188775,5.245557590511242,-0.02058918984378761,2649.9367222574506,6.32,-0.022367315555664662,2246.102721130742,5.8322677,-0.02494736270650645,461.35136925052035,6.67,-0.012577067486586345,13584.711872027543,5.63,-0.011275972100417812,16193.727968248757
2002-04-30,5.11,0.028400467890612176,2199.043995099413,5.15,0.01361973245765578,1014.8737747513344,1.375,0.003383594660330692,747.8568119655974,5.21,0.012093532368098056,384.9984142088533,5.155331152372096,0.0113080319203809,2679.9022912997275,6.095,0.021828979685616947,2295.132851802114,5.70162,0.014652850476937092,468.11148188147837,6.69,0.00412546494963162,13640.755124706437,5.65,0.003188996608182299,16245.369711813331
2002-05-31,5.08,0.006572916026862022,2213.498126618577,5.19,0.0012213879600578579,1016.1133293607941,1.371,0.0015155350674024722,748.9902151895271,5.24,0.002044325462192887,385.78547626992435,5.228151520579974,-0.001283415396146426,2676.4628634389055,6.195,-0.0022482546034317775,2289.9728088025627,5.562259,0.015264642525754726,475.25703631460044,6.84,-0.00509896728792902,13571.201360542907,5.65,0.0047083333333333335,16321.858327539785
2002-06-30,4.86,0.021383056592819714,2260.829482328162,4.99,0.019820759134676937,1036.253466915589,1.305,0.007263006589768704,754.430136058121,5.02,0.021388043282154972,394.03667273401226,4.971465038793058,0.02426185166920393,2741.398808429793,5.985,0.020698839902764818,2337.3725893536516,5.521406799999999,0.007722917429266079,478.92740716373584,6.61,0.02223776861938283,13872.994596285715,5.455,0.019492362834117948,16640.00991218726
2002-07-31,4.51,0.03178817318741933,2332.6971214596333,4.88,0.012725134929829254,1049.439932103593,1.314,0.0002532660990349576,754.6212076356748,4.83,0.01901537646659825,401.5294284076953,4.920054026322227,0.008139249119386398,2763.711736267192,5.86,0.014288623311389326,2370.7704258212925,5.4013725,0.013724341836844109,485.5003706146843,6.43,0.01855712129455866,14130.437439727744,5.265,0.019078706113671545,16957.47977103046
2002-08-31,4.14,0.03360220228159297,2411.0808819966096,4.61,0.0253636465838798,1076.0575556524793,1.144,0.016989343873048332,767.4417268260922,4.66,0.017402564002749144,408.5170699845475,4.63938909362632,0.026207519469362856,2836.141765403121,5.685,0.018010439611593414,2413.4690434084987,5.1553424,0.02341626973885625,496.8689782513124,6.18,0.023689453116411553,14465.179774970562,5.135,0.014391583930768236,17201.524764409547
2002-09-30,3.63,0.045605868653083186,2521.0403200129067,4.38,0.022182387430261942,1099.9270812492234,1.165,-0.0010079901383572014,766.6681531336877,4.33,0.0302609019194001,420.8791649717506,4.411979103367663,0.02197282240424019,2898.459804727572,5.335,0.03142141167919104,2489.3036477964206,5.0114295,0.01543511851630118,504.53820981769485,5.98,0.019949911758288433,14753.758835049002,4.915,0.021384612649932466,17569.372708484665
2002-10-31,3.93,-0.02141716392103371,2467.046786227655,4.58,-0.012147940026588852,1086.565233032587,0.988,0.017651689211921364,780.2011411014813,4.59,-0.016919275664545534,413.7581943581298,4.5992089993751675,-0.01109915258652564,2866.2893570889896,5.575,-0.013648908829123323,2455.327369259643,5.1600948,-0.00725085939576699,500.87987419851476,6.19,-0.010407768803867519,14600.205124105794,5.105,-0.01054605005064365,17384.085224542574
2002-11-30,4.22,-0.02002702394499703,2417.6391811664457,4.59,0.003027143243671347,1089.8544216365697,0.973,0.002238047745666651,781.9472685064901,4.51,0.01016515387141007,417.964110069337,4.689801758756109,-0.0032861867194514606,2856.8701950696186,5.7,-0.004724174968355437,2443.7279731626686,5.2385572,-0.0017088222610826664,500.023959519356,6.13,0.009567877320870458,14739.898095592784,5.045,0.00889092538577074,17538.64582917386
2002-12-31,3.83,0.03544442351337046,2503.331008206227,4.28,0.028662956866905485,1121.0928719151448,0.906,0.007151553052123911,787.5394058811777,4.25,0.024619954808261537,428.2543675707193,4.396748765397435,0.02725829197622452,2934.743596985,5.16,0.046256892900438294,2556.7672362950593,4.9241513,0.02880065489127652,514.4249770148426,5.8,0.029731265130228897,15178.133913865408,4.71,0.030503689645224756,18073.639238344495
2003-01-31,4.0,-0.010612498975938448,2476.764410445204,4.1,0.018113077087931143,1141.399313526874,0.81,0.00988494441558257,795.324189133394,4.12,0.014037372022502105,434.2659334485709,4.280682597798609,0.01296315979749418,2972.7871471973895,5.175,0.0031478385306758245,2564.8155267154384,5.1228698,-0.011197498467348643,508.66470412315306,5.48,0.029066162742134118,15619.304024327723,4.56,0.01578467390033937,18358.92573991414
2003-02-28,3.71,0.027212002232262313,2544.162129111027,4.03,0.009092575950876468,1151.7775734753955,0.786,0.002960294082427614,797.6785826240972,3.95,0.017270614574198696,441.7659730078658,4.22701335037476,0.00787821497800922,2996.207403426873,5.065,0.01280526533598431,2597.6586700728817,5.0524992,0.009705339751395752,513.6014678962115,5.23,0.02372011092337917,15989.795648330759,4.48,0.010149175265444762,18545.253694933814
2003-03-31,3.83,-0.006732258516934535,2527.034171948857,4.12,-0.003907924220706535,1147.2765139991443,0.705,0.008399973435413582,804.379061528138,4.14,-0.012033563333790935,436.44995419296185,4.354893922073453,-0.006687149689714756,2976.171316018726,5.33,-0.01598740368468233,2556.1288522794116,5.1797200000000005,-0.005559356563454016,510.7461742046631,5.27,0.0012994943302760773,16010.574297118037,4.635,-0.008478271682069305,18388.021995695264
2003-04-30,3.89,-0.0017061585108159396,2522.7226510892638,4.22,-0.004601847337355313,1141.996922627987,0.612,0.009522466755242745,812.038734400153,4.15,0.00264379399776842,437.6038379621835,4.420163571605515,-0.0015657530803603252,2971.5113666129896,5.28,0.008263433425332634,2577.2512528767943,5.020964599999999,0.016598766451307333,519.2239306661851,5.28,0.0036273133149334726,16068.649666445703,4.695,-0.0008511975814622288,18372.370155844656
2003-05-31,3.37,0.046768493794735765,2640.706589742571,3.78,0.03962445054723701,1187.2479232137564,0.538,0.0076466716774232675,818.2481279914613,3.8,0.03215281119996182,451.67403154456025,4.157879535284745,0.02482101323712361,3045.2672895779538,4.865,0.03674300835993409,2671.9472172068968,4.5421756,0.04207130240525415,541.0683576692869,4.69,0.0507622992660806,16884.331269615624,4.205,0.043313055153566996,19168.1336377065
2003-06-30,3.54,-0.01130486350079737,2610.853762199875,3.96,-0.01149421655059589,1173.6014384850923,0.821,-0.026450825333916236,796.6047896781553,3.85,-0.0009227029967678723,451.25727056209183,4.269754441290532,-0.005503165218926393,3028.5086805476144,5.005,-0.0067852376930652965,2653.8174202348237,4.6095768,-0.0015314119081919928,540.2397591432064,4.68,0.004694506044032585,16963.594864810286,4.415,-0.013213895197979861,18914.847928676976
2003-07-31,4.49,-0.07241072208385492,2421.7999560236326,4.12,-0.00961779120718206,1162.3139848892943,0.938,-0.010370343748852526,788.3437241772104,4.2,-0.02494163208056547,440.002177746052,4.607493284379589,-0.02308509321797944,2958.5952753457127,5.425,-0.02771609818260791,2580.26395605688,5.0212977,-0.02801155082913674,525.1068056700458,5.02,-0.022405763860300146,16583.512564047545,4.64,-0.014043169077458183,18649.223521140157
2003-08-31,4.45,0.006920774294024403,2438.5606869045505,4.23,-0.005401153134163738,1156.036149066927,1.432,-0.04473582072566386,753.0765206622166,4.2,0.0035,441.5421853681632,4.65624239008754,2.7540017653372197e-06,2958.603423322324,5.485,-2.1767924619027837e-05,2580.2077890655873,4.946479,0.009993127346732324,530.3542648497424,4.99,0.006507697203534851,16691.433042385383,4.72,-0.0024108542947069065,18604.262960521268
2003-09-30,3.96,0.04357314505439982,2544.8164454389994,4.13,0.011594763686553211,1169.440115028471,1.398,0.0043315072985358844,756.3384771078211,4.05,0.015651027254362567,448.45277414531114,4.584362097859985,0.009556833143295317,2986.878302576198,5.375,0.012941608935250457,2613.5998292433615,4.6481844,0.027608435847361314,544.9965165472211,4.72,0.0253449665779691,17114.476854983048,4.52,0.019776210494450542,18972.184780922646
2003-10-31,4.33,-0.026274849626802235,2477.9517760072763,4.4,-0.01806829964167179,1148.3103206171454,1.463,-0.004814767178679207,752.69688343227,4.35,-0.020581812899367908,439.22280305364984,5.009304709018594,-0.02907395028584117,2900.0379512972404,5.76,-0.02430062824953775,2550.087711399863,4.934976,-0.018404231040306314,534.9662747405239,4.92,-0.01161342031445146,16915.719241804178,4.95,-0.029611801770628415,18410.384206034232
2003-11-30,4.34,0.0028093931188762997,2484.9133166756988,4.48,-0.002682508598778317,1145.2299683080241,1.315,0.014936984474139277,763.9399050938309,4.45,-0.004322769068394339,437.32414430647606,5.047253025742235,0.001242110280135991,2903.6401182493314,5.945,-0.008911947239579915,2527.3614642595667,4.9320784,0.0043375936345343685,537.2867410485289,4.96,0.0009964831763476035,16932.575471444456,4.99,0.001025848173064569,18429.270465037407
2003-12-31,4.27,0.009227908896203795,2507.8438703769457,4.35,0.014114618923059619,1161.3944528899597,1.363,-0.0033423845559857517,761.3865241533441,4.3,0.01571526283836535,444.1968081798156,4.77332459399135,0.025646969186866476,2978.109686891821,5.595,0.03131790306300938,2606.513125602433,4.7800744,0.016003938813917127,545.8854451777985,4.61,0.031740529522313446,17470.024383084638,4.78,0.02059028371234002,18808.734372523973
2004-01-31,4.16,0.012422366722143256,2538.9972266166474,4.34,0.004423940214457033,1166.5323925149469,1.322,0.004934691819918455,765.1437320058798,4.26,0.006791284986431618,447.21347529422803,4.857201065207978,-0.00256153694987862,2970.4811488880564,5.825,-0.012479176350746704,2573.985988647504,4.6763111,0.01214240367583827,552.5138066139119,4.53,0.010175816583527654,17647.796146916666,4.71,0.009478756045270815,18987.017777161425
2004-02-29,3.99,0.017277446279699342,2582.8646148038224,4.11,0.022194866026531267,1192.423422682425,1.243,0.008450802772447807,771.6098107776362,4.08,0.01811032491888326,455.31265663990945,4.734972825801295,0.0136320262585619,3010.974825910261,5.545,0.025994063917861805,2640.894344960088,4.5249328,0.015885463408376585,561.2907444715,4.03,0.044317209172927724,18429.89722020076,4.48,0.022178878888154105,19408.128544888317
2004-03-31,3.86,0.013952254184925494,2618.9013984348153,4.04,0.009098193397598198,1203.2723215938158,1.434,-0.016561253942104295,758.8309847571287,4.02,0.008267394611497655,459.07690604396095,4.7183691556029155,0.005248784516764089,3026.7787839568655,5.49,0.008783918412123042,2664.0917454212545,4.4978508999999995,0.005918306000626286,564.6126348526017,4.27,-0.015880211453650723,18137.226555274923,4.265,0.020971967547096928,19815.155186881602
2004-04-30,4.53,-0.04983183888704288,2488.39672588696,4.27,-0.015070272087526499,1185.1386803120072,1.535,-0.00806292540616821,752.7125871311428,4.24,-0.014310554194081747,452.50726110076744,4.95644545458465,-0.014542952449980471,2982.760484025171,5.94,-0.028786050302809226,2587.4030664262596,4.777766,-0.018156720184899732,554.361121228724,4.9,-0.04545997679059033,17312.708657026447,4.62,-0.02443418324493082,19330.988054018595
2004-05-31,4.66,-0.006454901884455272,2472.33436917176,4.36,-0.0036252948254844567,1180.8422031867906,1.535,0.0012791666666666665,753.6754319821814,4.4,-0.009213313367904263,448.338169902994,5.106180584719904,-0.007407961538026028,2960.6643090823686,5.85,0.011649892955843722,2617.5460351837473,4.8976426,-0.005346781247143675,551.3970735815926,4.77,0.014260286853258981,17559.592848682547,4.655,0.0010951451235098131,19352.158291318578
2004-06-30,4.62,0.007036950224780775,2489.7320630666363,4.37,0.0028355316894212563,1184.1905186741328,1.766,-0.019650175251509857,738.8655776609742,4.337,0.008700708131292161,452.23902946343765,5.058658615355333,0.007925266872077771,2984.128363850482,5.865,0.0037591220870752213,2627.3857102985426,4.937533,0.0009830898193689116,551.9391464310605,4.58,0.018983043025259487,17892.927355235126,4.665,0.003092436937180321,19412.00362043281
2004-07-31,4.5,0.01336473840915673,2523.0066807984117,4.27,0.01165772699457669,1197.995488450402,1.854,-0.006466301571990223,734.0878500146555,4.235,0.011804193074249373,457.57734628293525,5.0517677992383145,0.004747897583905634,2998.2966996992723,5.845,0.006376707960279071,2644.1397816721264,4.8484937,0.011059274486836437,558.0431929514718,4.41,0.01735354902160222,18203.433147234166,4.55,0.012984221652549933,19664.053378160614
2004-08-31,4.13,0.03360812564024704,2607.8002063178674,4.09,0.018111698603380248,1219.693221665425,1.568,0.0277169208470963,754.4345048483267,4.046,0.018842391533337416,466.1991977983838,4.881019340498369,0.01750706174012679,3050.7880651361256,5.535,0.028286571232175768,2718.9334299542247,4.6474149,0.01987302382126621,569.133198618292,4.26,0.01570481869911879,18489.31476451301,4.385,0.016946015102705464,19997.28072368733
2004-09-30,4.14,0.002635075614011097,2614.6719570477485,4.03,0.008273398434084686,1229.7842296556153,1.451,0.012076776040305647,763.5456414004587,4.056,0.0025618306842246693,467.3935212082647,4.7877530261699395,0.011362696306762536,3085.453243416563,5.47,0.009537078856059015,2744.864112480073,4.647307,0.0038813416609902807,571.3421990127417,4.27,0.0027483939672089974,18540.130685669625,4.31,0.009654775188478945,20190.349973455435
2004-10-31,4.05,0.01074061635261763,2642.755145426346,3.91,0.013144584799401818,1245.9492327472906,1.499,-0.003198640142345538,761.1033336613623,3.941,0.01274455431886607,473.3502433275895,4.700229070714833,0.010864121858816522,3118.9739834427214,5.385,0.011023652053452019,2775.122539390061,4.5319699,0.013003934934172382,578.7718957938504,4.11,0.016482298105413132,18845.714646544147,4.23,0.010016747733937244,20392.591615799443
2004-11-30,4.36,-0.021368608102594683,2586.283146412615,3.8,0.012276597805702198,1261.2452503640523,1.463,0.004561037719473503,764.5747546746088,3.779,0.016579035925353616,481.1979340169925,4.5605614219701085,0.014959315920323197,3165.63170060831,5.225,0.016748564731894587,2821.6018588799748,4.5321273,0.003764180398885024,580.9504976194231,3.99,0.013173785609199563,19093.98405094987,4.045,0.018514852701388973,20770.15744576555
2004-12-31,4.24,0.01326636289374168,2620.5937171788933,3.71,0.010577288049092764,1274.585804677703,1.437,0.0036142184392550306,767.3380948511427,3.673,0.011892814623853184,486.9207318436378,4.487160753719023,0.009623911943894196,3196.0974613417643,5.33,-0.003652870642358411,2811.2949122852483,4.3680244,0.016870158325807304,590.7512244937193,4.0,0.002512990256317438,19141.96704682419,4.025,0.00499290988501656,20873.860970189864
2005-01-31,4.14,0.011599243859889918,2650.990622762147,3.56,0.015532450227573054,1294.3832452496306,1.333,0.010828259895089103,775.6470311695934,3.538,0.014269456169842697,493.8688258848683,4.541874059214447,-0.00059029266421634,3194.210828456214,5.4,-0.0008790009857489005,2808.823781286119,4.2851555,0.010278049388559925,596.822994755418,3.79,0.020558304067458767,19535.49342582208,3.77,0.024290341794589117,21380.89418772851
2005-02-28,4.36,-0.014109979943776893,2613.585198243832,3.71,-0.009384368970710384,1282.2362752867025,1.469,-0.011396887656931648,766.807069093921,3.752,-0.014636864328748219,486.6401348841933,4.651412225035761,-0.004838330556219016,3178.756180601889,5.565,-0.007945899406478666,2786.5051500694944,4.3583408,-0.0022710087128268476,595.4676045343131,3.9,-0.0058167035115003615,19421.86125261321,3.87,-0.005029218547111401,21273.364998125762
2005-03-31,4.5,-0.007467194810683074,2594.069048414228,3.7,0.003915465987572593,1287.2568278106194,1.333,0.013818237298706211,777.4029911369861,3.659,0.010803162665498023,491.89738742090714,4.6381611621415875,0.0049199999260375,3194.395660775341,5.67,-0.0032442260916914654,2777.465097357006,4.3692341,0.0027628497693881256,597.1127920681788,4.02,-0.006484789222994978,19295.91457607176,3.745,0.013500190417241343,21560.559476415936
2005-04-30,4.21,0.027063136672359347,2664.272693608999,3.44,0.02477298106602311,1319.1460168330807,1.247,0.009109534713274742,784.4847706709521,3.449,0.02056008903966789,502.0108415046611,4.474917423936461,0.016824045634947837,3248.1383191483046,5.35,0.029104690302644086,2858.302358841985,4.2000298,0.01724985248302677,607.4128996470831,3.78,0.02304515484394746,19740.591915332912,3.39,0.03280743650377836,22267.906162424388
2005-05-31,4.0,0.02056053795066914,2719.051573436878,3.29,0.01547137376704764,1339.5550179128172,1.262,-0.0003548941794074077,784.2063615920073,3.293,0.015981150158087033,510.0335521437347,4.281122254559016,0.019255610322602847,3310.683204895739,5.15,0.019838442984981934,2915.006627221711,4.0162283,0.018413291490890656,618.5973704236119,3.64,0.014716614952750687,20031.10660549025,3.255,0.01418856475388345,22583.855790943348
2005-06-30,3.94,0.008219422075641448,2741.4006059643925,3.17,0.01288451293270312,1356.8145318651823,1.174,0.009266786715663049,791.4734346859466,3.147,0.015098475786795915,517.7342813812304,4.150849440093071,0.014069848440372127,3357.2640158227073,5.105,0.007759481152345455,2937.6255662045996,3.8381754,0.017917616623621985,629.6811609512428,3.48,0.01635496835038308,20358.714720046195,3.0,0.024445716636390384,23135.934330165852
2005-07-31,4.28,-0.023958296778756688,2675.721316657234,3.2,0.00010965924169427333,1356.9633191178664,1.307,-0.011354164498182244,782.4869151125811,3.295,-0.009811121471171552,512.6547274568094,4.288368679886303,-0.007554946956539689,3331.900064264067,5.125,0.00271435697231803,2945.599330642287,3.9587455,-0.006611302941272174,625.5181480397821,3.59,-0.006210023362255637,20232.286626009212,3.06,-0.002598720064948603,23075.810513400716
2005-08-31,4.02,0.02465870998315606,2741.7011526004335,3.15,0.006896975514983544,1366.322261904553,1.347,-0.002612345946659852,780.4427885915724,3.15,0.015013728993452321,520.351586602058,4.123798599211315,0.016857991773320563,3388.0692081369566,5.055,0.00967785190635395,2974.106404739698,3.8168189999999997,0.014925280668667315,634.8541819626208,3.53,0.007975204906798646,20393.643257584718,2.995,0.008091194790060988,23262.52139120318
2005-09-30,4.34,-0.02221608686262485,2680.7912816429034,3.21,-0.0024365488683600776,1362.9931509434944,1.472,-0.010371825056509269,772.3481725216864,3.193,-0.0010054484774932758,519.8283998915477,4.246411174919908,-0.0064032494520180425,3366.3745558365545,5.36,-0.019013581016078925,2917.5579916627403,3.9799946000000004,-0.010082039956828912,628.4535567333138,3.55,0.001282093325687563,20419.789811491723,3.045,-0.0017562155537094474,23221.667389317452
2005-10-31,4.57,-0.014559562557289452,2641.7601332747877,3.44,-0.016511996071225537,1340.487413390008,1.549,-0.005826373407418804,767.8481836680376,3.414971,-0.015878852167700352,511.5741215770976,4.282256049509478,0.0006670055872780222,3368.6199464741676,5.475,-0.004244027744217679,2905.1757946007597,4.1722190999999995,-0.012164164935775584,620.808944014735,3.89,-0.024796009339068066,19913.460512624166,3.29,-0.01805018826395574,22802.51192113731
2005-11-30,4.49,0.01015449940355265,2668.585884972456,3.44,0.0028666666666666667,1344.3301439750592,1.445,0.010867167287595606,776.1925183314345,3.467,-0.0014888651219253555,510.8124567102019,4.166546328720981,0.012889768527654617,3412.0406778418596,5.375,0.01217229600174272,2940.5384543097384,4.054782400000001,0.012987849783126258,628.8719173236195,3.93,-1.7288522804502233e-05,19913.11623830798,3.385,-0.005204563142418992,22683.834808037987
2005-12-31,4.39,0.011712105669383546,2699.840644845079,3.31,0.013780130817912056,1362.855189221498,1.473,-0.0013704320929832708,775.1287991939796,3.286,0.01810180500447861,520.0590841954286,4.04761584090467,0.01310740500955138,3456.7636769153974,5.2,0.017905365028631236,2993.189868714881,3.9550424,0.011495437200498587,636.1010749563703,3.64,0.02723441668784074,20455.438343495465,3.335,0.007013224016477809,22842.921623099533
2006-01-31,4.53,-0.007426429021173173,2679.7904699276587,3.52,-0.01469249118199087,1342.8314513715306,1.555,-0.006281257401366694,770.26001568703,3.486,-0.013908873089447391,512.8256483943401,4.078274517168621,0.0008928069777878168,3459.849899646711,5.35,-0.007094646496031054,2971.954244700847,4.1572895999999995,-0.013003748570041364,627.8293765125046,3.8,-0.0100841422628396,20249.162793190913,3.48,-0.009293565067534648,22630.629444662663
2006-02-28,4.55,0.0021929614517305625,2685.667147126925,3.54,0.0012729572352002572,1344.5408183832083,1.586,-0.001538410745690884,769.0750394019211,3.52,7.962841180459779e-05,512.8664838862544,4.119172402808069,9.649186922396384e-05,3460.183747030762,5.29,0.009042316501210892,2998.827595608549,4.1067081,0.007550760292552941,632.5699656391735,3.7,0.011404659875727046,20480.097607615484,3.4,0.00958669403387212,22847.58236494258
2006-03-31,4.86,-0.020373852471700732,2630.9497608832676,3.81,-0.019175096567354506,1318.7591183519603,1.754,-0.01390884680679749,758.3780924959481,3.809,-0.020749853367774473,502.2245795483686,4.3443644497489196,-0.014555121164081669,3409.820353342743,5.41,-0.0047085719852113656,2984.707400003388,4.2383643,-0.007147300979567691,628.0487977041155,3.92,-0.014849520973568058,20175.977968650477,3.685,-0.020661931432337875,22375.507184723447
2006-04-30,5.07,-0.012159665723624365,2598.958291255278,4.04,-0.015465492592108648,1298.3638589763125,1.913,-0.012838483093836422,748.641668176703,4.006,-0.012817829169801042,495.7871506828425,4.584456020609005,-0.015340459980216666,3357.5121406725602,5.7,-0.017230085926584596,2933.280635035617,4.454649,-0.013654047532242048,619.473389567696,4.12,-0.012880572342310966,19916.099824848403,3.915,-0.015681648901243593,22024.62233706536
2006-05-31,5.12,0.000374575481232175,2599.931797307927,3.98,0.00824339542700973,1309.0667856739926,1.831,0.008999441929672496,755.3790253955923,3.971,0.006184318958876058,498.85325655837755,4.538917226710895,0.007424477069881093,3382.439912572831,5.71,0.004000745506606419,2945.0159443558514,4.4404028,0.004844978269195268,622.4747246784963,4.19,-0.0021993458301608586,19872.297433745553,3.9,0.004486368660659155,22123.432912481225
2006-06-30,5.15,0.0019596502189194436,2605.026754223697,4.13,-0.00878797886316315,1297.5627344310205,1.914,-0.0059386511204839775,750.8930929000367,4.088,-0.006151425263527551,495.7845980331914,4.653188097706635,-0.005212614987400201,3364.808555590573,5.785,-0.000841659022434358,2942.537245115071,4.558221199999999,-0.0056157006753318455,618.9790929467423,4.34,-0.008492436550188723,19703.53320868299,4.045,-0.008498803468656144,21935.410204106047
2006-07-31,4.99,0.01668827397440839,2648.500154408846,3.97,0.016452510215079753,1318.9108985739535,1.932,-2.2346460904833958e-05,750.8763130968924,3.935,0.015869181096418546,503.6522936041951,4.548406139313427,0.01216673705329889,3405.7472965211346,5.835,0.0010960982709386537,2945.7625551016145,4.3014698,0.024349053159125778,634.0506477852899,4.29,0.007620881966018243,19853.691509579883,3.84,0.02014530778080915,22377.305793966065
2006-08-31,4.74,0.023757091963351032,2711.420816142086,3.84,0.013945804934171722,1337.304172691019,1.644,0.02786424053005654,771.7989112933462,3.773,0.016577875290368416,512.0017785172735,4.435740379267121,0.012750813488182935,3449.1733450869588,5.665,0.017626339775965512,2997.6855667971518,4.0767295,0.021766800210874154,647.8519015592077,4.11,0.018114460368589776,20213.330417600377,3.71,0.013904230885726806,22688.445020325882
2006-09-30,4.64,0.011826593664055465,2743.48768838686,3.72,0.013076068470762389,1354.7908536193631,1.671,-0.0010879934086262912,770.9591991650741,3.719,0.00758861161344376,515.8871611598336,4.446552703182107,0.002836971223205488,3458.958550610818,5.505,0.016823200802576203,3048.1162330303646,3.9773094,0.011479064169613475,655.288635109612,4.06,0.007473405175700598,20364.392825761417,3.645,0.008460585074582201,22880.40253963033
2006-10-31,4.61,0.006232997768579088,2760.5878410266996,3.82,-0.0050905409015676775,1347.894235365944,1.722,-0.003238486856083097,768.4624579320017,3.754,0.0002233598753728222,516.0023896518567,4.420390918565627,0.005787662544818885,3478.9778354582695,5.66,-0.007052809154732132,3026.6184509573604,4.0023041,0.0012850544698506422,656.1307166992019,4.19,-0.007077356541727436,20220.266756977708,3.665,0.0013871184024009955,22912.140367047396
2006-11-30,4.46,0.015757666396663796,2804.088263284285,3.76,0.008111863972364092,1358.8281700523662,1.67,0.006169151372000728,773.2032191586841,3.708,0.006916349350313645,519.5712424442856,4.405943195531551,0.004834334423446437,3495.7963777666328,5.59,0.009990634789305473,3056.856290547449,3.8832069,0.013060379128244242,664.70003261698,4.13,0.008333524878598727,20388.772853048886,3.575,0.010513226656875572,23153.02089192031
2006-12-31,4.71,-0.0159098430188244,2759.475659204504,3.98,-0.014748005454591638,1338.788164788581,1.678,0.0006636287094008298,773.716339013119,3.982,-0.019178260576326805,509.60676976872327,4.626137873870553,-0.013683586237100816,3447.9613465641182,5.885,-0.01726707438836393,3004.073325584028,4.0664782,-0.011598526402420366,656.9904917389823,4.33,-0.012544738537010224,20133.001028516897,3.805,-0.015872670374847606,22785.520623120898
2007-01-31,4.83,-0.0054426061894305554,2744.456919902135,4.13,-0.00878797886316315,1327.022922694166,1.704,-0.0009646987160024116,772.9699358543229,4.14,-0.009425805298626223,504.80331557802145,4.848770085994888,-0.01350896736878057,3401.3829492445666,5.935,0.0011965313323980117,3007.667793442911,4.1538548,-0.0036543257991707907,654.5896344352107,4.52,-0.011442399969727948,19902.631178157662,4.035,-0.015474120302341864,22432.934735847233
2007-02-28,4.56,0.02537241302061105,2814.0904143911657,4.0,0.01399779333454131,1345.5983153162379,1.644,0.006889633443761835,778.2954153754073,4.001,0.014736394853277315,512.2422965596227,4.683181703856925,0.017056793232669173,3459.3996349149575,5.685,0.023698842302276053,3078.9460381773492,4.011588,0.015007339280188593,664.4132831684744,4.43,0.010926450467618946,20120.096291901093,3.79,0.02345829918981297,22959.173230586282
2007-03-31,4.65,-0.003285585885766577,2804.844478644371,4.09,-0.003943349301690123,1340.29215113918,1.655,0.0003677888329886201,778.5816637379487,4.12,-0.006273440543675039,509.0287749682003,4.855760730726597,-0.009553133664858887,3426.351527802451,5.88,-0.00975890112214401,3048.898908230359,4.0939519,-0.0033150405469632343,662.21072619483,4.56,-0.006586717380294132,19987.570903962034,3.93,-0.008248009829815703,22769.805744095967
2007-04-30,4.63,0.005451063334152833,2820.1338635399106,4.26,-0.010225461192334487,1326.587045761316,1.631,0.0035684522505989432,781.3599952281895,4.209,-0.0037217290962796128,507.1343077655576,4.924910067294121,-0.0013275317610594141,3421.802937324739,5.875,0.005271788134529982,3064.972057318149,4.1222784,0.0011249016716650749,662.9556481477211,4.78,-0.013414424206578594,19719.44914899722,4.09,-0.009661324684486022,22549.819257799583
2007-05-31,4.9,-0.017149513862633935,2771.7699387526495,4.44,-0.01076277363047201,1312.3092896866704,1.751,-0.009521410598759572,773.9203458881772,4.468,-0.017059654475445104,498.4827717024331,5.126238705088263,-0.011395399804436674,3382.810124801928,6.015,-0.0054474736126989155,3048.2757029122486,4.4265221,-0.02077230940182435,649.1845283047096,5.01,-0.013820085680089971,19446.9246721939,4.27,-0.01102057525690471,22301.307277639404
2007-06-30,5.03,-0.005970040191901498,2755.222360815592,4.59,-0.008142851344930016,1301.6233502221812,1.866,-0.008908079289946759,767.0262020829023,4.622,-0.008416943912465025,494.28707017168364,5.359211995495065,-0.013469953867500918,3337.2438284783307,6.255,-0.0125251764545081,3010.095511851283,4.4901984,-0.0013624387612999216,648.300054140111,5.14,-0.005826745583153254,19333.612389754282,4.48,-0.013108251738459639,22008.976127747363
2007-07-31,4.78,0.02375351235596031,2820.668569206643,4.41,0.018158169552284806,1325.2584477087285,1.801,0.007433873564490128,772.7281778898376,4.452,0.017361592186489885,502.8686807070593,5.116260044729686,0.023178646025808745,3414.5966218804447,6.03,0.021824235900637694,3075.7885463853763,4.4549981,0.006538807300228377,652.5391632668608,5.01,0.01434613538439869,19610.975010567185,4.31,0.017334712649441388,22390.495404630277
2007-08-31,4.54,0.022976786414231502,2885.4784684666397,4.33,0.010069562081470713,1338.603219921925,1.616,0.01838932746533844,786.9381293947481,4.339,0.012738453742150777,509.2744501346226,4.935187293764937,0.018328981763567224,3477.1827010928296,5.92,0.013187424506282129,3116.350275638121,4.3728319,0.01026684925642586,659.238684490036,4.84,0.017439532322136977,19952.98124313259,4.215,0.011226908178490376,22641.87144060897
2007-09-30,4.59,-0.00016428378164326475,2885.00443115199,4.4,-0.0019683245984581845,1335.9684142765775,1.679,-0.004386343894674234,783.4863481353912,4.441219,-0.004511682133816737,506.9767656967409,4.950474792885894,0.002926000416095545,3487.3569391230676,6.155,-0.012317633387177297,3077.9642154367816,4.3097929,0.00868770776023213,664.9659575251253,4.96,-0.0052772171376238575,19847.685028569646,4.315,-0.004486408190845921,22540.290763121742
2007-10-31,4.48,0.012555115989986853,2921.2259964167292,4.27,0.01408754509294981,1354.7889295554555,1.615,0.0072419669916424165,789.16033040699,4.358,0.010344029016959922,512.2209480720325,4.869265884177906,0.01045313926559946,3523.810766876576,6.175,0.0036623417495878323,3089.236772286713,4.2781867,0.006124078643385231,669.0382613441831,4.86,0.011928662087645325,20084.44135649747,4.265,0.007604818034208629,22711.705572813433
2007-11-30,3.97,0.04520539714390034,3053.2811777318334,4.17,0.011612700305701166,1370.5216873718648,1.499,0.01199803312177945,798.6287021896076,4.245,0.012700608533302538,518.7264658160525,4.638187235124001,0.022260406898230146,3602.252228379613,5.995,0.01845658357435546,3146.253528955395,3.9723122,0.028435432373549806,688.062653579953,4.69,0.01740862860209103,20434.083936753213,4.193,0.009346950472902602,22923.99075995767
2007-12-31,4.04,-0.0023648600642649747,3046.0605950096437,4.42,-0.01642273089060143,1348.0139785204237,1.502,0.0009737204603758364,799.4063432971731,4.42,-0.010390911623421066,513.3364249530283,4.51763971507596,0.013415321554192384,3650.5776003426313,6.325,-0.019041591521470648,3086.3438544340406,3.9887631,0.0019737118269866675,689.4206909770317,4.68,0.004694506044032585,20530.011867298574,4.345,-0.008646837734877753,22725.77073162048
2008-01-31,3.67,0.033891363612189286,3149.2957422198774,4.04,0.03448066892029551,1394.4944022137167,1.443,0.0066849437802867385,804.7503297597193,4.069,0.03209090619202455,529.8098560111451,4.489032088785616,0.006034163226124906,3672.6057814527344,6.085,0.022945395996187386,3157.161236354429,3.9362163999999997,0.007603876458884381,694.6629607394198,4.38,0.027822679256863422,21101.211802622023,3.945,0.03618694885935395,23548.147034875034
2008-02-29,3.53,0.01468658922697447,3195.548155140121,4.02,0.0049891315371658855,1401.4517182142026,1.373,0.007671625394819253,810.9240728259931,4.012,0.008016629743096682,534.0571454610298,4.527080764634762,0.0007278683076235213,3675.278954807449,6.21,-0.004082166269473688,3144.273179248093,3.7457927,0.018932701044608542,707.8148069018619,4.33,0.0076466013009191675,21262.56435624292,3.998,-0.0010165639280811365,23524.20883802623
2008-03-31,3.45,0.009612170995016147,3226.264310430136,4.07,-0.0006964692699233587,1400.475650159185,1.285,0.00931312127300282,818.476307059419,4.098,-0.003607282703442936,532.1306503575581,4.424487651139907,0.011936308680046444,3719.1482188973087,6.04,0.01772033384222811,3199.990749675533,3.5746646,0.017304554526476116,720.0632268225422,4.35,0.002011212473375443,21305.327890892146,3.957,0.006667773518485621,23681.062934759746
2008-04-30,3.77,-0.023397847219353635,3150.7766710054384,4.29,-0.014226880650480403,1380.5512502304664,1.564,-0.024465665094311494,798.4517398432745,4.33,-0.015129230036265153,524.0799233389512,4.733817074369744,-0.020569888749652182,3642.645753791124,6.29,-0.013205924183760098,3157.7319144465846,3.7293439,-0.009745578223130436,713.0457943199434,4.54,-0.011411483689044311,21062.202489175488,4.075,-0.006249884290319982,23533.059031545712
2008-05-31,4.06,-0.020339083352396245,3086.692761669073,4.52,-0.014644308735284767,1360.3340314972081,1.758,-0.0162807511887879,785.4523457306314,4.573,-0.015592522069830519,515.9081955679335,4.99945323013345,-0.01662719996088456,3582.078754456172,6.53,-0.012077850591482175,3119.593300175944,3.8351519,-0.005552150961525609,709.0868564273982,4.74,-0.011895673570680915,20811.653403684675,4.38,-0.020925557244477797,23040.61665764343
2008-06-30,3.99,0.00907012493869978,3114.689450664792,4.7,-0.0103710896794689,1346.225885262517,1.606,0.015347942540780707,797.5074232014265,4.796,-0.013625187677080305,508.8788495791765,5.168010289476383,-0.008785014191925858,3550.6101417616783,6.45,0.011235856138491197,3154.6446017073217,3.8456229,0.0023393839826041465,710.7456828615997,5.06,-0.0207620118261952,20379.561609594697,4.515,-0.0070464754363014775,22878.26151832811
2008-07-31,3.99,0.0033250000000000003,3125.045793088252,4.53,0.01737673523999593,1369.6188960439529,1.545,0.006926933947797424,803.031704444821,4.558,0.022815797327023563,520.4893262751839,4.848858793653595,0.02919862438823442,3654.2830736400338,6.225,0.021839112073032445,3223.5392387145944,3.7737956,0.009100820071420998,717.2140514378624,4.9,0.01666576130131383,20719.202518805625,4.217,0.02771076335842559,23512.23560931467
2008-08-31,3.83,0.01642356691146827,3176.3701917724397,4.24,0.02705482143765306,1406.6736907140576,1.421,0.012719298469352828,813.2457043740079,4.389,0.017269015123342987,529.4776643221686,4.530419337883071,0.029253255584388307,3761.1827503709296,5.75,0.040711426890026256,3354.774120758654,3.6408672,0.014126738739710971,727.3459469629747,4.67,0.022173845172232316,21178.626907549748,4.07,0.015410786320241024,23874.577648200982
2008-09-30,3.85,0.0015559188012928735,3181.3123658736845,4.18,0.008363647986715905,1418.4386142953645,1.465,-0.002863266745009682,810.9171649931518,4.366,0.0054927926306564045,532.3859753348546,4.522954613811089,0.004366580227025535,3777.606256598929,5.395,0.03178132633282851,3461.393291863413,3.8829982,-0.01673784468408441,715.1717434711102,4.21,0.040871124836615855,22044.221211756325,3.83,0.02303951703386907,24424.63638660314
2008-10-31,4.01,-0.009777601950677152,3150.2067598794047,3.97,0.02056006549062555,1447.6018050997093,1.473,0.0004852336877191289,811.3106493195561,4.256,0.012461881463295445,539.0205062521985,4.699474927369959,-0.01009566571760425,3739.468806619576,5.175,0.02139420155008783,3535.447037593661,3.9604329000000003,-0.0030638736314255537,712.9805476243483,4.27,-0.001301302863412681,22015.535003571764,3.514,0.029458627566698998,25144.152653368128
2008-11-30,2.93,0.09570420298191826,3451.6947870619138,3.44,0.04752184601920093,1516.3945151787748,1.419,0.006206367367290807,816.3459412582284,3.717,0.04791308681074988,564.8466425610344,4.010671419352512,0.05981916783120454,3963.1607187623063,4.58,0.051311371579102094,3716.855674237865,3.5284723,0.03918121518109801,740.915991880755,3.9,0.03374709362959205,22758.49532464286,2.918,0.053928747903870276,26500.145323068053
2008-12-31,2.25,0.06258023934377042,3667.702672977893,3.19,0.023977010640122347,1552.7531226038393,1.177,0.023770635627430894,835.75100317381,3.414,0.028406162953541505,580.891768333384,3.38916679244713,0.055317175812857645,4182.391577016692,3.985,0.05216597575894064,3910.749077239638,2.9193621,0.055059184362942125,781.7102220751697,3.81,0.010625032189118169,23000.305070043083,2.43,0.0452063110442012,27698.1191352592
2009-01-31,2.87,-0.051304125228299594,3479.534395743266,3.53,-0.025581716694080922,1513.0310321255383,1.303,-0.010704954817045795,826.8043264465337,3.81,-0.0296051416321199,563.6943852589416,4.076792294187743,-0.05280673054765884,3961.5331519643737,4.1,-0.005972706658030064,3887.391320188124,3.2999754,-0.029535152399476843,758.6222915339507,3.64,0.017220175299768787,23396.374355297383,3.115,-0.05602926794820168,26146.213796568547
2009-02-28,3.02,-0.010380079303563897,3443.416552775973,3.37,0.01633453655222632,1537.7456928244455,1.295,0.00182808911045306,828.3157984321859,3.693,0.01281670495171235,570.9190898777423,3.8151293222605345,0.024833959314448064,4059.9137050830936,4.4,-0.020483295898153744,3807.764733504796,3.2064506,0.010641015952343014,766.6948034399666,3.79,-0.009270217191042039,23179.48488354085,2.831,0.027001968873749706,26852.213047669895
2009-03-31,2.71,0.029316093562814005,3544.364074612896,3.31,0.007845316787754384,1549.809794923658,1.342,-0.003271212200844773,825.6062016862021,3.614,0.009612573076880283,576.4070913501781,3.3014541064680314,0.046320082819711304,4247.969244143424,4.41,0.0028703794693175234,3818.6944632198392,2.9234831,0.026879396092024666,787.3030967433264,3.74,0.0072693992862839655,23347.98581440969,3.005,-0.012466930981663207,26517.448360899678
2009-04-30,3.16,-0.03579588675356152,3417.4904195846607,3.47,-0.01056975507170574,1533.4286849835844,1.422,-0.006256647581737051,820.440674640955,3.595,0.004584836103071619,579.0498233926669,3.6361445778250903,-0.024905618516209795,4142.170942680195,4.57,-0.008969333373186821,3784.4433195288775,3.2684893,-0.026585455235913907,766.3722855077602,3.94,-0.013170295807693345,23040.485934720087,3.256,-0.018622618346874592,26023.624040541687
2009-05-31,3.47,-0.023189837951429967,3338.239370553928,3.78,-0.022547908340098857,1498.8530755484962,1.496,-0.005611398126339142,815.8368553765023,3.989,-0.02901421288428727,562.2491485461431,3.81410576103233,-0.011549994551515891,4094.328890860792,5.275,-0.05009113889670466,3594.8762435636504,3.537917,-0.019646078133755136,751.3160757071303,4.26,-0.022380279891453164,22524.83341066596,3.77,-0.039487427512753595,24996.018072621646
2009-06-30,3.53,-0.0020918715734652015,3331.256202509244,3.6,0.01805011119389445,1525.9075402254573,1.362,0.013637318915705125,826.9626827564576,3.753,0.022716254676790153,575.0213433963257,3.7029986839600646,0.012330092088643933,4144.812343126301,5.515,-0.013749299511192345,3545.449213385224,3.5068689,0.005529975329119094,755.4708350701613,4.12,0.014853067306284386,22859.396277377426,3.48,0.027287130135069296,25678.087670627814
2009-07-31,3.52,0.0037726583102535758,3343.823893905224,3.53,0.008814127946820679,1539.3570845200227,1.421,-0.004304323465256551,823.4031678761775,3.586,0.016960845042875587,584.774191298017,3.9124906687332355,-0.013996636333760918,4086.7989120878788,5.595,-0.0014301635572593558,3540.3786411261267,3.6372297,-0.007849286378514678,749.54092813508,4.01,0.012361163841090695,23141.965020070507,3.348,0.013960925518247,26036.577540048464
2009-08-31,3.4,0.012963374384141624,3387.1711349165553,3.38,0.015491389876004782,1563.2038652747124,1.33,0.009612362434706326,831.3180175556887,3.558,0.005310837484812721,587.8798319933135,3.631261898984467,0.026504959737124807,4195.119352706493,5.405,0.019100955574742104,3608.0032562680426,3.5522995,0.01007763599283712,757.0945287705587,4.18,-0.010344224851250104,22902.579330403132,3.325,0.004719436801493489,26159.455522275908
2009-09-30,3.31,0.010388808514964688,3422.359807244619,3.38,0.0028166666666666665,1567.6068894952361,1.3,0.0038910870141809053,834.5527482984542,3.518,0.0062892882579997965,591.577177717784,3.7122799684493892,-0.003644262586303436,4179.831236204347,5.355,0.00831260695372973,3637.995169225176,3.4849452000000003,0.0085668406043559,763.580436920966,4.19,0.002678664881405496,22963.927665349085,3.333,0.002099985653522818,26214.390003576656
2009-10-31,3.41,-0.005595981146024305,3403.2083462883666,3.46,-0.003850606475174679,1561.5706522560174,1.411,-0.0091551466580747,826.9122954938825,3.57,-0.001379054030986481,590.7613608262127,3.768371173644592,-0.0015120308613331456,4173.511202380042,5.54,-0.009508169558848624,3603.404494301911,3.6128461,-0.007676743604437411,757.7186256853595,4.05,0.014832625437405152,23304.543002980874,3.259,0.009005204831728076,26450.45595509767
2009-11-30,3.21,0.019713496227867146,3470.2974811855684,3.28,0.01801633862207773,1589.7044379093606,1.29,0.01240529843022338,837.1703892951052,3.427,0.014911825964482312,599.5706914253939,3.6986660096664905,0.008882985234740348,4210.584440767807,5.23,0.02836693754498993,3705.6220445411095,3.446129,0.016914402161740772,770.534983245643,3.88,0.017258835793584875,23706.752283913855,3.199,0.00778009487612849,26656.243011945186
2009-12-31,3.85,-0.04966893169196117,3297.9315126417773,3.5,-0.015566186501661115,1564.9588021463453,1.289,0.001167810202584559,838.1480454170256,3.602426,-0.011663947936028264,592.5773300966396,4.2029632967875425,-0.03747190709901913,4052.80581177078,5.645,-0.026829281376813195,3606.2028680319945,3.8292165000000002,-0.02849126484083992,748.5814669688592,4.15,-0.018534228726916877,23267.365914711434,3.3,-0.005817211027137205,26501.17802115405
2010-01-31,3.63,0.02139321785034961,3368.4848799472556,3.33,0.01717425753450973,1591.8358076453046,1.33,-0.0027231523057467547,835.8656406345912,3.479,0.013278995105867865,600.4461615628411,4.113542519645141,0.010724190458449457,4096.26887318732,5.38,0.024865436520087703,3695.8726765256024,3.5848632,0.023432984924151495,766.1229651988397,4.02,0.014004354991578032,23593.210366699997,3.298,0.002917997408867748,26578.50838995172
2010-02-28,3.61,0.004679768492147518,3384.248609354708,3.25,0.009510602845963972,1606.9751258078034,1.318,0.0022204197452840415,837.7216132074607,3.427,0.007239830653751103,604.793290089251,4.23729234132197,-0.006507377218839067,4069.6129064397014,5.43,0.0006881518842478057,3698.415998271894,3.6337531999999997,-0.001053059216276334,765.3161923495361,3.71,0.02887547365057922,24274.475490976216,3.178,0.012887225479804901,26921.031620489914
2010-03-31,3.84,-0.015811808729688293,3330.7375176498776,3.24,0.0035506935403213577,1612.681002006466,1.395,-0.00600978648422066,832.6870851788669,3.419,0.0035238868640839454,606.9245132196826,4.176408491622644,0.008433386185506797,4103.93352370523,5.76,-0.020143395642460926,3623.917341568296,3.7611107999999995,-0.007432743500169028,759.6277933952761,3.83,-0.006732258516934535,24111.053446607973,3.177,0.0027328282190885707,26994.602175389366
2010-04-30,3.69,0.015562948120502981,3382.573612840076,3.14,0.011164744922727309,1630.6861740355964,1.301,0.00988135285866858,840.9151600883755,3.302,0.01267510432517481,614.617344742248,4.103432742847502,0.009376790683991058,4142.415249338028,5.71,0.008546272466968124,3654.888326567109,3.7183923,0.006650288272566001,764.679537201208,3.73,0.01141775977560818,24386.347662798195,2.976,0.019798517950592707,27529.05529112792
2010-05-31,3.31,0.03497589521133288,3500.88215306739,2.77,0.03450881840146809,1686.9592270851756,1.284,0.0026623401993727284,843.1539623233408,2.913,0.036047007395712385,636.7724607137048,3.7918733514647167,0.028972468987850535,4262.431246684273,5.375,0.03025114993917191,3765.4529013450197,3.4225447,0.027799668721783136,785.937375013728,3.39,0.031540572989534006,25155.50704120483,2.64,0.03162744365976807,28399.72893635471
2010-06-30,2.97,0.03177852692511976,3612.1350308303136,2.71,0.007495319184200632,1699.6035249429115,1.095,0.018784886183610947,858.9925135408453,3.055,-0.009642419128591234,630.6324337579589,3.5852790791271714,0.02027360347276889,4348.84608760949,5.095,0.02606677764379447,3863.6061248525607,3.1945824999999997,0.022097265167219264,803.3044415942346,3.36,0.005337382414215697,25289.771602107237,2.679,-0.0011766906390881867,28366.311241162657
2010-07-31,2.94,0.0050393695167492095,3630.3379139950616,2.81,-0.006344242695634191,1688.8208276943183,1.081,0.0022256495677876083,860.9043298573404,2.959427,0.010707547855719122,637.3849607217908,3.569098901273313,0.004329103055531684,4367.672690495397,5.195,-0.003428071420246985,3850.361407116862,3.2462444,-0.0016883184510506437,801.9482078836801,3.25,0.012061453913200324,25594.803016761412,2.758,-0.004580923788893047,28236.36733119487
2010-08-31,2.47,0.04356542082587083,3788.4951129583706,2.2,0.05642379294593745,1784.1105043989292,0.992,0.009286670655747491,868.8992648348325,2.472,0.045101899005234126,666.13223284772,3.0217350675246903,0.04957557415573794,4584.202571851043,4.765,0.037999329750628204,3996.672559884989,2.9233309,0.030330071103435618,826.2713540500648,2.96,0.02747297199177836,26297.96832317598,2.24,0.04813255034071222,29595.455703202446
2010-09-30,2.53,-0.0031748979731656642,3776.467027502891,2.35,-0.011366833525865337,1763.830817303679,0.937,0.006023496836453781,874.1330768077622,2.674,-0.015433833498403167,655.8512588780288,3.1512426356316494,-0.008438363732796132,4545.519403124945,4.96,-0.011158811181972074,3952.0744454330634,2.9123840000000003,0.00337310591913373,829.0584548452217,3.19,-0.016954849788912547,25852.09022050295,2.524,-0.022911305884029138,28917.38516480914
2010-10-31,2.63,-0.006570778526692456,3751.652699051813,2.65,-0.02405334664312226,1721.404783235252,0.937,0.0007808333333333334,874.8156290519029,2.92,-0.01882011039374193,643.5080657840697,3.304238230439708,-0.01022149978894021,4499.05737750528,5.205,-0.014658956925475353,3894.141156371188,2.9745388,-0.0028769652361764955,826.6732824918738,3.29,-0.00574480473358739,25703.575010231074,2.86,-0.026730463550202824,28144.410054694035
2010-11-30,2.81,-0.013292970185474965,3701.782091577061,2.81,-0.011555788313014771,1701.5125939591744,1.19,-0.022818440014715898,854.8537010964461,3.174,-0.019031505902093526,631.2611382320554,3.4590859204306303,-0.010152187707762935,4453.382102500851,5.405,-0.010860874289202342,3851.8473788074316,3.214524,-0.017761704721019775,811.9901557474969,3.4,-0.006452537629907582,25537.721725254407,2.949,-0.005220943631173163,27997.469676265853
2010-12-31,3.3,-0.03881369706234885,3558.102242883761,3.07,-0.019741995987971016,1667.9213391557503,1.127,0.0068870194684007,860.7410951785317,3.35,-0.012101468437601634,623.6219514918557,3.617426249618409,-0.01021356055200841,4407.897214735728,5.51,-0.0034361701572417115,3838.611775794124,3.2714296,-0.0021074065028112124,810.278962413056,3.68,-0.020255299714849427,25020.44751767496,3.275,-0.024956719470431432,27298.744679673375
2011-01-31,3.42,-0.007270317084411534,3532.2337113592403,3.26,-0.013430941682963878,1645.5195849177783,1.22,-0.007722455835748867,854.0940600850015,3.532,-0.012323603554830835,615.9366817935801,3.88273999369222,-0.018650700812242495,4325.686842572575,5.485,0.006484417190813502,3863.5029359819428,3.443136,-0.01159567533149793,800.8832306369711,3.77,-0.004322571613776577,24912.29484147107,3.346,-0.0032208484084638215,27210.81956131879
2011-02-28,3.42,0.00285,3542.3005774366143,3.22,0.006089389738297833,1655.5397949923447,1.266,-0.003257585790626404,851.3117754110102,3.55,0.0014497173264521957,616.8296158731738,3.887192861771788,0.002872078181090403,4338.110553371358,5.465,0.0060864401419144275,3887.0179153399076,3.4476386999999997,0.002493796040159339,802.8804700661636,3.74,0.005608306238436957,25052.01062004427,3.325,0.00454999302165365,27334.628600436266
2011-03-31,3.47,-0.0013150276265747798,3537.6423543156534,3.44,-0.01566944551740405,1629.5984043728179,1.255,0.002077674447729077,853.0805241338326,3.715,-0.01062453277360504,610.276089403599,3.897458804180077,0.0024016141984431055,4348.5290212707505,5.45,0.005691663805386578,3909.141514519537,3.5080994,-0.002154095609646874,801.1509887705229,3.82,-0.0034357660545874975,24965.937772356756,3.332,0.002183813098421472,27394.322320414387
2011-04-30,3.32,0.015478007471550523,3592.398009107425,3.36,0.009566353104575192,1645.1877181277005,1.217,0.004585530123900759,856.9923505753613,3.605,0.012199258058798436,617.7210049053479,3.7116475135729154,0.01854641348700815,4429.178638559492,5.395,0.0087231632346636,3943.241594058091,3.3675635,0.014688426397322126,812.9186361022206,3.68,0.014727649857424713,25333.62736223028,3.21,0.013068482698998869,27752.32454770952
2011-05-31,3.05,0.025722120796069253,3684.8021046452445,3.12,0.023135219273921235,1683.2494967333469,1.169,0.005496280245499325,861.7026207023728,3.414,0.018957812290846223,629.4316437644563,3.565505391825117,0.015210630910932853,4496.549240069208,5.21,0.018682618214314904,4016.911671286685,3.1536276,0.0209034000235177,829.9113995392378,3.38,0.028166113085342896,26047.177175376797,2.907,0.0286170447623806,28546.514061551436
2011-06-30,3.18,-0.008441062625160976,3653.698459318609,3.07,0.006846858202815007,1694.7744673574398,1.138,0.003873431682649144,865.0403669344232,3.516,-0.005632755465271075,625.8862092330276,3.666518633962858,-0.005363654721792437,4472.431302505939,5.21,0.004341666666666666,4034.3517627928545,3.1976722,-0.0010897737052492987,829.0069839183333,3.39,0.001980424323837248,26098.76163862221,2.91,0.0021656858364737025,28608.336842735236
2011-07-31,2.82,0.03360406841344772,3776.47759230766,2.71,0.03368024843853668,1751.854892465327,1.095,0.004978704263996163,869.3471470978085,3.244,0.02583773751519892,642.0576928215735,3.175548267033255,0.044542852551863285,4671.646150561799,4.805,0.035994565290281756,4179.566500722665,2.8787112,0.0300112124393486,853.88648862641,2.91,0.04391526616421363,27244.895702538677,2.506,0.037703907782659626,29686.982936868986
2011-08-31,2.23,0.05458095505061992,3982.601346023078,2.28,0.04023049938820175,1822.3328896448716,1.056,0.0045752210404933664,873.3246024567034,2.909,0.03138232051890194,662.2069531293267,2.903765091234024,0.02591932447004508,4792.732062947447,4.37,0.038708538176842916,4341.351410178542,2.5961708999999997,0.026961861874605562,876.9088581893471,2.85,0.007576419415148517,27451.314459303085,2.1,0.038263687847319566,30822.916385094042
2011-09-30,1.92,0.02972936300099897,4101.0015471272645,2.05,0.022444601427753272,1863.2344250216365,1.032,0.0031367409154952146,876.0639954697378,2.613,0.028135882286438367,680.8387300118345,2.509613251091165,0.03683258444585943,4969.260771382337,4.215,0.01609916597543161,4411.243547088681,2.260968,0.03179235849173836,904.7878589734838,2.35,0.0463755561973289,28724.384435701042,1.747,0.03376346185403775,31863.60474669236
2011-10-31,2.17,-0.020597921284770605,4016.529440070815,2.24,-0.015103445105666725,1835.0931661643338,1.056,-0.001393982178765157,874.8427778725952,3.127,-0.04135888919475389,652.6799964177782,2.564203958749567,-0.002662049162662322,4956.032354906828,4.51,-0.01986681740082477,4323.606177028104,2.4069084000000003,-0.010922604500052925,894.9052190334668,2.69,-0.0274635404567884,27935.51114165482,1.932,-0.015166894181521829,31380.33282525744
2011-11-30,2.08,0.009835501921642875,4056.034023096967,2.4,-0.012178659219713521,1812.7441918571933,1.082,-0.0015585821486583302,873.4792635361204,3.365,-0.017320896378168665,641.3749938317223,2.42749734665112,0.014121060654112616,5026.016788394212,3.93,0.05101318358066534,4544.167092667337,2.2561115,0.015338046054322822,908.631316497256,2.54,0.015318283462849549,28363.43522000228,1.775,0.01582827912970275,31877.02949239859
2011-12-31,1.89,0.01884124949713836,4132.454772095019,1.92,0.04515514271122423,1894.5989145394476,0.987,0.009855125259658681,882.0875110899832,3.153,0.02073805245942734,654.6758620999695,2.104979769683081,0.030752696999440953,5180.580359801803,3.67,0.02472478704279965,4656.520656320435,2.066694,0.018785600914032786,925.7005017869657,2.41,0.013522842462097572,28746.989486166283,1.616,0.015994142704444072,32386.875251093785
2012-01-31,1.83,0.006993765762217115,4161.356192794008,1.92,0.0015999999999999999,1897.6302728027108,0.974,0.0020485232447440787,883.8944878603494,3.1,0.007122579828901627,659.3388431898316,2.043,0.007292387231769754,5218.359157870779,3.715,-0.0006460846958316574,4653.512149588562,2.018376,0.006045038333499719,931.2963968056079,2.39,0.0037648691423037275,28855.218139816883,1.713,-0.007465273383510047,32145.098373306737
2012-02-29,1.98,-0.011920576332523856,4111.750428650987,1.9,0.0033999318626806814,1904.0820864308002,0.977,0.0005287815434605997,884.3618749518965,3.011,0.01016457192017723,666.0407402812011,2.1951,-0.011785855706323897,5156.856329812341,3.97,-0.01764019857195028,4571.423271212837,2.1184089,-0.007222962631164037,924.5696777329432,2.33,0.007276974153567037,29065.196816415868,1.902,-0.015580153148611412,31644.272817673438
2012-03-31,2.23,-0.020481760614669484,4027.5345406640927,1.92,-0.0002147976129676576,1903.6730941437406,0.988,-0.00022249669301955188,884.1651073592872,2.923,0.01003758449273106,672.7261804873748,2.2792,-0.005597694308587924,5127.9898244847445,4.08,-0.005589643005984215,4545.8706470975085,2.2389357,-0.008899801661691919,916.3411909787056,2.47,-0.010305479962316186,28765.666013023518,1.98,-0.005406699692912468,31473.181737547682
2012-04-30,1.95,0.02699441439190235,4136.255477032479,1.74,0.017929885274861678,1937.805734322579,0.902,0.008963831839003225,892.0906146995701,2.984,-0.002767164502620682,670.8646364807465,2.2154,0.007551460537777634,5166.713637282466,3.67,0.03722466418287633,4715.089155354508,2.1508705999999997,0.009692679631262061,925.2229925757913,2.18,0.02779510832971083,29565.210816031788,1.792,0.01866119079114388,32060.508786756403
2012-05-31,1.59,0.03453216866183319,4279.089348793796,1.34,0.038478251885698804,2012.3691114733945,0.848,0.005877279283220199,897.3336803880991,2.336,0.0595509991243898,710.8152958603956,1.6511,0.0532696907740697,5441.942875058672,2.92,0.06723041786709921,5032.0865695496195,1.7724091000000002,0.03607118903342061,958.5968860390598,1.88,0.028842696744534414,30417.95122578682,1.282,0.048843341582683206,33626.45116874256
2012-06-30,1.67,-0.00595830980307812,4253.5932087786305,1.67,-0.02892698627103073,1954.1573378135572,0.839,0.0015613290163263628,898.734713500616,2.714,-0.030724911620423886,688.9755587166395,1.8224,-0.014100556024212372,5365.2084546683445,3.035,-0.0073511603849673686,4995.09489410582,1.7780746,0.0009640061171831465,959.5209793011142,1.93,-0.0029264119497501235,30328.935769832762,1.601,-0.028074918431665322,32682.391295033736
2012-07-31,1.51,0.016076199923330523,4321.974823595477,1.4,0.026309938549960762,2005.571097288387,0.802,0.004219441567690801,902.5268721090872,2.113,0.05577719391150022,727.4046820554616,1.575,0.024150306149039347,5494.779881402,3.01,0.004658832223060712,5018.366203155726,1.7272066999999998,0.006099512256762445,965.373589274982,1.82,0.011547719746048856,30679.16582029871,1.385,0.021283919423085416,33378.00067791098
2012-08-31,1.57,-0.004231725886818,4303.685410852292,1.41,0.00024423442818212807,2006.0609267985117,0.817,-0.0007577091817180733,901.843019211343,2.165,-0.002857483717643706,725.3261350203503,1.6,-0.0009715689632246393,5489.4413238094785,3.01,0.0025083333333333333,5030.953938381975,1.8308982,-0.007924905216876199,957.7230950811022,1.88,-0.0038885393489068157,30559.868676814844,1.409,-0.001059782682513289,33342.62725081562
2012-09-30,1.65,-0.005982309354804727,4277.939433358814,1.49,-0.006174683653299577,1993.6741351862859,0.774,0.004777837308897229,906.1518784352993,2.177,0.0007390376396603825,725.8621783351597,1.6637,-0.004467840425095257,5464.915375951774,2.905,0.011499032158635679,5088.805039508044,1.7935721000000002,0.0049029363954012015,962.4187505006917,2.03,-0.0118453693204778,30197.87574595267,1.472,-0.004618973161814064,33188.61855039973
2012-10-31,1.72,-0.004981895315694278,4256.62718693494,1.55,-0.004253931558035136,1985.1931818661785,0.784,-0.0003073034582701317,905.8734148293381,2.265,-0.005962673638446386,721.5340990592554,1.8304,-0.013668418956624464,5390.218623030766,3.055,-0.010329081239122111,5036.242358844911,1.8614072999999998,-0.004622104771766219,957.9703502015652,1.97,0.007072586141124068,30411.45282344488,1.531,-0.004182519810239025,33049.806495838224
2012-11-30,1.62,0.010560410365028907,4301.578916799912,1.42,0.013277222739366688,2011.551033922488,0.73,0.005810029464169802,911.1365660603047,2.042,0.02181478591905979,737.2742109635348,1.7501,0.008806582042422084,5437.688025561079,3.09,-0.0004240651956771949,5034.10666374353,1.7740825000000002,0.009459870604082102,967.0326257570192,2.02,-0.002831244848836886,30325.350554292858,1.473,0.006608930764036649,33268.23037873403
2012-12-31,1.78,-0.013136330085779153,4245.0719562588,1.34,0.008588983710473138,2028.8282129856336,0.794,-0.005483286800380893,906.1405429542818,2.246526,-0.016389547324970378,725.1906203914677,1.8378,-0.006458916091465112,5402.566454872415,3.27,-0.012565367189161451,4970.851265044188,1.8738749,-0.007514331038585172,959.7660224819688,2.04,-0.00010404562328717782,30322.195334293036,1.534,-0.004364202373509144,33123.04108875271
2013-01-31,2.02,-0.019986641941083964,4160.227223054919,1.61,-0.023538855301714946,1981.0719192481279,0.763,0.0036169865945704324,909.4180411509442,2.27,-0.0002018519313188435,725.0442392641675,2.1341,-0.02482455321169576,5268.450156433712,3.445,-0.01187026417317436,4911.845947362555,2.0834589,-0.017128169929729927,943.3269869561167,2.55,-0.04273854357346633,29026.268867755196,1.984,-0.03905033284471742,31829.575309407668
2013-02-28,1.89,0.013388749655936913,4215.927463856215,1.47,0.014216611399347249,2009.2360488782374,0.681,0.008486090539565337,917.1354449864654,2.167,0.011038576185238555,733.0476953369533,2.0514,0.009165024646814342,5316.735631967939,3.345,0.011251543245457584,4967.111794454331,1.9499349,0.013722933657983558,956.272200615901,2.38,0.017062955218143893,29521.542793595505,1.887,0.010388686911601934,32160.242801826356
2013-03-31,1.87,0.0033776380375910645,4230.16734082186,1.28,0.01886698848816867,2047.1442822824367,0.564,0.011836060292267749,927.990715409501,2.029,0.014145522512386814,743.4170380139955,1.8401,0.020782926993127417,5427.232960448889,3.42,-0.0034751981777571533,4949.850096597528,1.8773831,0.008161759557845654,964.0770643891799,2.14,0.023325196138991863,30210.13856958176,1.809,0.008624317810956874,32437.602956626844
2013-04-30,1.7,0.017012034670692795,4302.131094286754,1.23,0.005721089107752493,2058.856177137801,0.611,-0.004045753059121219,924.236294133797,1.701,0.03150588758990472,766.8390516460844,1.7478,0.009903739075908627,5480.982859593346,3.09,0.030851900416385393,5102.5623788537905,1.7005368,0.017640110340177626,981.0834901814395,2.0,0.014320002860366806,30642.747840310243,1.607,0.019956270642846666,33084.93654023449
2013-05-31,2.16,-0.03944784805416031,4132.421280570252,1.47,-0.021046333827452187,2015.5248027310467,0.865,-0.023579234777728945,902.443509564318,2.081,-0.03247329928813543,741.9372576161511,2.0944,-0.029434827649452905,5319.65107377161,3.355,-0.019623099428629047,5002.434289952761,2.0910728,-0.03339586095701108,948.319362356121,2.17,-0.013427919806977367,30231.27947964513,1.925,-0.027243963087567272,32183.57175037784
2013-06-30,2.52,-0.029614906292503764,4010.0400115850157,1.7,-0.01968294886819225,1975.8533310963182,0.845,0.0026194998544533626,904.8074602062741,2.37,-0.023672947516701053,724.3734158559189,2.5351,-0.03668306720495133,5124.509955925555,3.755,-0.030068947654603658,4852.016355142577,2.4590497,-0.030465362143750844,919.4284695540109,2.52,-0.028733936673267593,29362.615809525152,2.202,-0.02295199485844342,31444.894577036823
2013-07-31,2.6,-0.004853569792028103,3990.5770025199627,1.71,0.0005080822505202814,1976.8572271034798,0.797,0.005272179645990188,909.5777676815137,2.254,0.012231893928877188,733.233874643567,2.4734,0.0075091681149080085,5162.99076269112,3.72,0.00600968663730565,4881.175452996065,2.5082353,-0.002245402152179697,917.3639828896991,2.69,-0.012610936895060867,28992.325714477312,2.19,0.002899440153033086,31536.06716698138
2013-08-31,2.78,-0.013340810158911847,3937.339472304824,1.87,-0.012996104300728294,1951.1657843923945,0.735,0.0065832993914591645,915.5657904459762,2.471,-0.017103804924902915,720.6927854873327,2.7429,-0.021199361659209996,5053.538654269671,3.895,-0.011181894978226184,4826.594661710367,2.7051556,-0.01493757715564897,903.6607876154708,3.0,-0.024179106499141376,28291.31718336917,2.447,-0.02068286214248124,30883.81103725067
2013-09-30,2.64,0.014461434858236732,3994.279050598325,1.75,0.012439457033205597,1975.4372273320046,0.685,0.005398259090266462,920.5082517969881,2.342,0.013415815295602262,730.3614667823039,2.6788,0.007835698769429491,5093.136660884195,3.81,0.010211141511944962,4875.8797028218905,2.6119714,0.010349050386755081,913.0128186390382,2.82,0.01797703420672386,28799.91116012787,2.446,0.002126750231386051,30949.493189520224
2013-10-31,2.57,0.008293387841980214,4027.405155914033,1.69,0.006915323850292581,1989.0980155049294,0.603,0.008452623556782925,928.2889615303405,2.251,0.009999222772393828,737.6645137930324,2.6283,0.006615652191767015,5126.831081597743,3.935,-0.007006792834764503,4841.715423856985,2.4986428000000003,0.012076552716415424,924.0388660740956,2.83,0.0014905868392539965,28842.839928674843,2.292,0.015629565639019485,31433.220324820217
2013-11-30,2.75,-0.01338869828165283,3973.483443423527,1.75,-0.004032228516602798,1981.0775177644925,0.611,-0.000266138818573808,928.0419078028237,2.224,0.004266776651275873,740.8119635169592,2.7939,-0.0120668872595095,5064.966188937554,4.125,-0.012057046733303045,4783.338634722187,2.6537747,-0.01136610032961372,913.5361476138349,2.82,0.0032181685670401405,28935.661049517472,2.241,0.006422410962425495,31635.097383618682
2013-12-31,3.04,-0.022376244391871494,3884.5718068064275,2.03,-0.02357746717600296,1934.3687276162827,0.736,-0.011423956544598829,917.4399973765177,2.432,-0.016376677140447812,728.6799251686607,3.0466,-0.019159924742835264,4967.921817932505,4.23,-0.0049954189007926746,4759.443854497404,2.8668434,-0.016066846488245478,898.8585025686602,3.04,-0.01636358769958065,28462.169822288353,2.525,-0.022909248274057513,30910.361083483374
2014-01-31,2.67,0.03458280786080287,4018.911207222706,1.67,0.03446656078051837,2001.0397649386032,0.627,0.01107742484047456,927.6028699931013,2.247,0.018390335559929572,742.0805935082967,2.7847,0.025097001119006323,5092.601757356293,3.995,0.02261179960778903,4867.063445179822,2.4413814,0.03966103411014746,934.508160299232,2.81,0.02231925819995878,29097.42433948308,2.22,0.0291183435110892,31810.419595564043
2014-02-28,2.66,0.0030916288566323565,4031.3361890831984,1.62,0.005955205182514454,2012.956367317183,0.594,0.0036959088158490436,931.0312056179157,2.21,0.005151259881373272,745.9032434983816,2.8093,0.00020427687092643056,5093.64205810816,4.015,0.0017063133432465077,4875.368180478759,2.4289267999999997,0.0031262250600123777,937.4296431287455,2.91,-0.006218805450877848,28916.4731183942,2.229,0.0010532170042330908,31843.92287039388
2014-03-31,2.73,-0.0038288640856415147,4015.9007507316705,1.59,0.004092264055152877,2021.1939163037462,0.641,-0.004013793572433834,927.2942385490712,2.095,0.01209093500690043,754.9219111369569,2.7899,0.00401163180975745,5114.075874615985,4.08,-0.0019120617762634,4866.046175335655,2.4861208,-0.0029752159793660065,934.6405874749775,2.89,0.0041387738599875,29036.151861459635,2.133,0.01039722246590784,32175.011220664575
2014-04-30,2.67,0.007472212085535696,4045.9084128555996,1.56,0.004071413867378061,2029.4230332432455,0.623,0.002262537181557831,929.392276242033,1.977,0.012324606129821445,764.2260263504919,2.7658,0.004402645217372759,5136.591336306645,3.945,0.014391063990031913,4936.073757223361,2.4260719,0.007336254918005684,941.4973490814084,2.8,0.010154455750395629,29330.998180698596,1.993,0.014318554772077897,32635.71088111988
2014-05-31,2.48,0.01883790836982654,4122.1248648096835,1.38,0.017929001205988202,2065.8085612537243,0.589,0.0037895805658463696,932.9142831501274,1.768,0.020581670078930057,779.9550742905694,2.6507,0.01228430362298829,5199.690783869047,3.655,0.027229580561604405,5070.480975253696,2.2761586,0.015262700815437354,955.8671414389653,2.67,0.013593959518660527,29729.722582608916,1.805,0.01866093300604421,33244.723695477085
2014-06-30,2.53,-0.0022943594220825535,4112.667228787107,1.27,0.01136896469245287,2089.2946658479846,0.564,0.0028986453615955686,935.6184708097468,1.598,0.01700656730939499,793.2194327597963,2.7673,-0.007842754915389666,5158.910883415351,3.54,0.012592995897598243,5134.333521373916,2.3006717,-0.00026566758496331566,955.6131985239534,2.49,0.017955763648254876,30263.542454630424,1.719,0.009314459102163913,33554.380314701346
2014-07-31,2.58,-0.002241938787424448,4103.44688060712,1.18,0.009457598901382485,2109.054376784373,0.542,0.002591276143933537,938.0429166329797,1.558,0.004993921116443081,797.1807080350285,2.7179,0.006575041609670443,5192.8309371343885,3.505,0.005860582755788482,5164.423707871746,2.2143157,0.009568032350890848,964.756536522369,2.39,0.010857679044851971,30592.134285363056,1.582,0.013960555437653007,34022.818101260826
2014-08-31,2.35,0.02239025585077127,4195.324106133963,0.93,0.024613737042961766,2160.966086623851,0.508,0.0037357501011014258,941.5472105536288,1.254,0.029562770440051775,820.747578305906,2.375,0.03240311896272479,5361.094855743671,3.295,0.020563134069455053,5270.6204449681845,2.053927,0.016169072766631827,980.355755163483,2.28,0.01170547658767945,30950.229797007516,1.398,0.01830139243913578,34645.483047217334
2014-09-30,2.52,-0.01287648352701571,4141.303084390837,0.97,-0.0029981495041358753,2154.487187222785,0.522,-0.0009279611091939067,940.6734913597651,1.287,-0.0020180473090976774,819.0912708640573,2.4504,-0.004623196240928194,5336.309462159337,3.48,-0.012657307155130474,5203.908583098112,2.212761,-0.012361557313153101,968.23703130875,2.31,-0.0007452778182598504,30927.163277269763,1.496,-0.007835635356503196,34374.01367530943
2014-10-31,2.35,0.01706018910709185,4211.954498160328,0.87,0.0102895306350275,2176.655849138488,0.466,0.005855804803722756,946.1818917092043,1.191,0.01002671000320651,827.304061503169,2.284,0.016733426391895578,5425.604203748757,3.285,0.0192901034519629,5304.292518020632,2.1218095,0.009939110722788703,977.8604463688318,2.11,0.01973649075420574,31537.556949345406,1.198,0.02903214332543929,35371.964967001615
2014-11-30,2.18,0.01704540833120976,4283.748982453946,0.73,0.014094212191057356,2207.3340985431523,0.431,0.003782460767266636,949.7607875932925,0.971,0.02174376301044561,845.292764954073,1.9575,0.03120280848161513,5594.898292615376,3.025,0.024869781470307103,5436.209113798391,1.92559,0.019404658414170713,996.8354943073475,1.95,0.016121808223944073,32045.999394334467,1.022,0.01755620648297741,35992.96248767094
2014-12-31,2.17,0.0027045835180575578,4295.334739347387,0.59,0.014074050670033434,2238.4002304917412,0.325,0.010694986397728347,959.9184662976986,0.837,0.01353544216005656,856.7341762824233,1.8155,0.014464990158619379,5675.828441356533,2.81,0.02101637179561358,5550.458505692681,1.8759100000000002,0.006081085824264356,1002.8973365009035,1.61,0.032672694330554655,33093.028537062695,0.937,0.00888313147451944,36312.69270560637
2015-01-31,1.68,0.046396172898035916,4494.621832569089,0.34,0.024849693592521205,2294.02379035689,0.288,0.003885534584112784,963.648262696427,0.547,0.028652577269439688,881.2818184677252,1.3979,0.04005727189865996,5903.1866444821,2.44,0.03475721078444292,5743.376961925345,1.25771,0.05902965964109415,1062.0980249295117,1.33,0.027274576722173243,33995.62688286588,0.638,0.02946885810085253,37382.78629420775
2015-02-28,2.0,-0.027255244633219336,4372.1198149886095,0.32,0.002233992535782745,2299.1486223814554,0.349,-0.005700593078487933,958.1548960800028,0.535,0.0016133102846547344,882.7035994891384,1.8615,-0.04063803061509037,5663.2927648970435,2.46,0.00028287516900449457,5745.001620654107,1.3247,-0.005158023366230919,1056.6196984996975,1.51,-0.015411766580413478,33471.694216592325,0.712,-0.006541446504305812,37138.248797482294
2015-03-31,1.94,0.00705566442192836,4402.968025215633,0.22,0.010070608838071789,2322.302448818051,0.398,-0.004469049241356955,953.8728546685741,0.478,0.005960024350280945,887.9645344361742,1.6969,0.016516401213442552,5756.829980391269,2.315,0.01483233701820941,5830.213420861808,1.41993,-0.007675995218289194,1048.5090907464637,1.48,0.004015856885363406,33606.1117502768,0.42,0.028926138896044118,38212.514940554116
2015-04-30,2.05,-0.008209012277041449,4366.824006641217,0.35,-0.01247629238282253,2293.328724465252,0.336,0.006373707189373071,959.9525609401229,0.633,-0.014477207818116511,875.1092873360245,1.9531,-0.021581865556559648,5632.586849722493,2.645,-0.0266907328776894,5674.600751825666,1.65527,-0.020258286051319446,1027.268093658713,1.57,-0.0070017554968937225,33370.80997260008,0.459,-0.003426566836541817,38081.57720411795
2015-05-31,2.12,-0.004522582306380341,4347.074685653704,0.55,-0.01898471886017841,2249.7905233773076,0.406,-0.006517023071280606,953.6965279531412,0.798,-0.015174240218721172,861.8301687923538,1.9324,0.003487494543113241,5652.2304656245105,2.725,-0.004706711222934985,5647.8920447813725,1.6998,-0.002668609743321178,1024.5267160149724,1.51,0.006815033304582307,33598.23315396423,0.665,-0.01935509118405971,37344.504804899436
2015-06-30,2.35,-0.018473589184104605,4266.768613758317,0.84,-0.027079377302137168,2188.867596944001,0.451,-0.00402104277189252,949.8616734228362,1.196,-0.03644823292198654,830.4179820610151,2.1373,-0.01661273278868363,5558.331471239034,3.005,-0.02158725483639301,5525.9695599222405,1.79577,-0.0072657085036305505,1017.0828035422257,1.84,-0.02852994143302015,32639.677529828678,0.985,-0.02960792981157031,36238.81132778812
2015-07-31,2.2,0.015257216844629488,4331.867627724287,0.66,0.017950869435885718,2228.1596733891834,0.414,0.003967061536537788,953.6298331325033,0.942,0.02499044479447301,851.1704967980486,2.016,0.012634534506156215,5628.558402009057,2.755,0.02406881515608808,5658.9730998181785,1.5524,0.023784839584791554,1041.2739548689276,1.58,0.025311601609963656,33465.84004414138,0.748,0.023432114489210516,37087.96330377375
2015-08-31,2.21,0.000947182014043293,4335.970694828483,0.7,-0.0032756599665413836,2220.8609799480005,0.392,0.002482752634716605,955.9974601132575,1.151,-0.018748738197457405,835.2121239921822,1.9884,0.00415294771606188,5651.933510769401,2.66,0.010528807471340721,5718.555338071661,1.60614,-0.00361464958886845,1037.5101143960612,1.52,0.0068205882299246295,33694.096758850996,0.702,0.005022390651657906,37274.23354395966
2015-09-30,2.06,0.01523363544103932,4402.02329167653,0.59,0.011163539812169174,2245.6536499149433,0.348,0.004611906202989094,960.4064307295955,0.902,0.02452874954936184,855.698833002177,1.8137,0.017447540951765796,5750.545852155208,2.605,0.006996066911055055,5758.562733851382,1.5689000000000002,0.004746135711712238,1042.434278201259,1.49,0.00402279803665398,33829.64130513933,0.718,-0.0009438509624158397,37239.052222755876
2015-10-31,2.16,-0.007166923490034815,4370.474327543733,0.5,0.009188413942023408,2266.2876452207774,0.306,0.004389353041658649,964.6219936175469,0.87,0.0037856498032089064,858.9382091209378,1.9393,-0.009769946976789555,5694.363324092054,2.61,0.0017364495450206022,5768.562187490551,1.6858000000000002,-0.009326865577725113,1032.711633814863,1.64,-0.012435170302814854,33408.96395422678,0.633,0.008755888158321921,37565.113199140236
2015-11-30,2.21,-0.0026307565964504244,4358.97667337693,0.48,0.0023512709916597057,2271.616301619742,0.317,-0.0008180291065728092,963.8329047499275,0.794,0.007958798908785616,865.7743256024039,1.8788,0.007066660309727506,5734.603455383584,2.855,-0.018854802181823598,5659.79708857187,1.70788,-0.00060153484204658,1032.0904217853365,1.5,0.014222120846836201,33884.1102769514,0.75,-0.01063388642764286,37165.65005173903
2015-12-31,2.27,-0.0034594075379482305,4343.897196615309,0.68,-0.018747952081662533,2229.0281480490517,0.267,0.005154213028568823,968.800704864953,0.995,-0.018274235930275887,849.95296131397,2.0248,-0.011492104814810132,5668.700791402944,2.88,0.00023589858978663274,5661.132226723542,1.54375,0.016461181695047348,1049.0798497440628,1.54,-0.0024155804611033236,33802.26048222452,0.993,-0.02226999442184706,36337.97123240248
2016-01-31,1.94,0.03153115432060542,4480.865289474632,0.33,0.034685547141063706,2306.3432089569646,0.104,0.01629944113321534,984.5916149237169,0.649,0.034007918318588855,878.8580921969782,1.6305,0.03765637650642546,5882.163522706285,2.635,0.023658583274853526,5795.066594939438,1.37152,0.017204471745960886,1067.1287143782415,1.41,0.013274952433632001,34250.983882275286,0.867,0.012775642005718587,36802.21214408176
2016-02-29,1.74,0.019760983638735196,4569.411595147316,0.1,0.022964970975693364,2359.308313810649,-0.055,0.01589942452383518,1000.2460549919974,0.472,0.017669146879928276,894.3867649146202,1.4032,0.022332847769232313,6013.528985212616,2.4,0.022824905728954396,5927.3384436619435,1.33424,0.004594973486258773,1072.0321425272348,1.34,0.007654944079997191,34513.17324857898,0.743,0.012555908882968354,37264.29736645452
2016-03-31,1.78,-0.002171582521444733,4559.488740794007,0.13,-0.0028716183736967513,2352.5332807074947,-0.049,-0.0006423545342591259,999.6035424031985,0.412,0.006217548123394455,899.9476576664039,1.4963,-0.007381140746328585,5969.142281390636,2.485,-0.005430253053201996,5895.1514959808865,1.39062,-0.004093907595570784,1067.6433419962464,1.21,0.01323046144088359,34969.79845644684,0.801,-0.004899384773623121,37081.725235337544
2016-04-30,1.83,-0.003032304801847633,4545.662981191327,0.24,-0.010664828548990467,2327.4439166129555,-0.082,0.0032456847702779135,1002.8479403970924,0.646,-0.022098935149259563,880.059772741906,1.678,-0.015288645437733658,5877.88218148307,2.515,-0.0005477224682599808,5891.922589052741,1.58303,-0.016435296155892388,1050.0963074816714,1.5,-0.025620821754160528,34073.8434834153,0.892,-0.007950688014811734,36786.90000694041
2016-05-31,1.84,0.0006223250070802615,4548.491860938281,0.17,0.007080582370597743,2343.9235749774803,-0.112,0.002924091787902098,1005.7803598241221,0.485,0.016107883411341534,894.2356729562443,1.5465,0.013444978995937605,5956.910183953706,2.3,0.02106307059850413,6016.024570506881,1.38116,0.019967521694960914,1071.06412828311,1.37,0.013265914591629872,34525.86418087485,0.774,0.011986274475578556,37227.837887529255
2016-06-30,1.49,0.03368819931651873,4701.722361339133,-0.13,0.03009405539157224,2414.461740876465,-0.237,0.012456839637547679,1018.3092044770463,0.206,0.02777702964327235,919.0748837520216,1.0416,0.04874171023753864,6247.260174051021,1.98,0.030600562842717383,6200.118308440008,1.1361299999999999,0.02406949845930392,1096.844104668636,1.01,0.035030775734896505,35735.33198604857,0.259,0.05103335428812893,39127.699327824565
2016-07-31,1.46,0.004001977566698482,4720.538548754057,-0.15,0.0018905797307929176,2419.0264733045406,-0.178,-0.0061029285647118785,1012.0945361453342,0.101,0.010529593309190885,928.7523684986223,0.8623,0.017874484238781595,6358.926727567665,1.875,0.01111147969150779,6269.010797109185,1.09147,0.005133489390145285,1102.474742242596,0.99,0.002726316801556587,35832.75782205134,0.105,0.015404301223251234,39730.43419444318
2016-08-31,1.58,-0.009757918691778089,4674.475917413911,-0.15,-0.000125,2418.7240949953775,-0.058,-0.012084357245846472,999.8640242039847,0.181,-0.00777486852258091,921.5314409435099,0.7286,0.013487098000032704,6444.690195517398,1.825,0.00607927032380271,6307.121808407649,1.08935,0.0011083221634344228,1103.6966394340502,1.1,-0.009482627104390372,35492.969141502894,0.086,0.0019632535163789195,39808.43510908268
2016-09-30,1.6,-0.0005105885039130224,4672.089183748661,-0.21,0.005890578426046053,2432.9717789679153,-0.084,0.002541314771001263,1002.404993417687,0.123,0.005865817727445777,926.936976406195,0.8233,-0.00839301126340857,6390.599838117242,1.905,-0.005677092241882591,6271.3156961205295,1.08455,0.0013579329898592099,1105.1953855115344,1.24,-0.01210910212628814,35063.18115340324,0.163,-0.007499724343914019,39509.88281920197
2016-10-31,1.84,-0.02033086649674195,4577.1015622929945,0.13,-0.03366445267967374,2351.067115643868,-0.049,-0.0035497070054004566,998.8467493903039,0.471,-0.03357524324028938,895.8148419549386,1.2705,-0.0408575994316128,6129.495269803718,2.305,-0.033691625550853,6060.02487597565,1.30222,-0.019284669318208367,1083.8820579699345,1.42,-0.015562051998097345,34517.52610507527,0.254,-0.008770046600476868,39163.37930569819
2016-11-30,2.37,-0.04506102831782549,4370.852659180947,0.2,-0.006761547564845415,2335.1702635132983,0.021,-0.006974913350504663,991.8798798628733,0.757,-0.026881098027684475,871.7343553736932,1.4528,-0.015720842762917072,6033.134438451089,2.67,-0.0296955401870083,5880.0691637368445,1.70522,-0.03553956727447345,1045.3613586531173,1.69,-0.023373123992983393,33710.7436874903,0.52,-0.025465573583581536,38166.061388207214
2016-12-31,2.45,-0.005030298254454617,4348.86596667899,0.22,-0.00179412176761438,2330.9806837124434,0.043,-0.0021592882782594004,989.738125264844,0.682,0.007810577926075732,878.5431044871768,1.2817,0.01709637190553434,6136.279148566937,2.76,-0.005536365108358232,5847.514953983999,1.8484,-0.011498043555230038,1033.3417482203695,1.7,0.000499292078194535,33727.57519476351,0.549,-0.0023618864995078115,38075.91748307502
2017-01-31,2.45,0.002041666666666667,4357.744901360959,0.45,-0.022099072042124447,2279.4681736542816,0.087,-0.004307791083540859,985.4745401937877,1.041,-0.033173266404412156,849.3989600342644,1.4604,-0.015373836296020484,6041.940997470185,2.715,0.006189282193594079,5883.706874165467,1.89677,-0.0028135058727366867,1030.4344351432076,1.81,-0.008527705804381735,33439.9563560074,0.738,-0.017583531441753175,37406.40839083777
2017-02-28,2.36,0.009957840385062148,4401.138629527531,0.18,0.026900620116610638,2340.7872810616595,0.059,0.0028406524893126142,988.2739308995433,0.89,0.01516947219755991,862.2838939431405,1.1227,0.03282487716184133,6240.266968531237,2.72,0.0018304638516417051,5894.4767869122825,1.7736600000000002,0.01273051480124205,1043.5523959715076,1.7,0.011507787139860004,33824.77625571854,0.527,0.020975692072893595,38191.03369479689
2017-03-31,2.4,-0.0015446648049284363,4394.340345584888,0.32,-0.013504614417145882,2309.1758513983623,0.067,-0.0007414050005220997,987.5412196652887,0.963,-0.006146792263302477,856.9836139750804,1.122,0.001001103919942247,6246.514124254919,2.695,0.0044295072168558935,5920.5864143795,1.7815999999999999,0.0007592235941349308,1044.3446855722452,1.64,0.006887401454459364,34057.74106889894,0.602,-0.006770158620041701,37932.47433881976
2017-04-30,2.29,0.01170898720906943,4445.79362048364,0.33,-0.0007081584897446741,2307.540588914881,0.016,0.0051091212027087555,992.5866874492295,0.774,0.018810261660036704,873.1036999923156,1.1015,0.0028558201918592405,6264.3530454197,2.575,0.012689063289281596,5995.713110101222,1.5915300000000001,0.018857398255661326,1064.0383092242644,1.64,0.0013666666666666666,34104.28664835977,0.578,0.0028115011827670065,38039.12153528863
2017-05-31,2.21,0.008997543887654101,4485.794843699394,0.33,0.000275,2308.1751625768325,0.05,-0.003349568904036014,989.2619499463894,0.731,0.004751047384577094,877.2518570426287,1.0607,0.0047487688870242835,6294.101010259124,2.385,0.01883705855358135,6108.654709026674,1.46477,0.012986698200970493,1077.856653620431,1.52,0.012374509793182593,34526.310477479405,0.469,0.01103124341480761,38458.74034422985
2017-06-30,2.31,-0.006975926060866019,4454.502270545533,0.47,-0.013274216217160099,2277.5359464017088,0.086,-0.003512392627524947,985.7872735667069,0.817,-0.007566810419628139,870.6138585501203,1.284,-0.019845856854114757,6169.189182584183,2.595,-0.0162701238772052,6009.266140187738,1.8009899999999999,-0.029188525432519062,1046.3956072736212,1.66,-0.011485539477926826,34129.75717546316,0.654,-0.017344693418606012,37791.68528369341
2017-07-31,2.3,0.0028071970821009107,4467.00693632162,0.54,-0.006358543605195178,2263.054134774114,0.078,0.0008617862107176157,986.6368114457675,0.801,0.0022031923513442324,872.5319883442521,1.2454,0.0046604063451956956,6197.940110995411,2.625,-0.00044187551216075,6006.610792634332,2.1115600000000003,-0.026155597941395808,1019.0265044821297,1.69,-0.0013451619251462908,34083.847125596236,0.735,-0.00718806049529332,37520.03636365514
2017-08-31,2.12,0.017939021168787418,4547.140668313413,0.35,0.018952529892843177,2305.944735912543,0.008,0.007003775147368625,993.5469938252504,0.665,0.013698142723456775,884.4840560513733,1.0688,0.017612573316967348,6307.101785614491,2.66,-0.0008457009982132477,6001.530995891123,1.90398,0.02043740436981605,1039.852761217791,1.58,0.011468369911907682,34474.73329245348,0.589,0.014656042037654122,38069.93159385518
2017-09-30,2.33,-0.016731909537484296,4471.058321996977,0.44,-0.008432036157593272,2286.5009265219164,0.062,-0.005331080089995098,988.2503152279942,0.748,-0.007364552050370421,877.9702271828602,1.3828,-0.028113591772316354,6129.786500747277,2.84,-0.013245178241146327,5922.039648130781,2.15217,-0.02047013053360938,1018.5668394599288,1.64,-0.0041540681211259195,34331.52290189898,0.691,-0.009269107983180699,37717.057286999436
2017-10-31,2.38,-0.0024518495739638906,4460.09595955502,0.4,0.004251883696630584,2296.2228625337257,0.071,-0.0008375414523842438,987.4226146236589,0.757,-0.00023492674446088171,877.7639684956545,1.376,0.0017806672386841086,6140.701610749286,2.665,0.01752893613051158,6025.846702885222,2.00362,0.015093371454750825,1033.940447119389,1.66,-0.0004550770682752608,34315.899413107356,0.795,-0.009322542260062126,37365.4384265162
2017-11-30,2.42,-0.0015245215261173767,4453.29644725613,0.41,-0.0006374693941204234,2294.7590907367808,0.04,0.0031269381309372854,990.5102240486755,0.685,0.007522326423317269,884.3667955893052,1.3711,0.0015995489984157825,6150.523963860331,2.5,0.016633572338887508,6126.07805992071,1.93837,0.007530696253506825,1041.7267385708603,1.57,0.009618422163560278,34645.964220584894,0.732,0.006678028267825143,37614.965880568154
2017-12-31,2.4,0.003772332402464218,4470.0957617418935,0.47,-0.005465140283544852,2282.2179103889644,0.047,-0.0006591369734966176,989.8573421373785,0.785,-0.008951713278831118,876.4501976018711,1.2536,0.012067381919643459,6224.744685538153,2.63,-0.00919951208470026,6069.721130776652,2.08065,-0.011074341915833463,1030.1903004850606,1.65,-0.005982309354804727,34438.70134472186,0.78,-0.003961993671900198,37465.9356237806
2018-01-31,2.72,-0.025650313494928856,4355.436404100861,0.67,-0.018766122177425806,2239.3895302470955,0.085,-0.0037125354166367766,986.1824616972756,0.99,-0.01866349721595546,860.0925717790049,1.5281,-0.024125485047277878,6074.56970070408,2.815,-0.013719191386602306,5986.449464920223,2.31843,-0.019223826873125068,1010.3861005021631,1.89,-0.020234999364806452,33741.83424488666,0.918,-0.012401982904394466,37001.28373067733
2018-02-28,2.87,-0.010599250727276827,4309.272041627087,0.68,-0.0003990642707497545,2238.495869897283,0.054,0.0031363708696726467,989.2754956423249,0.929,0.006591113076683954,865.7615391760163,1.5533,-0.0010343505060415306,6068.286466460172,2.81,0.0027759621347816597,6003.067621956626,2.26614,0.006552797149731556,1017.006955661662,2.03,-0.010942900254668146,33372.60071833532,0.815,0.01055816154442822,37391.94926165704
2018-03-31,2.74,0.013613559197891964,4367.9365716655975,0.52,0.016011623208169352,2274.337822319121,0.043,0.0011333941391297557,990.3967346910707,0.729,0.01987402104262529,882.9677022234962,1.4096,0.014550036112416488,6156.580253687655,2.6,0.020594787370740365,6126.6995232029985,2.11701,0.01516494880934878,1032.4298140830228,1.93,0.010677823899500246,33728.94747187404,0.692,0.012447903424780962,37857.400634930455
2018-04-30,2.95,-0.015658463998833833,4299.541394108982,0.59,-0.006299525335016717,2260.010573587035,0.055,-0.0011507646242471376,989.2570211648184,0.802,-0.006337907237155754,877.3715348333991,1.4902,-0.006230064834684902,6118.22435954724,2.765,-0.012059005289030571,6052.817621248392,2.31028,-0.015277349627352756,1016.6570228475738,1.94,0.0007101670407897549,33752.9006586891,0.722,-0.002289340594656467,37770.73215084874
2018-05-31,2.83,0.012771291262284927,4354.452089547398,0.43,0.016008478761400435,2296.189904854844,0.039,0.0016292816521022207,990.8687994786155,0.665,0.013794789606227438,889.4746905629187,1.3247,0.016574152156210668,6219.62874100821,2.67,0.010533085802098111,6116.572468597454,2.24256,0.007916542675610762,1024.705431555406,1.75,0.01884511252479777,34388.97786964041,0.47,0.02499025585755482,38714.63241122562
2018-06-30,2.85,0.0006411935282838277,4357.244136046437,0.37,0.006195199503750455,2310.4152594139173,0.04,-6.646036981515976e-05,990.8029459717638,0.668,0.0002667703109408337,889.7119760026942,1.3821,-0.004198323502844863,6193.516727485866,2.63,0.005696644744010404,6151.416409002048,2.17486,0.007878543030862991,1032.7786173918744,1.77,-0.00035336706561473505,34376.82593744113,0.498,-0.002314266994290061,38625.03641524025
2018-07-31,2.96,-0.007018483629065446,4326.662889409754,0.42,-0.004543174468500743,2299.9186397957137,0.05,-0.0009557555600105923,989.8559805472764,0.732,-0.005554346176838348,884.7702076902963,1.4297,-0.00323465556856007,6173.482834114334,2.65,0.00045755466823623435,6154.231018296251,2.32413,-0.011340410986817706,1021.0664834122532,1.88,-0.008434544361884847,34086.873074050985,0.601,-0.009486316015139771,38258.627113709
2018-08-31,2.86,0.01104815383438567,4374.46452660148,0.35,0.007166721539468551,2316.401516250563,0.11,-0.005874380813252362,984.0411895672664,0.682,0.005396496395161599,889.5448669266433,1.408,0.0031932971228247893,6193.196599086319,2.52,0.013552605050070908,6237.636880674116,2.2258,0.010643457054873793,1031.9341606786224,1.76,0.0124423277711116,34510.993121530606,0.505,0.009774973339130294,38632.604173737236
2018-09-30,3.05,-0.013770504757727746,4314.225942025403,0.48,-0.012283261445788531,2287.9485508130365,0.134,-0.0022718036021211374,981.805641248172,0.808,-0.01141594622959025,879.3898705570007,1.5588,-0.012632809024236828,6114.959129200509,2.67,-0.01089303021383902,6169.690113669976,2.42253,-0.015395512543072615,1016.0470053642696,1.94,-0.01470032659911808,34003.67025138419,0.632,-0.011768139840699113,38177.970285410316
2018-10-31,3.15,-0.005918951029967199,4288.69024994234,0.39,0.009146255357093168,2308.874712502664,0.127,0.0008012628530615252,982.5923256374305,0.754,0.005823685966045019,884.5111610048456,1.431,0.013075172037799126,6194.913271818916,2.625,0.006131563268241125,6207.519958947385,2.48601,-0.003530035661065051,1012.4603232020154,1.96,-0.00017787010808205622,33997.62201488139,0.624,0.001294791846384027,38227.40281004735
2018-11-30,3.01,0.014551127115806872,4351.095526929574,0.33,0.006173950938468045,2323.1295917007246,0.097,0.0030658562904216373,985.604812499906,0.686,0.007136631499431325,890.8235912180712,1.43,0.0012846499798143266,6202.871567028509,2.59,0.005231188105832221,6239.992663523347,2.27924,0.020331677661667272,1033.0453401385862,1.83,0.013373992484803712,34452.30595620961,0.489,0.013572520558404445,38746.24502058113
2018-12-31,2.69,0.030199508665212482,4482.496473998251,0.24,0.009089405176446715,2344.2454578370857,0.013,0.008405195896258126,993.8890140252624,0.71,-0.0017225514534282263,889.2891017462704,1.3339,0.010090453486887717,6265.461354060749,2.315,0.02640069664373053,6404.73281689213,1.97946,0.028771524391471,1062.767629339879,1.79,0.005144765537705933,34629.55499258762,0.465,0.0027308219000731163,38852.05411502893
2019-01-31,2.63,0.007449133782682273,4515.887189913466,0.14,0.010044724546147488,2367.792757729617,0.006,0.0007047831202704869,994.5894902257697,0.556,0.015429898728289825,903.0107425263873,1.2531,0.008624316292032808,6319.496674493676,2.24,0.008565394997850934,6459.5918833245105,1.90197,0.008622698263363704,1071.9315539317472,1.76,0.0042105819427777896,34775.365571525836,0.382,0.008456825795606597,39180.61916848121
2019-02-28,2.73,-0.006444805836630799,4486.783173794345,0.15,-0.0008672947116359224,2365.7391835925882,-0.019,0.0024866217058132304,997.0626580405388,0.577,-0.0015578758838345297,901.603963867762,1.3366,-0.006686728933768284,6277.239913233487,2.1,0.014340926843903408,6552.2284179647395,1.9731100000000001,-0.004794010088007161,1066.7927032485452,1.77,0.000560816467192577,34794.86816919099,0.395,-0.0009446883729931948,39143.60569310607
2019-03-31,2.41,0.03035174041952235,4622.964852004032,-0.07,0.022021409608564538,2417.8360951815116,-0.082,0.00625842850083335,1003.3027033967364,0.32,0.02554680408480821,924.6370636947781,1.0945,0.023806336626048107,6426.677999690389,1.775,0.031182743421359044,6756.544875560271,1.6585200000000002,0.030301510362759704,1099.1181334009475,1.58,0.018851426817537594,35450.80108010836,0.179,0.021550763922232492,39987.18029846315
2019-04-30,2.51,-0.006722343244583041,4591.887695461218,0.03,-0.009959522109013914,2393.7556031355793,-0.045,-0.003746113709341744,999.5442173849223,0.365,-0.004112114472312826,920.8348502435219,1.2238,-0.011128042592286759,6355.161653182922,1.785,0.0005739981996530604,6760.423120154718,1.74045,-0.006050551439669868,1092.4678625965312,1.72,-0.011397123964721777,35046.76390554967,0.314,-0.01302187132263286,39466.47238206164
2019-05-31,2.14,0.03499370515872375,4752.574859598159,-0.2,0.023072659160408297,2448.985910280044,-0.092,0.004645741456267195,1004.1878413929996,0.211,0.01540928496071004,935.0242568526772,0.9775,0.024244109289981,6509.236886858185,1.455,0.0318585919522322,6975.800681764164,1.51532,0.022106884022752623,1116.618922933537,1.54,0.017928445408298348,35675.09789896784,0.108,0.02057554083038033,40278.51639598983
2019-06-30,2.0,0.014320002860366806,4820.631745181711,-0.31,0.010919795286229642,2475.728335079163,-0.156,0.006321860701672013,1010.5361770445988,-0.004,0.021501109153571132,955.1283154605034,0.9509,0.0033261757433558563,6530.88775269901,1.32,0.013722204216622675,7071.524043293788,1.48677,0.003886112857540454,1120.9582300869222,1.44,0.010493674107300986,36049.460750065664,0.032,0.007614120168920012,40585.20186005471
2019-07-31,2.02,-0.00012249793953470985,4820.041227725671,-0.42,0.010892310856209259,2502.6947377003708,-0.157,-3.0017785715800034e-05,1010.5058429861783,-0.179,0.017513684036682763,971.8561309919677,0.7313,0.021761582456799638,6673.0102050454725,1.185,0.013695697420743957,7168.373496894256,1.50995,-0.0008884521244422493,1119.9623123659906,1.37,0.007670107857031504,36325.96400220649,-0.132,0.0164023495091346,41250.8945258621
2019-08-31,1.5,0.049432163145391415,5058.306292062119,-0.7,0.02845530316630625,2573.909675194354,-0.275,0.01174012576464908,1022.3693086687487,-0.41,0.023254888304703437,994.4565367664271,0.5161,0.021387058170058232,6815.726262470172,0.89,0.028928439061458002,7375.743352768932,1.17025,0.032976567491404964,1156.8948251475574,1.13,0.023596725958382095,37183.13781994061,-0.361,0.02303181357465306,42200.97743836943
2019-09-30,1.68,-0.015129206370707112,4981.778132283264,-0.57,-0.01386579055415522,2538.2203827327953,-0.206,-0.007145634563122502,1015.0638312004496,-0.27,-0.01442216743034717,980.1143180909785,0.5092,0.0010965178725619886,6823.19982813146,1.01,-0.01055470302274328,7297.894572108483,1.3817599999999999,-0.01856305151786872,1135.4193269075874,1.22,-0.007440548658251563,36906.47487372487,-0.261,-0.010353594592160259,41764.04562657965
2019-10-31,1.69,0.000490501580506718,4984.221702330883,-0.42,-0.015680423894830816,2498.4200111930454,-0.139,-0.00686417859755782,1008.0962517751684,-0.096,-0.017566577215029047,962.8970642426777,0.653,-0.013362152038386891,6732.027194639672,1.14,-0.011315304662275002,7215.316671631912,1.43546,-0.0037956215253797006,1131.1097048700449,1.36,-0.011930101840447516,36466.17686990941,-0.118,-0.014485861860903079,41159.057430880566
2019-11-30,1.78,-0.006740227339917426,4950.6269149446225,-0.37,-0.00540518474616573,2484.9155894590294,-0.075,-0.006487359472352368,1001.5563690071718,-0.043,-0.00534762265084868,957.747854091498,0.7387,-0.007636049648702582,6680.621100744988,1.04,0.010349253367871285,7289.989811996056,1.4862900000000001,-0.0034744635104433648,1127.1797054741655,1.39,-0.0016367647041545114,36406.49031871329,0.019,-0.013670731642635681,40596.38300207917
2019-12-31,1.92,-0.011103583290773714,4895.657216652989,-0.19,-0.01833620188496219,2439.351675543619,-0.015,-0.006017150975862563,995.529853124019,0.122,-0.01629482324795893,942.141522092965,0.9129,-0.015864475148114402,6574.636553318251,1.37,-0.029635270373624803,7073.948992896583,1.7244599999999999,-0.020385460477575855,1104.2016281370963,1.55,-0.013496595265871474,35915.12665383075,0.153,-0.013167195579017903,40061.84248729008
2020-01-31,1.51,0.03922911647020117,5087.70952380325,-0.42,0.023156649972074044,2495.838888452975,-0.061,0.00456369168787593,1000.0731444397535,-0.182,0.030536001044906502,970.9107565960456,0.6128,0.029591644742942094,6769.190862518006,0.96,0.03983619768732989,7355.748223407699,1.2928600000000001,0.04148609429467771,1150.0106410023286,1.32,0.02260449607276469,36726.96999323011,-0.046,0.019909025686076495,40859.43473840109
2020-02-29,1.13,0.03681217721188276,5274.999188396079,-0.61,0.019103804467188585,2543.5189065595855,-0.153,0.009145608102477665,1009.219421492612,-0.293,0.011025618435644197,981.6156481333362,0.5035,0.011070477860710588,6844.129040096436,0.81,0.015065538149347723,7466.566528884444,1.14765,0.014651437865804515,1166.8599504539882,1.12,0.019822072833915027,37454.97466740493,-0.277,0.023203012821237073,41807.49672650471
2020-03-31,0.7,0.042067511306986875,5496.905276398277,-0.47,-0.014737410370996296,2506.034024647229,0.031,-0.01834473910676165,990.7055545038531,-0.006,-0.028713895952584844,953.4296385474064,0.419,0.008619054866683766,6903.118963807691,0.77,0.004486947945256522,7500.068624229343,0.78421,0.035566519445948123,1208.3610975725078,0.84,0.027521467739994525,38485.790544416224,-0.136,-0.014312868101814244,41209.11154019122
2020-04-30,0.64,0.006339535860030618,5531.753104517196,-0.5,0.0026622372456221025,2512.7056817664416,-0.036,0.0066824741490160685,997.3259187611118,-0.105,0.009866395207893041,962.8365521642337,0.325,0.009514893597985451,6968.801406242556,0.89,-0.010724139053248522,7419.636845394201,0.55198,0.023034001499173565,1236.194488905536,0.61,0.022799502540316118,39363.247423699715,-0.104,-0.0033039207995212774,41072.95989944379
2020-05-31,0.65,-0.00042554085041884523,5529.399117596793,-0.4,-0.010542972354408753,2486.2142952288123,0.009,-0.004490408888019573,992.8475175912546,-0.078,-0.002775908286137589,960.1638062008848,0.2292,0.00965853146898288,7036.109793925843,0.89,0.0007416666666666666,7425.139742721202,0.55058,0.0005949140021707408,1236.9299183163923,0.57,0.0043596429269792125,39534.85712691338,-0.026,-0.00783215106321099,40751.27027289814
2020-06-30,0.66,-0.0004167149686603547,5527.094934216793,-0.49,0.008823558900556491,2508.1515535021695,0.042,-0.003257852333866156,989.6129669888968,-0.119,0.004026142522879343,964.0295625299599,0.2074,0.0023296562325160787,7052.501510959931,0.87,0.0026379061270054554,7444.726564342398,0.54369,0.001123103967033939,1238.3191192145964,0.6,-0.0024090267980525527,39439.61659663747,-0.06,0.0033605595023854825,40888.217341448006
2020-07-31,0.55,0.011152012039764741,5588.733163468102,-0.57,0.007765486494864648,2527.6285705179644,0.018,0.00241277021071639,992.0006756757863,-0.201,0.008118254617825433,971.8557999776889,0.1702,0.00382933343831553,7079.50789081962,0.82,0.005477744884740867,7485.50687719852,0.48202999999999996,0.006416835813518348,1246.2652096873371,0.55,0.005319096381711186,39649.39971857272,-0.075,0.0014433264388325985,40947.23238657365
2020-08-31,0.72,-0.01578404119139543,5500.520369008204,-0.39,-0.018692781526431942,2480.3801618693046,0.056,-0.003742364722520418,988.2882473424208,-0.094,-0.010830460376670027,961.3301542441936,0.3763,-0.01990127490906419,6938.616658063529,0.98,-0.014401563448297164,7377.7038749638805,0.66394,-0.017028700217143016,1225.0429330405166,0.78,-0.021449136344521728,38798.95433803061,0.037,-0.011147791981442036,40490.76115771236
2020-09-30,0.69,0.0034707183619816055,5519.611126053374,-0.56,0.01703521681585931,2522.6339757125047,0.027,0.0029184598296831117,991.1725268924378,-0.241,0.014683760429125517,975.4460959224095,0.2774,0.00998088662021659,7007.870204228808,0.84,0.014110733869997262,7481.808690915143,0.59694,0.006995290467968719,1233.6124641928673,0.6,0.017954160788315538,39495.55700263413,-0.12,0.015697733659659006,41126.374342043
2020-10-31,0.88,-0.017430063652020038,5423.403952791866,-0.63,0.006708090464753351,2539.5560326310447,0.041,-0.0013628730811467236,989.8216845367639,-0.342,0.009995649157330182,985.1963128691373,0.3074,-0.002696730500773685,6988.971866903601,0.83,0.0016500624277760662,7494.15414232783,0.71335,-0.01062855083563764,1220.5009514057172,0.69,-0.008112155085944706,39175.162919022994,-0.057,-0.0063660857984158105,40864.56031440378
2020-11-30,0.84,0.004531638248570583,5447.980857581786,-0.59,-0.004616220684916741,2527.832881542708,0.034,0.0007271055992462677,990.5413894258459,-0.328,-0.0016973364452832688,983.5241032615459,0.3639,-0.005241948936527021,6952.336033258468,0.9,-0.0059349979421713175,7449.6763529148,0.73295,-0.001276948148562321,1218.942434975501,0.84,-0.013668643432139908,38639.69158568688,0.0161,-0.007290508234520398,40566.63690093157
2020-12-31,0.93,-0.007806945335466254,5405.448768837979,-0.56,-0.003555234340053558,2518.845843276331,0.035,-7.06527907680856e-05,990.4714049123116,-0.341,0.001039016367532911,984.5460009026978,0.2513,0.011324594762411678,7031.068421487233,0.97,-0.005853011632237754,7406.073310564783,0.73578,0.00034062270839718787,1219.3576344490828,0.96,-0.010625228591413606,38229.13602988724,0.0264,-0.0010065969002738143,40525.80264997255
2021-01-31,1.11,-0.016083442782797133,5318.5105428490315,-0.54,-0.002506894465103489,2512.531362573373,0.056,-0.0020472717326209503,988.4436408030653,-0.263,-0.008126141714958316,976.545440574467,0.4196,-0.01612109586277218,6917.719893446726,1.09,-0.010442077146539408,7328.738521702939,0.9292999999999999,-0.01767932705777759,1197.8002120292595,1.06,-0.008589678547117252,37900.76004025649,0.1047,-0.007700568686852282,40213.73092307662
2021-02-28,1.44,-0.029469124554093406,5161.778693219554,-0.27,-0.02760525147281239,2443.1723024762073,0.168,-0.010963407943367004,977.6069299399143,-0.011,-0.02522348958683352,951.9135568230671,0.8767,-0.04297403706301087,6620.437542354219,1.87,-0.06939455013271718,6820.164008949048,1.3991500000000001,-0.04258985557981931,1146.7860739854564,1.47,-0.036821861955230864,36505.18348605584,0.4157,-0.030095829252165234,39003.46534362319
2021-03-31,1.74,-0.026016475458102796,5027.487404527249,-0.27,-0.00022500000000000002,2442.62258870815,0.104,0.00645241860445253,983.9148590825004,-0.052,0.004067699166029508,955.7856548042885,0.9108,-0.0024957674727955413,6603.914469680337,1.74,0.013352139365177878,6911.2277892899065,1.6270799999999999,-0.019629973231776725,1124.2746940505476,1.5,-0.001529740181464932,36449.34004004547,0.4038,0.0015020418902955534,39062.050182436
2021-04-30,1.65,0.009651973024155373,5076.012577335026,-0.21,-0.006240578426046054,2427.379210878085,0.095,0.000974765875663018,984.8739457116917,0.162,-0.021086992871505,935.6310095147437,0.9139,0.0004657418456244692,6606.990188993792,1.65,0.009651973024155373,6977.934773475925,1.64249,-4.89909603526783e-05,1124.2196147535858,1.46,0.0049304145333757534,36629.05039591086,0.3948,0.0012109086769858494,39109.35075794277
2021-05-31,1.58,0.007776841459092727,5115.487922393321,-0.17,-0.004177006518595169,2417.2400320911447,0.084,0.001165242156886218,986.0215623524538,0.174,-0.0010442835703581251,934.6539454235899,0.8741,0.00453430859300354,6636.9483213816375,1.61,0.005027669921241802,7013.0175262489165,1.5814000000000001,0.006955325971193299,1132.0389286374061,1.5,-0.0024563202419531686,36539.07771797986,0.455,-0.005501672982579665,38894.18389951156
2021-06-30,1.45,0.013284059626573787,5183.442368973412,-0.23,0.005880209853482072,2431.4539107460782,0.07,0.0014532845687740125,987.454532273499,0.134,0.00408411711464634,938.4711815983661,0.8229,0.005594504815746517,6674.078760727467,1.49,0.01236619214661592,7099.741848506095,1.46915,0.011641223352024537,1145.2172466488605,1.36,0.01419676850711407,37057.81454580547,0.3328,0.012289804870046009,39372.18583021624
2021-07-31,1.24,0.020746986522765708,5290.983177944036,-0.47,0.024201036826469714,2490.297616381908,0.022,0.004812883530291918,992.2070359287902,-0.103,0.02374072173814461,960.7511647799607,0.6471,0.017545270429861162,6791.1772774546225,1.14,0.03397197409074035,7340.934094634489,1.29426,0.017451539583712438,1165.2030507607033,1.205,0.015580372590581107,37635.18910382178,0.1064,0.022604729120008975,40262.183425770934
2021-08-31,1.3,-0.004532174028362032,5267.003521400457,-0.46,-0.0014074949869859897,2486.7925349707475,0.03,-0.0007737617687211353,991.4393040577324,-0.026,-0.007732016647870703,953.3226207794208,0.7103,-0.005502098033212324,6753.8115543131435,1.12,0.002822207283391436,7361.651732303263,1.32,-0.001306633603969443,1163.6805572991316,1.274,-0.005404610724945053,37431.785557155934,0.1685,-0.006015868066205758,40019.971442224116
2021-09-30,1.52,-0.01909771239861268,5166.4158029462715,-0.24,-0.022475106394215724,2430.901608166939,0.081,-0.005011226415591094,986.4709772277831,0.159,-0.01821644861468671,935.956468244774,1.0313,-0.029593070227466513,6553.94553468328,1.49,-0.0330589535631769,7118.283229536769,1.5676599999999998,-0.021563807746945652,1138.5871734826744,1.601,-0.028812450346357005,36353.28409441489,0.3997,-0.022316485757480218,39126.86631951896
2021-10-31,1.55,-0.001481132445684235,5158.763656872632,-0.14,-0.010189345545657891,2406.1323116938306,0.101,-0.0019054384080998668,984.5913175392975,0.28,-0.011693447597118635,925.0119103301695,1.0507,-0.000963044384277413,6547.633794241244,2.09,-0.052246110037613286,6746.380620647494,1.7676399999999999,-0.016810955250599273,1119.4464354603508,1.693,-0.0070319567046028516,36097.64937459284,0.3682,0.0033977231805707047,39259.80858019587
2021-11-30,1.43,0.012349664244394074,5222.472655951192,-0.4,0.026211728121462982,2469.2011976722165,0.067,0.0034440962522190905,987.9823448060021,0.013,0.02669291433691592,949.7031740132396,0.841,0.020787177695901174,6683.740621409825,1.69,0.038121603446395064,7003.563467366263,1.6270699999999998,0.014298398892811441,1135.4527271336988,1.473,0.021639823587725288,36878.79613899059,0.1441,0.022364164214669212,40137.821386319854
2021-12-31,1.52,-0.007064215678220389,5185.579982735944,-0.23,-0.017395316807088317,2426.2486605782665,0.089,-0.002115753068145742,985.892018128705,0.194,-0.01775824521579157,932.8381121668968,1.013,-0.015488152744969548,6580.2218257576715,1.67,0.0032291607841029467,7026.179099864057,1.4908599999999999,0.01386910340410469,1151.2004384167888,1.707,-0.020036581548518888,36139.8711327405,0.2347,-0.008755522232022715,39786.393798826975
2022-01-31,1.79,-0.023166750712848766,5065.446943974362,-0.07,-0.01611632820016825,2387.1464408691686,0.177,-0.008572566593330652,977.4403931494636,0.427,-0.02243819068259351,911.9069127301054,1.3348,-0.028952909723427324,6389.705257276383,1.88,-0.01752655438784069,6903.034389731581,1.8402100000000001,-0.030292235596550074,1116.3280035174157,1.973,-0.022429332489959812,35329.27794695996,0.4038,-0.016225948205795954,39140.82183375181
2022-02-28,1.83,-0.0021208438414781505,5054.703922018899,0.15,-0.021705483655990294,2335.332272812427,0.191,-0.0012271177785678437,976.2409586655396,0.616,-0.017798590208280007,895.6762552823245,1.4233,-0.007045703019267151,6344.685291652964,2.13,-0.020675518026185773,6760.310577771305,1.91693,-0.005365181765853977,1110.3387008682319,2.054,-0.005589661887674737,35131.79922850077,0.5413,-0.012921953874179787,38635.04593941858
2022-03-31,2.32,-0.04165976685360362,4844.126135113595,0.57,-0.040313750733281625,2241.186269686879,0.218,-0.002488172221952566,973.8119030302556,0.985,-0.03426733416813369,864.9838177361025,1.6696,-0.021237857930180102,6209.9377668171355,2.84,-0.05921338824748487,6360.0096828561545,2.4066,-0.04137334899798404,1064.4002702912424,2.53,-0.039805301698225826,33733.3673610088,1.211,-0.06195042692914809,36241.58834904435
2022-04-30,2.89,-0.046909221676311404,4616.891948413539,0.82,-0.02328872442370389,2188.991900269952,0.22,-1.441217676142689e-05,973.7978682809768,1.463,-0.043153454534492534,827.6567778843558,1.9376,-0.02268241326573902,6069.081392035669,3.12,-0.021357755819574737,6224.174149039582,2.8804,-0.03861291977097513,1023.3006680502824,2.72,-0.014309040304280641,33250.67524784102,1.7021,-0.04362913662201868,34660.399139564935
2022-05-31,2.85,0.005842612943432345,4643.866661069768,1.07,-0.022778907391076943,2139.1290564938854,0.246,-0.002362258757348725,971.4975057387425,1.645,-0.01537121974227295,814.9346836803138,2.1072,-0.013491585642760082,5987.199860662137,3.35,-0.016670953071865773,6120.411233889823,2.92772,-0.001646966160283818,1021.6153264782077,2.674,0.006250410928679201,33458.505631796084,1.5563,0.014768478449970002,35172.28049732496
2022-06-30,2.98,-0.008715526806415646,4603.392916699795,1.43,-0.03228232606651556,2070.072994793792,0.242,0.0005967107390303265,972.0772087333579,1.957,-0.026628140014720567,793.2344888204224,2.2806,-0.013556040437678975,5906.037137242535,3.66,-0.02279541890978262,5980.893895913165,3.23073,-0.023096110029760874,998.019986489777,2.999,-0.02547221940607519,32606.24323534357,1.7276,-0.014253374757023577,34670.95680233743
2022-07-31,2.67,0.029335595775267172,4738.436190498828,0.9,0.05136498441929734,2176.4022619181833,0.185,0.005800067196393821,977.7153218640943,1.385,0.054460734151257156,836.4346214356797,1.9637,0.030329675517119542,6085.16532720716,3.06,0.054037200649485584,6304.084659429908,2.63442,0.054435410720248247,1052.3476143613645,2.823,0.017630037687440706,33181.092532428534,1.4104,0.030698625316902088,35735.30751459089
2022-08-31,3.15,-0.038385964943842533,4556.546745001706,1.51,-0.05523478304103105,2056.1891551711233,0.235,-0.0047439942373074355,973.0770460114439,2.15,-0.06683914754595179,780.5280443609979,2.9196,-0.08015464728833036,5597.4110467136925,3.6,-0.04215033358168335,6038.365388107765,3.0911999999999997,-0.03656210053270707,1013.87157508973,3.314,-0.03885880264663886,31891.71500611103,1.9677,-0.048810187322387705,33991.06046078058
2022-09-30,3.83,-0.053043909373740136,4314.849692402625,2.11,-0.052176138929284105,1948.9051441460274,0.277,-0.0039096787859306875,969.2726273275769,2.721,-0.04754443369368319,743.4182805098162,4.163,-0.09774846331954846,5050.272718329564,3.9,-0.021477373213182886,5908.677161069809,3.15094,-0.0024781413336635535,1011.3590580324735,3.292,0.004610177284500976,32038.741466195985,2.2488,-0.023221957307675452,33201.72150591772
2022-10-31,4.1,-0.01862794896522994,4234.472892539911,2.18,-0.004453991665792274,1940.2247368765813,0.253,0.0025797585283868084,971.7731166542571,2.685,0.005383524326910827,747.4204909080111,3.6952,0.0420154166374043,5262.462030722697,3.76,0.014749904824405326,5995.829586833725,3.27168,-0.007529208666373487,1003.74432464792,3.476,-0.012579514875312156,31635.709641335692,2.192,0.006911848682239998,33431.20678095649
2022-11-30,3.68,0.038049616238940806,4395.592961075253,1.94,0.023372657687712996,1985.5729454888306,0.276,-0.0020375397343738656,969.7930903162778,2.407,0.026632792990779582,767.3263861194309,3.3672,0.030538448379143667,5423.169455795126,3.53,0.022236896587172327,6129.158229310456,2.93911,0.031155384962900916,1035.016365486653,3.107,0.034181908229490195,32717.07856507063,1.861,0.03167378096826592,34490.09950204131
2022-12-31,3.88,-0.013267257796374382,4337.275496092739,2.53,-0.049843441180574086,1886.605157170619,0.454,-0.01701108539297986,953.2958572433857,3.113,-0.05783404077371683,722.948800617851,3.7992,-0.03261254698739133,5246.306087097421,4.05,-0.039181894481790165,5889.006198307417,3.3,-0.02786208700577773,1006.1786494590601,3.197,-0.005007965803580403,32553.232554423703,2.46,-0.050875388688315926,32735.402283976266
2023-01-31,3.52,0.033149032502460596,4481.0519824848425,,,,,,,,,,,,,,,,,,,,,,,,
2023-02-28,3.92,-0.029671856315578338,4348.090851917915,,,,,,,,,,,,,,,,,,,,,,,,
2023-03-31,3.48,0.039901162963553505,4521.5847335806275,,,,,,,,,,,,,,,,,,,,,,,,
2023-04-30,3.44,0.0062368688819522955,4549.7852647026075,,,,,,,,,,,,,,,,,,,,,,,,
2023-05-31,3.64,-0.01365706898012009,4487.64853349783,,,,,,,,,,,,,,,,,,,,,,,,
2023-06-30,3.81,-0.010897283023889814,4438.745357316559,,,,,,,,,,,,,,,,,,,,,,,,
2023-07-31,3.97,-0.009835843548413159,4395.086552430748,,,,,,,,,,,,,,,,,,,,,,,,
2023-08-31,4.09,-0.006393910180031215,4366.984763781043,,,,,,,,,,,,,,,,,,,,,,,,
2023-09-30,4.59,-0.036067837816433745,4209.47706557415,,,,,,,,,,,,,,,,,,,,,,,,
2023-10-31,4.88,-0.01876020420894342,4130.506416211116,,,,,,,,,,,,,,,,,,,,,,,,
2023-11-30,4.37,0.04475455050618371,4315.365374231552,,,,,,,,,,,,,,,,,,,,,,,,
2023-12-31,3.88,0.043659781601117276,4503.773283999525,,,,,,,,,,,,,,,,,,,,,,,,
2024-01-31,3.99,-0.005703053475099584,4478.088024121151,,,,,,,,,,,,,,,,,,,,,,,,
2024-02-29,4.25,-0.017536621474928182,4399.557489510729,,,,,,,,,,,,,,,,,,,,,,,,
2024-03-31,4.2,0.007563090297223685,4432.831740071726,,,,,,,,,,,,,,,,,,,,,,,,
2024-04-30,4.69,-0.035004282441321255,4277.6636458274015,,,,,,,,,,,,,,,,,,,,,,,,
2024-05-31,4.51,0.01817367954400617,4355.404534123714,,,,,,,,,,,,,,,,,,,,,,,,
2024-06-30,4.36,0.015731046931362958,4423.919607255086,,,,,,,,,,,,,,,,,,,,,,,,
2024-07-31,4.09,0.02546338123840375,4536.567558782672,,,,,,,,,,,,,,,,,,,,,,,,
2024-08-31,3.91,0.01808771053243574,4618.623679596772,,,,,,,,,,,,,,,,,,,,,,,,
2024-09-30,3.81,0.011452813543464613,4671.519915426624,,,,,,,,,,,,,,,,,,,,,,,,
2024-10-31,4.28,-0.03448254750788915,4510.434008008875,,,,,,,,,,,,,,,,,,,,,,,,
2024-11-30,4.18,0.011617191088970635,4562.832581774106,,,,,,,,,,,,,,,,,,,,,,,,
2024-12-31,4.58,-0.028112546719844533,4434.559737644153,,,,,,,,,,,,,,,,,,,,,,,,
2025-01-31,4.58,0.0038166666666668014,4451.484973976162,,,,,,,,,,,,,,,,,,,,,,,,
2025-02-28,4.24,0.03111025042115667,4589.971786262577,,,,,,,,,,,,,,,,,,,,,,,,
2025-03-31,4.23,0.004336468466742183,4609.876054176941,,,,,,,,,,,,,,,,,,,,,,,,
2025-04-30,4.17,0.008357620183420789,4648.403647330398,,,,,,,,,,,,,,,,,,,,,,,,
2025-05-31,4.41,-0.015635892736379775,4575.721706505343,,,,,,,,,,,,,,,,,,,,,,,,
2025-06-30,4.24,0.01732179187724503,4654.981405593621,,,,,,,,,,,,,,,,,,,,,,,,
2025-07-31,4.37,-0.006838088037523948,4623.150232929135,,,,,,,,,,,,,,,,,,,,,,,,
2025-08-31,4.23,0.014885558534390109,4691.968406334681,,,,,,,,,,,,,,,,,,,,,,,,
2025-09-30,4.16,0.009165748520151729,4734.973808811642,,,,,,,,,,,,,,,,,,,,,,,,
2025-10-31,4.11,0.007505405657941555,4770.511708026502,,,,,,,,,,,,,,,,,,,,,,,,
2025-11-30,4.02,0.010726091917246272,4821.680655099093,,,,,,,,,,,,,,,,,,,,,,,,
2025-12-31,4.18,-0.009530839075686304,4775.725992700994,,,,,,,,,,,,,,,,,,,,,,,,
2026-01-31,4.26,-0.002932569972863286,4761.720842056176,,,,,,,,,,,,,,,,,,,,,,,,
2026-02-28,3.97,0.027132153931498815,4890.91658492167,,,,,,,,,,,,,,,,,,,,,,,,
2026-03-31,4.3,-0.02310691157773692,4777.902607859798,,,,,,,,,,,,,,,,,,,,,,,,
2026-04-30,4.4,-0.004383320854940198,4756.959527715893,,,,,,,,,,,,,,,,,,,,,,,,
2026-05-31,4.45,-0.00030721786753051816,4755.4981047538595,,,,,,,,,,,,,,,,,,,,,,,,
2026-06-30,4.44,0.0045034874239151534,4776.914430663071,,,,,,,,,,,,,,,,,,,,,,,,
2026-07-31,4.75,-0.020591005948985774,4678.552957203491,,,,,,,,,,,,,,,,,,,,,,,,
2026-08-31,4.75,0.003958333333333286,4697.072229325755,,,,,,,,,,,,,,,,,,,,,,,,
